2026-05-25 14:00:22,859 INFO games.zelda.policy: ZeldaPolicy initialized | [zelda_opening] 1/4: get_wooden_sword
2026-05-25 14:00:22,965 INFO __main__: Detected region: x=30, y=348, w=879, h=672
2026-05-25 14:00:22,965 INFO __main__: Detected 'RetroArch QuickNES 1.0-WIP 7178256' at region (30, 348, 879, 672)
2026-05-25 14:00:22,969 INFO __main__: ScreenCapture region: (30, 348, 879, 672)
2026-05-25 14:00:22,969 INFO __main__: Starting loop at 30 FPS
2026-05-25 14:00:23,015 INFO __main__: state={'hearts_full': 0, 'hearts_half': 0, 'health_ratio': 0.0, 'link_pos': [824, 488]}
2026-05-25 14:00:23,015 WARNING games.zelda.policy: Low health | health_ratio=0.00 | task=Task(name='get_wooden_sword')
2026-05-25 14:00:23,110 INFO __main__: state={'hearts_full': 0, 'hearts_half': 0, 'health_ratio': 0.0, 'link_pos': [824, 488]}
2026-05-25 14:00:23,110 WARNING games.zelda.policy: Low health | health_ratio=0.00 | task=Task(name='get_wooden_sword')
2026-05-25 14:00:23,157 INFO __main__: state={'hearts_full': 0, 'hearts_half': 0, 'health_ratio': 0.0, 'link_pos': [824, 488]}
2026-05-25 14:00:23,157 WARNING games.zelda.policy: Low health | health_ratio=0.00 | task=Task(name='get_wooden_sword')
2026-05-25 14:00:23,189 INFO __main__: state={'hearts_full': 0, 'hearts_half': 0, 'health_ratio': 0.0, 'link_pos': [824, 488]}
2026-05-25 14:00:23,190 WARNING games.zelda.policy: Low health | health_ratio=0.00 | task=Task(name='get_wooden_sword')
2026-05-25 14:00:23,240 INFO __main__: state={'hearts_full': 0, 'hearts_half': 0, 'health_ratio': 0.0, 'link_pos': [824, 488]}
2026-05-25 14:00:23,240 WARNING games.zelda.policy: Low health | health_ratio=0.00 | task=Task(name='get_wooden_sword')
2026-05-25 14:00:23,290 INFO __main__: state={'hearts_full': 0, 'hearts_half': 0, 'health_ratio': 0.0, 'link_pos': [824, 488]}
2026-05-25 14:00:23,290 WARNING games.zelda.policy: Low health | health_ratio=0.00 | task=Task(name='get_wooden_sword')
2026-05-25 14:00:23,340 INFO __main__: state={'hearts_full': 0, 'hearts_half': 0, 'health_ratio': 0.0, 'link_pos': [824, 488]}
2026-05-25 14:00:23,340 WARNING games.zelda.policy: Low health | health_ratio=0.00 | task=Task(name='get_wooden_sword')
2026-05-25 14:00:23,373 INFO __main__: state={'hearts_full': 0, 'hearts_half': 0, 'health_ratio': 0.0, 'link_pos': [824, 488]}
2026-05-25 14:00:23,373 WARNING games.zelda.policy: Low health | health_ratio=0.00 | task=Task(name='get_wooden_sword')
2026-05-25 14:00:23,423 INFO __main__: state={'hearts_full': 0, 'hearts_half': 0, 'health_ratio': 0.0, 'link_pos': [824, 488]}
2026-05-25 14:00:23,423 WARNING games.zelda.policy: Low health | health_ratio=0.00 | task=Task(name='get_wooden_sword')
2026-05-25 14:00:23,456 INFO __main__: state={'hearts_full': 0, 'hearts_half': 0, 'health_ratio': 0.0, 'link_pos': [824, 488]}
2026-05-25 14:00:23,456 WARNING games.zelda.policy: Low health | health_ratio=0.00 | task=Task(name='get_wooden_sword')
2026-05-25 14:00:23,505 INFO __main__: state={'hearts_full': 0, 'hearts_half': 0, 'health_ratio': 0.0, 'link_pos': [824, 488]}
2026-05-25 14:00:23,506 WARNING games.zelda.policy: Low health | health_ratio=0.00 | task=Task(name='get_wooden_sword')
2026-05-25 14:00:23,556 INFO __main__: state={'hearts_full': 0, 'hearts_half': 0, 'health_ratio': 0.0, 'link_pos': [824, 488]}
2026-05-25 14:00:23,557 WARNING games.zelda.policy: Low health | health_ratio=0.00 | task=Task(name='get_wooden_sword')
2026-05-25 14:00:23,606 INFO __main__: state={'hearts_full': 0, 'hearts_half': 0, 'health_ratio': 0.0, 'link_pos': [824, 488]}
2026-05-25 14:00:23,606 WARNING games.zelda.policy: Low health | health_ratio=0.00 | task=Task(name='get_wooden_sword')
2026-05-25 14:00:23,655 INFO __main__: state={'hearts_full': 0, 'hearts_half': 0, 'health_ratio': 0.0, 'link_pos': [824, 488]}
2026-05-25 14:00:23,655 WARNING games.zelda.policy: Low health | health_ratio=0.00 | task=Task(name='get_wooden_sword')
2026-05-25 14:00:23,689 INFO __main__: state={'hearts_full': 0, 'hearts_half': 0, 'health_ratio': 0.0, 'link_pos': [824, 488]}
2026-05-25 14:00:23,689 WARNING games.zelda.policy: Low health | health_ratio=0.00 | task=Task(name='get_wooden_sword')
2026-05-25 14:00:23,739 INFO __main__: state={'hearts_full': 0, 'hearts_half': 0, 'health_ratio': 0.0, 'link_pos': [824, 488]}
2026-05-25 14:00:23,739 WARNING games.zelda.policy: Low health | health_ratio=0.00 | task=Task(name='get_wooden_sword')
2026-05-25 14:00:23,788 INFO __main__: state={'hearts_full': 0, 'hearts_half': 0, 'health_ratio': 0.0, 'link_pos': [824, 488]}
2026-05-25 14:00:23,789 WARNING games.zelda.policy: Low health | health_ratio=0.00 | task=Task(name='get_wooden_sword')
2026-05-25 14:00:23,839 INFO __main__: state={'hearts_full': 0, 'hearts_half': 0, 'health_ratio': 0.0, 'link_pos': [824, 488]}
2026-05-25 14:00:23,839 WARNING games.zelda.policy: Low health | health_ratio=0.00 | task=Task(name='get_wooden_sword')
2026-05-25 14:00:23,888 INFO __main__: state={'hearts_full': 0, 'hearts_half': 0, 'health_ratio': 0.0, 'link_pos': [824, 488]}
2026-05-25 14:00:23,888 WARNING games.zelda.policy: Low health | health_ratio=0.00 | task=Task(name='get_wooden_sword')
2026-05-25 14:00:23,922 INFO __main__: state={'hearts_full': 0, 'hearts_half': 0, 'health_ratio': 0.0, 'link_pos': [824, 488]}
2026-05-25 14:00:23,923 WARNING games.zelda.policy: Low health | health_ratio=0.00 | task=Task(name='get_wooden_sword')
2026-05-25 14:00:23,971 INFO __main__: state={'hearts_full': 0, 'hearts_half': 0, 'health_ratio': 0.0, 'link_pos': [824, 488]}
2026-05-25 14:00:23,971 WARNING games.zelda.policy: Low health | health_ratio=0.00 | task=Task(name='get_wooden_sword')
2026-05-25 14:00:24,022 INFO __main__: state={'hearts_full': 0, 'hearts_half': 0, 'health_ratio': 0.0, 'link_pos': [824, 488]}
2026-05-25 14:00:24,022 WARNING games.zelda.policy: Low health | health_ratio=0.00 | task=Task(name='get_wooden_sword')
2026-05-25 14:00:24,071 INFO __main__: state={'hearts_full': 0, 'hearts_half': 0, 'health_ratio': 0.0, 'link_pos': [824, 488]}
2026-05-25 14:00:24,071 WARNING games.zelda.policy: Low health | health_ratio=0.00 | task=Task(name='get_wooden_sword')
2026-05-25 14:00:24,106 INFO __main__: state={'hearts_full': 0, 'hearts_half': 0, 'health_ratio': 0.0, 'link_pos': [824, 488]}
2026-05-25 14:00:24,106 WARNING games.zelda.policy: Low health | health_ratio=0.00 | task=Task(name='get_wooden_sword')
2026-05-25 14:00:24,138 INFO __main__: state={'hearts_full': 0, 'hearts_half': 0, 'health_ratio': 0.0, 'link_pos': [824, 488]}
2026-05-25 14:00:24,138 WARNING games.zelda.policy: Low health | health_ratio=0.00 | task=Task(name='get_wooden_sword')
2026-05-25 14:00:24,189 INFO __main__: state={'hearts_full': 0, 'hearts_half': 0, 'health_ratio': 0.0, 'link_pos': [824, 488]}
2026-05-25 14:00:24,189 WARNING games.zelda.policy: Low health | health_ratio=0.00 | task=Task(name='get_wooden_sword')
2026-05-25 14:00:24,238 INFO __main__: state={'hearts_full': 0, 'hearts_half': 0, 'health_ratio': 0.0, 'link_pos': [824, 488]}
2026-05-25 14:00:24,238 WARNING games.zelda.policy: Low health | health_ratio=0.00 | task=Task(name='get_wooden_sword')
2026-05-25 14:00:24,272 INFO __main__: state={'hearts_full': 0, 'hearts_half': 0, 'health_ratio': 0.0, 'link_pos': [824, 488]}
2026-05-25 14:00:24,272 WARNING games.zelda.policy: Low health | health_ratio=0.00 | task=Task(name='get_wooden_sword')
2026-05-25 14:00:24,322 INFO __main__: state={'hearts_full': 0, 'hearts_half': 0, 'health_ratio': 0.0, 'link_pos': [824, 488]}
2026-05-25 14:00:24,322 WARNING games.zelda.policy: Low health | health_ratio=0.00 | task=Task(name='get_wooden_sword')
2026-05-25 14:00:24,356 INFO __main__: state={'hearts_full': 0, 'hearts_half': 0, 'health_ratio': 0.0, 'link_pos': [824, 488]}
2026-05-25 14:00:24,356 WARNING games.zelda.policy: Low health | health_ratio=0.00 | task=Task(name='get_wooden_sword')
2026-05-25 14:00:24,405 INFO __main__: state={'hearts_full': 0, 'hearts_half': 0, 'health_ratio': 0.0, 'link_pos': [824, 488]}
2026-05-25 14:00:24,405 WARNING games.zelda.policy: Low health | health_ratio=0.00 | task=Task(name='get_wooden_sword')
2026-05-25 14:00:24,455 INFO __main__: state={'hearts_full': 0, 'hearts_half': 0, 'health_ratio': 0.0, 'link_pos': [824, 488]}
2026-05-25 14:00:24,456 WARNING games.zelda.policy: Low health | health_ratio=0.00 | task=Task(name='get_wooden_sword')
2026-05-25 14:00:24,505 INFO __main__: state={'hearts_full': 0, 'hearts_half': 0, 'health_ratio': 0.0, 'link_pos': [824, 488]}
2026-05-25 14:00:24,505 WARNING games.zelda.policy: Low health | health_ratio=0.00 | task=Task(name='get_wooden_sword')
2026-05-25 14:00:24,539 INFO __main__: state={'hearts_full': 0, 'hearts_half': 0, 'health_ratio': 0.0, 'link_pos': [824, 488]}
2026-05-25 14:00:24,540 WARNING games.zelda.policy: Low health | health_ratio=0.00 | task=Task(name='get_wooden_sword')
2026-05-25 14:00:24,572 INFO __main__: state={'hearts_full': 0, 'hearts_half': 0, 'health_ratio': 0.0, 'link_pos': [824, 488]}
2026-05-25 14:00:24,572 WARNING games.zelda.policy: Low health | health_ratio=0.00 | task=Task(name='get_wooden_sword')
2026-05-25 14:00:24,605 INFO __main__: state={'hearts_full': 0, 'hearts_half': 0, 'health_ratio': 0.0, 'link_pos': [824, 488]}
2026-05-25 14:00:24,605 WARNING games.zelda.policy: Low health | health_ratio=0.00 | task=Task(name='get_wooden_sword')
2026-05-25 14:00:24,657 INFO __main__: state={'hearts_full': 0, 'hearts_half': 0, 'health_ratio': 0.0, 'link_pos': [824, 488]}
2026-05-25 14:00:24,657 WARNING games.zelda.policy: Low health | health_ratio=0.00 | task=Task(name='get_wooden_sword')
2026-05-25 14:00:24,704 INFO __main__: state={'hearts_full': 0, 'hearts_half': 0, 'health_ratio': 0.0, 'link_pos': [824, 488]}
2026-05-25 14:00:24,705 WARNING games.zelda.policy: Low health | health_ratio=0.00 | task=Task(name='get_wooden_sword')
2026-05-25 14:00:24,754 INFO __main__: state={'hearts_full': 0, 'hearts_half': 0, 'health_ratio': 0.0, 'link_pos': [824, 488]}
2026-05-25 14:00:24,755 WARNING games.zelda.policy: Low health | health_ratio=0.00 | task=Task(name='get_wooden_sword')
2026-05-25 14:00:24,787 INFO __main__: state={'hearts_full': 0, 'hearts_half': 0, 'health_ratio': 0.0, 'link_pos': [824, 488]}
2026-05-25 14:00:24,788 WARNING games.zelda.policy: Low health | health_ratio=0.00 | task=Task(name='get_wooden_sword')
2026-05-25 14:00:24,822 INFO __main__: state={'hearts_full': 0, 'hearts_half': 0, 'health_ratio': 0.0, 'link_pos': [824, 488]}
2026-05-25 14:00:24,822 WARNING games.zelda.policy: Low health | health_ratio=0.00 | task=Task(name='get_wooden_sword')
2026-05-25 14:00:24,873 INFO __main__: state={'hearts_full': 0, 'hearts_half': 0, 'health_ratio': 0.0, 'link_pos': [824, 488]}
2026-05-25 14:00:24,873 WARNING games.zelda.policy: Low health | health_ratio=0.00 | task=Task(name='get_wooden_sword')
2026-05-25 14:00:24,921 INFO __main__: state={'hearts_full': 0, 'hearts_half': 0, 'health_ratio': 0.0, 'link_pos': [824, 488]}
2026-05-25 14:00:24,921 WARNING games.zelda.policy: Low health | health_ratio=0.00 | task=Task(name='get_wooden_sword')
2026-05-25 14:00:24,972 INFO __main__: state={'hearts_full': 0, 'hearts_half': 0, 'health_ratio': 0.0, 'link_pos': [824, 488]}
2026-05-25 14:00:24,972 WARNING games.zelda.policy: Low health | health_ratio=0.00 | task=Task(name='get_wooden_sword')
2026-05-25 14:00:25,006 INFO __main__: state={'hearts_full': 0, 'hearts_half': 0, 'health_ratio': 0.0, 'link_pos': [824, 488]}
2026-05-25 14:00:25,006 WARNING games.zelda.policy: Low health | health_ratio=0.00 | task=Task(name='get_wooden_sword')
2026-05-25 14:00:25,055 INFO __main__: state={'hearts_full': 0, 'hearts_half': 0, 'health_ratio': 0.0, 'link_pos': [824, 488]}
2026-05-25 14:00:25,055 WARNING games.zelda.policy: Low health | health_ratio=0.00 | task=Task(name='get_wooden_sword')
2026-05-25 14:00:25,087 INFO __main__: state={'hearts_full': 0, 'hearts_half': 0, 'health_ratio': 0.0, 'link_pos': [824, 488]}
2026-05-25 14:00:25,088 WARNING games.zelda.policy: Low health | health_ratio=0.00 | task=Task(name='get_wooden_sword')
2026-05-25 14:00:25,122 INFO __main__: state={'hearts_full': 0, 'hearts_half': 0, 'health_ratio': 0.0, 'link_pos': [824, 488]}
2026-05-25 14:00:25,122 WARNING games.zelda.policy: Low health | health_ratio=0.00 | task=Task(name='get_wooden_sword')
2026-05-25 14:00:25,172 INFO __main__: state={'hearts_full': 0, 'hearts_half': 0, 'health_ratio': 0.0, 'link_pos': [824, 488]}
2026-05-25 14:00:25,172 WARNING games.zelda.policy: Low health | health_ratio=0.00 | task=Task(name='get_wooden_sword')
2026-05-25 14:00:25,220 INFO __main__: state={'hearts_full': 0, 'hearts_half': 0, 'health_ratio': 0.0, 'link_pos': [824, 488]}
2026-05-25 14:00:25,222 WARNING games.zelda.policy: Low health | health_ratio=0.00 | task=Task(name='get_wooden_sword')
2026-05-25 14:00:25,259 INFO __main__: state={'hearts_full': 0, 'hearts_half': 0, 'health_ratio': 0.0, 'link_pos': [824, 488]}
2026-05-25 14:00:25,259 WARNING games.zelda.policy: Low health | health_ratio=0.00 | task=Task(name='get_wooden_sword')
2026-05-25 14:00:25,305 INFO __main__: state={'hearts_full': 0, 'hearts_half': 0, 'health_ratio': 0.0, 'link_pos': [824, 488]}
2026-05-25 14:00:25,305 WARNING games.zelda.policy: Low health | health_ratio=0.00 | task=Task(name='get_wooden_sword')
2026-05-25 14:00:25,356 INFO __main__: state={'hearts_full': 0, 'hearts_half': 0, 'health_ratio': 0.0, 'link_pos': [824, 488]}
2026-05-25 14:00:25,356 WARNING games.zelda.policy: Low health | health_ratio=0.00 | task=Task(name='get_wooden_sword')
2026-05-25 14:00:25,405 INFO __main__: state={'hearts_full': 0, 'hearts_half': 0, 'health_ratio': 0.0, 'link_pos': [824, 488]}
2026-05-25 14:00:25,406 WARNING games.zelda.policy: Low health | health_ratio=0.00 | task=Task(name='get_wooden_sword')
2026-05-25 14:00:25,456 INFO __main__: state={'hearts_full': 0, 'hearts_half': 0, 'health_ratio': 0.0, 'link_pos': [824, 488]}
2026-05-25 14:00:25,456 WARNING games.zelda.policy: Low health | health_ratio=0.00 | task=Task(name='get_wooden_sword')
2026-05-25 14:00:25,488 INFO __main__: state={'hearts_full': 0, 'hearts_half': 0, 'health_ratio': 0.0, 'link_pos': [824, 488]}
2026-05-25 14:00:25,489 WARNING games.zelda.policy: Low health | health_ratio=0.00 | task=Task(name='get_wooden_sword')
2026-05-25 14:00:25,538 INFO __main__: state={'hearts_full': 0, 'hearts_half': 0, 'health_ratio': 0.0, 'link_pos': [824, 488]}
2026-05-25 14:00:25,539 WARNING games.zelda.policy: Low health | health_ratio=0.00 | task=Task(name='get_wooden_sword')
2026-05-25 14:00:25,586 INFO __main__: state={'hearts_full': 0, 'hearts_half': 0, 'health_ratio': 0.0, 'link_pos': [824, 488]}
2026-05-25 14:00:25,587 WARNING games.zelda.policy: Low health | health_ratio=0.00 | task=Task(name='get_wooden_sword')
2026-05-25 14:00:25,637 INFO __main__: state={'hearts_full': 0, 'hearts_half': 0, 'health_ratio': 0.0, 'link_pos': [824, 488]}
2026-05-25 14:00:25,638 WARNING games.zelda.policy: Low health | health_ratio=0.00 | task=Task(name='get_wooden_sword')
2026-05-25 14:00:25,672 INFO __main__: state={'hearts_full': 0, 'hearts_half': 0, 'health_ratio': 0.0, 'link_pos': [824, 488]}
2026-05-25 14:00:25,672 WARNING games.zelda.policy: Low health | health_ratio=0.00 | task=Task(name='get_wooden_sword')
2026-05-25 14:00:25,706 INFO __main__: state={'hearts_full': 0, 'hearts_half': 0, 'health_ratio': 0.0, 'link_pos': [824, 488]}
2026-05-25 14:00:25,706 WARNING games.zelda.policy: Low health | health_ratio=0.00 | task=Task(name='get_wooden_sword')
2026-05-25 14:00:25,738 INFO __main__: state={'hearts_full': 0, 'hearts_half': 0, 'health_ratio': 0.0, 'link_pos': [824, 488]}
2026-05-25 14:00:25,738 WARNING games.zelda.policy: Low health | health_ratio=0.00 | task=Task(name='get_wooden_sword')
2026-05-25 14:00:25,780 INFO __main__: state={'hearts_full': 0, 'hearts_half': 0, 'health_ratio': 0.0, 'link_pos': [824, 488]}
2026-05-25 14:00:25,780 WARNING games.zelda.policy: Low health | health_ratio=0.00 | task=Task(name='get_wooden_sword')
2026-05-25 14:00:25,822 INFO __main__: state={'hearts_full': 0, 'hearts_half': 0, 'health_ratio': 0.0, 'link_pos': [824, 488]}
2026-05-25 14:00:25,822 WARNING games.zelda.policy: Low health | health_ratio=0.00 | task=Task(name='get_wooden_sword')
2026-05-25 14:00:25,890 INFO __main__: state={'hearts_full': 0, 'hearts_half': 0, 'health_ratio': 0.0, 'link_pos': [824, 488]}
2026-05-25 14:00:25,890 WARNING games.zelda.policy: Low health | health_ratio=0.00 | task=Task(name='get_wooden_sword')
2026-05-25 14:00:25,922 INFO __main__: state={'hearts_full': 0, 'hearts_half': 0, 'health_ratio': 0.0, 'link_pos': [824, 488]}
2026-05-25 14:00:25,923 WARNING games.zelda.policy: Low health | health_ratio=0.00 | task=Task(name='get_wooden_sword')
2026-05-25 14:00:25,972 INFO __main__: state={'hearts_full': 0, 'hearts_half': 0, 'health_ratio': 0.0, 'link_pos': [824, 488]}
2026-05-25 14:00:25,972 WARNING games.zelda.policy: Low health | health_ratio=0.00 | task=Task(name='get_wooden_sword')
2026-05-25 14:00:26,006 INFO __main__: state={'hearts_full': 0, 'hearts_half': 0, 'health_ratio': 0.0, 'link_pos': [824, 488]}
2026-05-25 14:00:26,006 WARNING games.zelda.policy: Low health | health_ratio=0.00 | task=Task(name='get_wooden_sword')
2026-05-25 14:00:26,069 INFO __main__: state={'hearts_full': 0, 'hearts_half': 0, 'health_ratio': 0.0, 'link_pos': [824, 488]}
2026-05-25 14:00:26,069 WARNING games.zelda.policy: Low health | health_ratio=0.00 | task=Task(name='get_wooden_sword')
2026-05-25 14:00:26,122 INFO __main__: state={'hearts_full': 0, 'hearts_half': 0, 'health_ratio': 0.0, 'link_pos': [824, 488]}
2026-05-25 14:00:26,122 WARNING games.zelda.policy: Low health | health_ratio=0.00 | task=Task(name='get_wooden_sword')
2026-05-25 14:00:26,156 INFO __main__: state={'hearts_full': 0, 'hearts_half': 0, 'health_ratio': 0.0, 'link_pos': [824, 488]}
2026-05-25 14:00:26,156 WARNING games.zelda.policy: Low health | health_ratio=0.00 | task=Task(name='get_wooden_sword')
2026-05-25 14:00:26,192 INFO __main__: state={'hearts_full': 0, 'hearts_half': 0, 'health_ratio': 0.0, 'link_pos': [824, 488]}
2026-05-25 14:00:26,192 WARNING games.zelda.policy: Low health | health_ratio=0.00 | task=Task(name='get_wooden_sword')
2026-05-25 14:00:26,240 INFO __main__: state={'hearts_full': 0, 'hearts_half': 0, 'health_ratio': 0.0, 'link_pos': [824, 488]}
2026-05-25 14:00:26,240 WARNING games.zelda.policy: Low health | health_ratio=0.00 | task=Task(name='get_wooden_sword')
2026-05-25 14:00:26,288 INFO __main__: state={'hearts_full': 0, 'hearts_half': 0, 'health_ratio': 0.0, 'link_pos': [824, 488]}
2026-05-25 14:00:26,288 WARNING games.zelda.policy: Low health | health_ratio=0.00 | task=Task(name='get_wooden_sword')
2026-05-25 14:00:26,322 INFO __main__: state={'hearts_full': 0, 'hearts_half': 0, 'health_ratio': 0.0, 'link_pos': [824, 488]}
2026-05-25 14:00:26,322 WARNING games.zelda.policy: Low health | health_ratio=0.00 | task=Task(name='get_wooden_sword')
2026-05-25 14:00:26,372 INFO __main__: state={'hearts_full': 0, 'hearts_half': 0, 'health_ratio': 0.0, 'link_pos': [824, 488]}
2026-05-25 14:00:26,372 WARNING games.zelda.policy: Low health | health_ratio=0.00 | task=Task(name='get_wooden_sword')
2026-05-25 14:00:26,405 INFO __main__: state={'hearts_full': 0, 'hearts_half': 0, 'health_ratio': 0.0, 'link_pos': [824, 488]}
2026-05-25 14:00:26,405 WARNING games.zelda.policy: Low health | health_ratio=0.00 | task=Task(name='get_wooden_sword')
2026-05-25 14:00:26,457 INFO __main__: state={'hearts_full': 0, 'hearts_half': 0, 'health_ratio': 0.0, 'link_pos': [824, 488]}
2026-05-25 14:00:26,457 WARNING games.zelda.policy: Low health | health_ratio=0.00 | task=Task(name='get_wooden_sword')
2026-05-25 14:00:26,506 INFO __main__: state={'hearts_full': 0, 'hearts_half': 0, 'health_ratio': 0.0, 'link_pos': [824, 488]}
2026-05-25 14:00:26,506 WARNING games.zelda.policy: Low health | health_ratio=0.00 | task=Task(name='get_wooden_sword')
2026-05-25 14:00:26,539 INFO __main__: state={'hearts_full': 0, 'hearts_half': 0, 'health_ratio': 0.0, 'link_pos': [824, 488]}
2026-05-25 14:00:26,539 WARNING games.zelda.policy: Low health | health_ratio=0.00 | task=Task(name='get_wooden_sword')
2026-05-25 14:00:26,588 INFO __main__: state={'hearts_full': 0, 'hearts_half': 0, 'health_ratio': 0.0, 'link_pos': [824, 488]}
2026-05-25 14:00:26,589 WARNING games.zelda.policy: Low health | health_ratio=0.00 | task=Task(name='get_wooden_sword')
2026-05-25 14:00:26,622 INFO __main__: state={'hearts_full': 0, 'hearts_half': 0, 'health_ratio': 0.0, 'link_pos': [824, 488]}
2026-05-25 14:00:26,623 WARNING games.zelda.policy: Low health | health_ratio=0.00 | task=Task(name='get_wooden_sword')
2026-05-25 14:00:26,655 INFO __main__: state={'hearts_full': 0, 'hearts_half': 0, 'health_ratio': 0.0, 'link_pos': [824, 488]}
2026-05-25 14:00:26,655 WARNING games.zelda.policy: Low health | health_ratio=0.00 | task=Task(name='get_wooden_sword')
2026-05-25 14:00:26,705 INFO __main__: state={'hearts_full': 0, 'hearts_half': 0, 'health_ratio': 0.0, 'link_pos': [824, 488]}
2026-05-25 14:00:26,705 WARNING games.zelda.policy: Low health | health_ratio=0.00 | task=Task(name='get_wooden_sword')
2026-05-25 14:00:26,754 INFO __main__: state={'hearts_full': 0, 'hearts_half': 0, 'health_ratio': 0.0, 'link_pos': [824, 488]}
2026-05-25 14:00:26,755 WARNING games.zelda.policy: Low health | health_ratio=0.00 | task=Task(name='get_wooden_sword')
2026-05-25 14:00:26,793 INFO __main__: state={'hearts_full': 0, 'hearts_half': 0, 'health_ratio': 0.0, 'link_pos': [824, 488]}
2026-05-25 14:00:26,794 WARNING games.zelda.policy: Low health | health_ratio=0.00 | task=Task(name='get_wooden_sword')
2026-05-25 14:00:26,839 INFO __main__: state={'hearts_full': 0, 'hearts_half': 0, 'health_ratio': 0.0, 'link_pos': [824, 488]}
2026-05-25 14:00:26,839 WARNING games.zelda.policy: Low health | health_ratio=0.00 | task=Task(name='get_wooden_sword')
2026-05-25 14:00:26,890 INFO __main__: state={'hearts_full': 0, 'hearts_half': 0, 'health_ratio': 0.0, 'link_pos': [824, 488]}
2026-05-25 14:00:26,890 WARNING games.zelda.policy: Low health | health_ratio=0.00 | task=Task(name='get_wooden_sword')
2026-05-25 14:00:26,921 INFO __main__: state={'hearts_full': 0, 'hearts_half': 0, 'health_ratio': 0.0, 'link_pos': [824, 488]}
2026-05-25 14:00:26,921 WARNING games.zelda.policy: Low health | health_ratio=0.00 | task=Task(name='get_wooden_sword')
2026-05-25 14:00:26,972 INFO __main__: state={'hearts_full': 0, 'hearts_half': 0, 'health_ratio': 0.0, 'link_pos': [824, 488]}
2026-05-25 14:00:26,972 WARNING games.zelda.policy: Low health | health_ratio=0.00 | task=Task(name='get_wooden_sword')
2026-05-25 14:00:27,023 INFO __main__: state={'hearts_full': 0, 'hearts_half': 0, 'health_ratio': 0.0, 'link_pos': [824, 488]}
2026-05-25 14:00:27,023 WARNING games.zelda.policy: Low health | health_ratio=0.00 | task=Task(name='get_wooden_sword')
2026-05-25 14:00:27,055 INFO __main__: state={'hearts_full': 0, 'hearts_half': 0, 'health_ratio': 0.0, 'link_pos': [824, 488]}
2026-05-25 14:00:27,055 WARNING games.zelda.policy: Low health | health_ratio=0.00 | task=Task(name='get_wooden_sword')
2026-05-25 14:00:27,088 INFO __main__: state={'hearts_full': 0, 'hearts_half': 0, 'health_ratio': 0.0, 'link_pos': [824, 488]}
2026-05-25 14:00:27,089 WARNING games.zelda.policy: Low health | health_ratio=0.00 | task=Task(name='get_wooden_sword')
2026-05-25 14:00:27,122 INFO __main__: state={'hearts_full': 0, 'hearts_half': 0, 'health_ratio': 0.0, 'link_pos': [824, 488]}
2026-05-25 14:00:27,122 WARNING games.zelda.policy: Low health | health_ratio=0.00 | task=Task(name='get_wooden_sword')
2026-05-25 14:00:27,155 INFO __main__: state={'hearts_full': 0, 'hearts_half': 0, 'health_ratio': 0.0, 'link_pos': [824, 488]}
2026-05-25 14:00:27,155 WARNING games.zelda.policy: Low health | health_ratio=0.00 | task=Task(name='get_wooden_sword')
2026-05-25 14:00:27,206 INFO __main__: state={'hearts_full': 0, 'hearts_half': 0, 'health_ratio': 0.0, 'link_pos': [824, 488]}
2026-05-25 14:00:27,206 WARNING games.zelda.policy: Low health | health_ratio=0.00 | task=Task(name='get_wooden_sword')
2026-05-25 14:00:27,254 INFO __main__: state={'hearts_full': 0, 'hearts_half': 0, 'health_ratio': 0.0, 'link_pos': [824, 488]}
2026-05-25 14:00:27,254 WARNING games.zelda.policy: Low health | health_ratio=0.00 | task=Task(name='get_wooden_sword')
2026-05-25 14:00:27,289 INFO __main__: state={'hearts_full': 0, 'hearts_half': 0, 'health_ratio': 0.0, 'link_pos': [824, 488]}
2026-05-25 14:00:27,289 WARNING games.zelda.policy: Low health | health_ratio=0.00 | task=Task(name='get_wooden_sword')
2026-05-25 14:00:27,323 INFO __main__: state={'hearts_full': 0, 'hearts_half': 0, 'health_ratio': 0.0, 'link_pos': [824, 488]}
2026-05-25 14:00:27,323 WARNING games.zelda.policy: Low health | health_ratio=0.00 | task=Task(name='get_wooden_sword')
2026-05-25 14:00:27,356 INFO __main__: state={'hearts_full': 0, 'hearts_half': 0, 'health_ratio': 0.0, 'link_pos': [824, 488]}
2026-05-25 14:00:27,356 WARNING games.zelda.policy: Low health | health_ratio=0.00 | task=Task(name='get_wooden_sword')
2026-05-25 14:00:27,405 INFO __main__: state={'hearts_full': 0, 'hearts_half': 0, 'health_ratio': 0.0, 'link_pos': [824, 488]}
2026-05-25 14:00:27,406 WARNING games.zelda.policy: Low health | health_ratio=0.00 | task=Task(name='get_wooden_sword')
2026-05-25 14:00:27,456 INFO __main__: state={'hearts_full': 0, 'hearts_half': 0, 'health_ratio': 0.0, 'link_pos': [824, 488]}
2026-05-25 14:00:27,456 WARNING games.zelda.policy: Low health | health_ratio=0.00 | task=Task(name='get_wooden_sword')
2026-05-25 14:00:27,506 INFO __main__: state={'hearts_full': 0, 'hearts_half': 0, 'health_ratio': 0.0, 'link_pos': [824, 488]}
2026-05-25 14:00:27,506 WARNING games.zelda.policy: Low health | health_ratio=0.00 | task=Task(name='get_wooden_sword')
2026-05-25 14:00:27,539 INFO __main__: state={'hearts_full': 0, 'hearts_half': 0, 'health_ratio': 0.0, 'link_pos': [824, 488]}
2026-05-25 14:00:27,540 WARNING games.zelda.policy: Low health | health_ratio=0.00 | task=Task(name='get_wooden_sword')
2026-05-25 14:00:27,572 INFO __main__: state={'hearts_full': 0, 'hearts_half': 0, 'health_ratio': 0.0, 'link_pos': [824, 488]}
2026-05-25 14:00:27,572 WARNING games.zelda.policy: Low health | health_ratio=0.00 | task=Task(name='get_wooden_sword')
2026-05-25 14:00:27,606 INFO __main__: state={'hearts_full': 0, 'hearts_half': 0, 'health_ratio': 0.0, 'link_pos': [824, 488]}
2026-05-25 14:00:27,606 WARNING games.zelda.policy: Low health | health_ratio=0.00 | task=Task(name='get_wooden_sword')
2026-05-25 14:00:27,639 INFO __main__: state={'hearts_full': 0, 'hearts_half': 0, 'health_ratio': 0.0, 'link_pos': [824, 488]}
2026-05-25 14:00:27,639 WARNING games.zelda.policy: Low health | health_ratio=0.00 | task=Task(name='get_wooden_sword')
2026-05-25 14:00:27,672 INFO __main__: state={'hearts_full': 0, 'hearts_half': 0, 'health_ratio': 0.0, 'link_pos': [824, 488]}
2026-05-25 14:00:27,673 WARNING games.zelda.policy: Low health | health_ratio=0.00 | task=Task(name='get_wooden_sword')
2026-05-25 14:00:27,722 INFO __main__: state={'hearts_full': 0, 'hearts_half': 0, 'health_ratio': 0.0, 'link_pos': [824, 488]}
2026-05-25 14:00:27,722 WARNING games.zelda.policy: Low health | health_ratio=0.00 | task=Task(name='get_wooden_sword')
2026-05-25 14:00:27,755 INFO __main__: state={'hearts_full': 0, 'hearts_half': 0, 'health_ratio': 0.0, 'link_pos': [824, 488]}
2026-05-25 14:00:27,756 WARNING games.zelda.policy: Low health | health_ratio=0.00 | task=Task(name='get_wooden_sword')
2026-05-25 14:00:27,805 INFO __main__: state={'hearts_full': 0, 'hearts_half': 0, 'health_ratio': 0.0, 'link_pos': [824, 488]}
2026-05-25 14:00:27,806 WARNING games.zelda.policy: Low health | health_ratio=0.00 | task=Task(name='get_wooden_sword')
2026-05-25 14:00:27,839 INFO __main__: state={'hearts_full': 0, 'hearts_half': 0, 'health_ratio': 0.0, 'link_pos': [824, 488]}
2026-05-25 14:00:27,839 WARNING games.zelda.policy: Low health | health_ratio=0.00 | task=Task(name='get_wooden_sword')
2026-05-25 14:00:27,889 INFO __main__: state={'hearts_full': 0, 'hearts_half': 0, 'health_ratio': 0.0, 'link_pos': [824, 488]}
2026-05-25 14:00:27,889 WARNING games.zelda.policy: Low health | health_ratio=0.00 | task=Task(name='get_wooden_sword')
2026-05-25 14:00:27,938 INFO __main__: state={'hearts_full': 0, 'hearts_half': 0, 'health_ratio': 0.0, 'link_pos': [824, 488]}
2026-05-25 14:00:27,939 WARNING games.zelda.policy: Low health | health_ratio=0.00 | task=Task(name='get_wooden_sword')
2026-05-25 14:00:27,989 INFO __main__: state={'hearts_full': 0, 'hearts_half': 0, 'health_ratio': 0.0, 'link_pos': [824, 488]}
2026-05-25 14:00:27,989 WARNING games.zelda.policy: Low health | health_ratio=0.00 | task=Task(name='get_wooden_sword')
2026-05-25 14:00:28,022 INFO __main__: state={'hearts_full': 0, 'hearts_half': 0, 'health_ratio': 0.0, 'link_pos': [824, 488]}
2026-05-25 14:00:28,022 WARNING games.zelda.policy: Low health | health_ratio=0.00 | task=Task(name='get_wooden_sword')
2026-05-25 14:00:28,073 INFO __main__: state={'hearts_full': 0, 'hearts_half': 0, 'health_ratio': 0.0, 'link_pos': [824, 488]}
2026-05-25 14:00:28,073 WARNING games.zelda.policy: Low health | health_ratio=0.00 | task=Task(name='get_wooden_sword')
2026-05-25 14:00:28,122 INFO __main__: state={'hearts_full': 0, 'hearts_half': 0, 'health_ratio': 0.0, 'link_pos': [824, 488]}
2026-05-25 14:00:28,122 WARNING games.zelda.policy: Low health | health_ratio=0.00 | task=Task(name='get_wooden_sword')
2026-05-25 14:00:28,155 INFO __main__: state={'hearts_full': 0, 'hearts_half': 0, 'health_ratio': 0.0, 'link_pos': [824, 488]}
2026-05-25 14:00:28,156 WARNING games.zelda.policy: Low health | health_ratio=0.00 | task=Task(name='get_wooden_sword')
2026-05-25 14:00:28,206 INFO __main__: state={'hearts_full': 0, 'hearts_half': 0, 'health_ratio': 0.0, 'link_pos': [824, 488]}
2026-05-25 14:00:28,206 WARNING games.zelda.policy: Low health | health_ratio=0.00 | task=Task(name='get_wooden_sword')
2026-05-25 14:00:28,239 INFO __main__: state={'hearts_full': 0, 'hearts_half': 0, 'health_ratio': 0.0, 'link_pos': [824, 488]}
2026-05-25 14:00:28,239 WARNING games.zelda.policy: Low health | health_ratio=0.00 | task=Task(name='get_wooden_sword')
2026-05-25 14:00:28,273 INFO __main__: state={'hearts_full': 0, 'hearts_half': 0, 'health_ratio': 0.0, 'link_pos': [824, 488]}
2026-05-25 14:00:28,273 WARNING games.zelda.policy: Low health | health_ratio=0.00 | task=Task(name='get_wooden_sword')
2026-05-25 14:00:28,306 INFO __main__: state={'hearts_full': 0, 'hearts_half': 0, 'health_ratio': 0.0, 'link_pos': [824, 488]}
2026-05-25 14:00:28,306 WARNING games.zelda.policy: Low health | health_ratio=0.00 | task=Task(name='get_wooden_sword')
2026-05-25 14:00:28,342 INFO __main__: state={'hearts_full': 0, 'hearts_half': 0, 'health_ratio': 0.0, 'link_pos': [824, 488]}
2026-05-25 14:00:28,342 WARNING games.zelda.policy: Low health | health_ratio=0.00 | task=Task(name='get_wooden_sword')
2026-05-25 14:00:28,388 INFO __main__: state={'hearts_full': 0, 'hearts_half': 0, 'health_ratio': 0.0, 'link_pos': [824, 488]}
2026-05-25 14:00:28,389 WARNING games.zelda.policy: Low health | health_ratio=0.00 | task=Task(name='get_wooden_sword')
2026-05-25 14:00:28,422 INFO __main__: state={'hearts_full': 0, 'hearts_half': 0, 'health_ratio': 0.0, 'link_pos': [824, 488]}
2026-05-25 14:00:28,423 WARNING games.zelda.policy: Low health | health_ratio=0.00 | task=Task(name='get_wooden_sword')
2026-05-25 14:00:28,455 INFO __main__: state={'hearts_full': 0, 'hearts_half': 0, 'health_ratio': 0.0, 'link_pos': [824, 488]}
2026-05-25 14:00:28,455 WARNING games.zelda.policy: Low health | health_ratio=0.00 | task=Task(name='get_wooden_sword')
2026-05-25 14:00:28,487 INFO __main__: state={'hearts_full': 0, 'hearts_half': 0, 'health_ratio': 0.0, 'link_pos': [824, 488]}
2026-05-25 14:00:28,488 WARNING games.zelda.policy: Low health | health_ratio=0.00 | task=Task(name='get_wooden_sword')
2026-05-25 14:00:28,520 INFO __main__: state={'hearts_full': 0, 'hearts_half': 0, 'health_ratio': 0.0, 'link_pos': [824, 488]}
2026-05-25 14:00:28,520 WARNING games.zelda.policy: Low health | health_ratio=0.00 | task=Task(name='get_wooden_sword')
2026-05-25 14:00:28,571 INFO __main__: state={'hearts_full': 0, 'hearts_half': 0, 'health_ratio': 0.0, 'link_pos': [824, 488]}
2026-05-25 14:00:28,571 WARNING games.zelda.policy: Low health | health_ratio=0.00 | task=Task(name='get_wooden_sword')
2026-05-25 14:00:28,605 INFO __main__: state={'hearts_full': 0, 'hearts_half': 0, 'health_ratio': 0.0, 'link_pos': [824, 488]}
2026-05-25 14:00:28,606 WARNING games.zelda.policy: Low health | health_ratio=0.00 | task=Task(name='get_wooden_sword')
2026-05-25 14:00:28,654 INFO __main__: state={'hearts_full': 0, 'hearts_half': 0, 'health_ratio': 0.0, 'link_pos': [824, 488]}
2026-05-25 14:00:28,654 WARNING games.zelda.policy: Low health | health_ratio=0.00 | task=Task(name='get_wooden_sword')
2026-05-25 14:00:28,705 INFO __main__: state={'hearts_full': 0, 'hearts_half': 0, 'health_ratio': 0.0, 'link_pos': [824, 488]}
2026-05-25 14:00:28,706 WARNING games.zelda.policy: Low health | health_ratio=0.00 | task=Task(name='get_wooden_sword')
2026-05-25 14:00:28,739 INFO __main__: state={'hearts_full': 0, 'hearts_half': 0, 'health_ratio': 0.0, 'link_pos': [824, 488]}
2026-05-25 14:00:28,739 WARNING games.zelda.policy: Low health | health_ratio=0.00 | task=Task(name='get_wooden_sword')
2026-05-25 14:00:28,770 INFO __main__: state={'hearts_full': 0, 'hearts_half': 0, 'health_ratio': 0.0, 'link_pos': [824, 488]}
2026-05-25 14:00:28,770 WARNING games.zelda.policy: Low health | health_ratio=0.00 | task=Task(name='get_wooden_sword')
2026-05-25 14:00:28,822 INFO __main__: state={'hearts_full': 0, 'hearts_half': 0, 'health_ratio': 0.0, 'link_pos': [824, 488]}
2026-05-25 14:00:28,822 WARNING games.zelda.policy: Low health | health_ratio=0.00 | task=Task(name='get_wooden_sword')
2026-05-25 14:00:28,871 INFO __main__: state={'hearts_full': 0, 'hearts_half': 0, 'health_ratio': 0.0, 'link_pos': [824, 488]}
2026-05-25 14:00:28,871 WARNING games.zelda.policy: Low health | health_ratio=0.00 | task=Task(name='get_wooden_sword')
2026-05-25 14:00:28,906 INFO __main__: state={'hearts_full': 0, 'hearts_half': 0, 'health_ratio': 0.0, 'link_pos': [824, 488]}
2026-05-25 14:00:28,906 WARNING games.zelda.policy: Low health | health_ratio=0.00 | task=Task(name='get_wooden_sword')
2026-05-25 14:00:28,956 INFO __main__: state={'hearts_full': 0, 'hearts_half': 0, 'health_ratio': 0.0, 'link_pos': [824, 488]}
2026-05-25 14:00:28,956 WARNING games.zelda.policy: Low health | health_ratio=0.00 | task=Task(name='get_wooden_sword')
2026-05-25 14:00:28,989 INFO __main__: state={'hearts_full': 0, 'hearts_half': 0, 'health_ratio': 0.0, 'link_pos': [824, 488]}
2026-05-25 14:00:28,990 WARNING games.zelda.policy: Low health | health_ratio=0.00 | task=Task(name='get_wooden_sword')
2026-05-25 14:00:29,022 INFO __main__: state={'hearts_full': 0, 'hearts_half': 0, 'health_ratio': 0.0, 'link_pos': [824, 488]}
2026-05-25 14:00:29,022 WARNING games.zelda.policy: Low health | health_ratio=0.00 | task=Task(name='get_wooden_sword')
2026-05-25 14:00:29,072 INFO __main__: state={'hearts_full': 0, 'hearts_half': 0, 'health_ratio': 0.0, 'link_pos': [824, 488]}
2026-05-25 14:00:29,072 WARNING games.zelda.policy: Low health | health_ratio=0.00 | task=Task(name='get_wooden_sword')
2026-05-25 14:00:29,131 INFO __main__: state={'hearts_full': 0, 'hearts_half': 0, 'health_ratio': 0.0, 'link_pos': [824, 488]}
2026-05-25 14:00:29,131 WARNING games.zelda.policy: Low health | health_ratio=0.00 | task=Task(name='get_wooden_sword')
2026-05-25 14:00:29,172 INFO __main__: state={'hearts_full': 0, 'hearts_half': 0, 'health_ratio': 0.0, 'link_pos': [824, 488]}
2026-05-25 14:00:29,172 WARNING games.zelda.policy: Low health | health_ratio=0.00 | task=Task(name='get_wooden_sword')
2026-05-25 14:00:29,205 INFO __main__: state={'hearts_full': 0, 'hearts_half': 0, 'health_ratio': 0.0, 'link_pos': [824, 488]}
2026-05-25 14:00:29,205 WARNING games.zelda.policy: Low health | health_ratio=0.00 | task=Task(name='get_wooden_sword')
2026-05-25 14:00:29,238 INFO __main__: state={'hearts_full': 0, 'hearts_half': 0, 'health_ratio': 0.0, 'link_pos': [824, 488]}
2026-05-25 14:00:29,238 WARNING games.zelda.policy: Low health | health_ratio=0.00 | task=Task(name='get_wooden_sword')
2026-05-25 14:00:29,273 INFO __main__: state={'hearts_full': 0, 'hearts_half': 0, 'health_ratio': 0.0, 'link_pos': [824, 488]}
2026-05-25 14:00:29,273 WARNING games.zelda.policy: Low health | health_ratio=0.00 | task=Task(name='get_wooden_sword')
2026-05-25 14:00:29,351 INFO __main__: state={'hearts_full': 0, 'hearts_half': 0, 'health_ratio': 0.0, 'link_pos': [824, 488]}
2026-05-25 14:00:29,351 WARNING games.zelda.policy: Low health | health_ratio=0.00 | task=Task(name='get_wooden_sword')
2026-05-25 14:00:29,405 INFO __main__: state={'hearts_full': 0, 'hearts_half': 0, 'health_ratio': 0.0, 'link_pos': [824, 488]}
2026-05-25 14:00:29,405 WARNING games.zelda.policy: Low health | health_ratio=0.00 | task=Task(name='get_wooden_sword')
2026-05-25 14:00:29,440 INFO __main__: state={'hearts_full': 0, 'hearts_half': 0, 'health_ratio': 0.0, 'link_pos': [824, 488]}
2026-05-25 14:00:29,440 WARNING games.zelda.policy: Low health | health_ratio=0.00 | task=Task(name='get_wooden_sword')
2026-05-25 14:00:29,480 INFO __main__: state={'hearts_full': 0, 'hearts_half': 0, 'health_ratio': 0.0, 'link_pos': [824, 488]}
2026-05-25 14:00:29,480 WARNING games.zelda.policy: Low health | health_ratio=0.00 | task=Task(name='get_wooden_sword')
2026-05-25 14:00:29,522 INFO __main__: state={'hearts_full': 0, 'hearts_half': 0, 'health_ratio': 0.0, 'link_pos': [824, 488]}
2026-05-25 14:00:29,523 WARNING games.zelda.policy: Low health | health_ratio=0.00 | task=Task(name='get_wooden_sword')
2026-05-25 14:00:29,571 INFO __main__: state={'hearts_full': 0, 'hearts_half': 0, 'health_ratio': 0.0, 'link_pos': [824, 488]}
2026-05-25 14:00:29,571 WARNING games.zelda.policy: Low health | health_ratio=0.00 | task=Task(name='get_wooden_sword')
2026-05-25 14:00:29,620 INFO __main__: state={'hearts_full': 0, 'hearts_half': 0, 'health_ratio': 0.0, 'link_pos': [824, 488]}
2026-05-25 14:00:29,620 WARNING games.zelda.policy: Low health | health_ratio=0.00 | task=Task(name='get_wooden_sword')
2026-05-25 14:00:29,657 INFO __main__: state={'hearts_full': 0, 'hearts_half': 0, 'health_ratio': 0.0, 'link_pos': [824, 488]}
2026-05-25 14:00:29,657 WARNING games.zelda.policy: Low health | health_ratio=0.00 | task=Task(name='get_wooden_sword')
2026-05-25 14:00:29,688 INFO __main__: state={'hearts_full': 0, 'hearts_half': 0, 'health_ratio': 0.0, 'link_pos': [824, 488]}
2026-05-25 14:00:29,689 WARNING games.zelda.policy: Low health | health_ratio=0.00 | task=Task(name='get_wooden_sword')
2026-05-25 14:00:29,739 INFO __main__: state={'hearts_full': 0, 'hearts_half': 0, 'health_ratio': 0.0, 'link_pos': [824, 488]}
2026-05-25 14:00:29,739 WARNING games.zelda.policy: Low health | health_ratio=0.00 | task=Task(name='get_wooden_sword')
2026-05-25 14:00:29,788 INFO __main__: state={'hearts_full': 0, 'hearts_half': 0, 'health_ratio': 0.0, 'link_pos': [824, 488]}
2026-05-25 14:00:29,788 WARNING games.zelda.policy: Low health | health_ratio=0.00 | task=Task(name='get_wooden_sword')
2026-05-25 14:00:29,838 INFO __main__: state={'hearts_full': 0, 'hearts_half': 0, 'health_ratio': 0.0, 'link_pos': [824, 488]}
2026-05-25 14:00:29,838 WARNING games.zelda.policy: Low health | health_ratio=0.00 | task=Task(name='get_wooden_sword')
2026-05-25 14:00:29,889 INFO __main__: state={'hearts_full': 0, 'hearts_half': 0, 'health_ratio': 0.0, 'link_pos': [824, 488]}
2026-05-25 14:00:29,889 WARNING games.zelda.policy: Low health | health_ratio=0.00 | task=Task(name='get_wooden_sword')
2026-05-25 14:00:29,922 INFO __main__: state={'hearts_full': 0, 'hearts_half': 0, 'health_ratio': 0.0, 'link_pos': [824, 488]}
2026-05-25 14:00:29,922 WARNING games.zelda.policy: Low health | health_ratio=0.00 | task=Task(name='get_wooden_sword')
2026-05-25 14:00:29,972 INFO __main__: state={'hearts_full': 0, 'hearts_half': 0, 'health_ratio': 0.0, 'link_pos': [824, 488]}
2026-05-25 14:00:29,972 WARNING games.zelda.policy: Low health | health_ratio=0.00 | task=Task(name='get_wooden_sword')
2026-05-25 14:00:30,022 INFO __main__: state={'hearts_full': 0, 'hearts_half': 0, 'health_ratio': 0.0, 'link_pos': [824, 488]}
2026-05-25 14:00:30,022 WARNING games.zelda.policy: Low health | health_ratio=0.00 | task=Task(name='get_wooden_sword')
2026-05-25 14:00:30,054 INFO __main__: state={'hearts_full': 0, 'hearts_half': 0, 'health_ratio': 0.0, 'link_pos': [824, 488]}
2026-05-25 14:00:30,054 WARNING games.zelda.policy: Low health | health_ratio=0.00 | task=Task(name='get_wooden_sword')
2026-05-25 14:00:30,105 INFO __main__: state={'hearts_full': 0, 'hearts_half': 0, 'health_ratio': 0.0, 'link_pos': [824, 488]}
2026-05-25 14:00:30,106 WARNING games.zelda.policy: Low health | health_ratio=0.00 | task=Task(name='get_wooden_sword')
2026-05-25 14:00:30,155 INFO __main__: state={'hearts_full': 0, 'hearts_half': 0, 'health_ratio': 0.0, 'link_pos': [824, 488]}
2026-05-25 14:00:30,155 WARNING games.zelda.policy: Low health | health_ratio=0.00 | task=Task(name='get_wooden_sword')
2026-05-25 14:00:30,189 INFO __main__: state={'hearts_full': 0, 'hearts_half': 0, 'health_ratio': 0.0, 'link_pos': [824, 488]}
2026-05-25 14:00:30,189 WARNING games.zelda.policy: Low health | health_ratio=0.00 | task=Task(name='get_wooden_sword')
2026-05-25 14:00:30,239 INFO __main__: state={'hearts_full': 0, 'hearts_half': 0, 'health_ratio': 0.0, 'link_pos': [824, 488]}
2026-05-25 14:00:30,239 WARNING games.zelda.policy: Low health | health_ratio=0.00 | task=Task(name='get_wooden_sword')
2026-05-25 14:00:30,288 INFO __main__: state={'hearts_full': 0, 'hearts_half': 0, 'health_ratio': 0.0, 'link_pos': [824, 488]}
2026-05-25 14:00:30,288 WARNING games.zelda.policy: Low health | health_ratio=0.00 | task=Task(name='get_wooden_sword')
2026-05-25 14:00:30,339 INFO __main__: state={'hearts_full': 0, 'hearts_half': 0, 'health_ratio': 0.0, 'link_pos': [824, 488]}
2026-05-25 14:00:30,340 WARNING games.zelda.policy: Low health | health_ratio=0.00 | task=Task(name='get_wooden_sword')
2026-05-25 14:00:30,387 INFO __main__: state={'hearts_full': 0, 'hearts_half': 0, 'health_ratio': 0.0, 'link_pos': [824, 488]}
2026-05-25 14:00:30,387 WARNING games.zelda.policy: Low health | health_ratio=0.00 | task=Task(name='get_wooden_sword')
2026-05-25 14:00:30,422 INFO __main__: state={'hearts_full': 0, 'hearts_half': 0, 'health_ratio': 0.0, 'link_pos': [824, 488]}
2026-05-25 14:00:30,423 WARNING games.zelda.policy: Low health | health_ratio=0.00 | task=Task(name='get_wooden_sword')
2026-05-25 14:00:30,455 INFO __main__: state={'hearts_full': 0, 'hearts_half': 0, 'health_ratio': 0.0, 'link_pos': [824, 488]}
2026-05-25 14:00:30,455 WARNING games.zelda.policy: Low health | health_ratio=0.00 | task=Task(name='get_wooden_sword')
2026-05-25 14:00:30,504 INFO __main__: state={'hearts_full': 0, 'hearts_half': 0, 'health_ratio': 0.0, 'link_pos': [824, 488]}
2026-05-25 14:00:30,504 WARNING games.zelda.policy: Low health | health_ratio=0.00 | task=Task(name='get_wooden_sword')
2026-05-25 14:00:30,554 INFO __main__: state={'hearts_full': 0, 'hearts_half': 0, 'health_ratio': 0.0, 'link_pos': [824, 488]}
2026-05-25 14:00:30,554 WARNING games.zelda.policy: Low health | health_ratio=0.00 | task=Task(name='get_wooden_sword')
2026-05-25 14:00:30,588 INFO __main__: state={'hearts_full': 0, 'hearts_half': 0, 'health_ratio': 0.0, 'link_pos': [824, 488]}
2026-05-25 14:00:30,589 WARNING games.zelda.policy: Low health | health_ratio=0.00 | task=Task(name='get_wooden_sword')
2026-05-25 14:00:30,638 INFO __main__: state={'hearts_full': 0, 'hearts_half': 0, 'health_ratio': 0.0, 'link_pos': [824, 488]}
2026-05-25 14:00:30,638 WARNING games.zelda.policy: Low health | health_ratio=0.00 | task=Task(name='get_wooden_sword')
2026-05-25 14:00:30,688 INFO __main__: state={'hearts_full': 0, 'hearts_half': 0, 'health_ratio': 0.0, 'link_pos': [824, 488]}
2026-05-25 14:00:30,689 WARNING games.zelda.policy: Low health | health_ratio=0.00 | task=Task(name='get_wooden_sword')
2026-05-25 14:00:30,722 INFO __main__: state={'hearts_full': 0, 'hearts_half': 0, 'health_ratio': 0.0, 'link_pos': [824, 488]}
2026-05-25 14:00:30,722 WARNING games.zelda.policy: Low health | health_ratio=0.00 | task=Task(name='get_wooden_sword')
2026-05-25 14:00:30,772 INFO __main__: state={'hearts_full': 0, 'hearts_half': 0, 'health_ratio': 0.0, 'link_pos': [824, 488]}
2026-05-25 14:00:30,772 WARNING games.zelda.policy: Low health | health_ratio=0.00 | task=Task(name='get_wooden_sword')
2026-05-25 14:00:30,821 INFO __main__: state={'hearts_full': 0, 'hearts_half': 0, 'health_ratio': 0.0, 'link_pos': [824, 488]}
2026-05-25 14:00:30,821 WARNING games.zelda.policy: Low health | health_ratio=0.00 | task=Task(name='get_wooden_sword')
2026-05-25 14:00:30,855 INFO __main__: state={'hearts_full': 0, 'hearts_half': 0, 'health_ratio': 0.0, 'link_pos': [824, 488]}
2026-05-25 14:00:30,855 WARNING games.zelda.policy: Low health | health_ratio=0.00 | task=Task(name='get_wooden_sword')
2026-05-25 14:00:30,888 INFO __main__: state={'hearts_full': 0, 'hearts_half': 0, 'health_ratio': 0.0, 'link_pos': [824, 488]}
2026-05-25 14:00:30,888 WARNING games.zelda.policy: Low health | health_ratio=0.00 | task=Task(name='get_wooden_sword')
2026-05-25 14:00:30,939 INFO __main__: state={'hearts_full': 0, 'hearts_half': 0, 'health_ratio': 0.0, 'link_pos': [824, 488]}
2026-05-25 14:00:30,939 WARNING games.zelda.policy: Low health | health_ratio=0.00 | task=Task(name='get_wooden_sword')
2026-05-25 14:00:30,989 INFO __main__: state={'hearts_full': 0, 'hearts_half': 0, 'health_ratio': 0.0, 'link_pos': [824, 488]}
2026-05-25 14:00:30,989 WARNING games.zelda.policy: Low health | health_ratio=0.00 | task=Task(name='get_wooden_sword')
2026-05-25 14:00:31,038 INFO __main__: state={'hearts_full': 0, 'hearts_half': 0, 'health_ratio': 0.0, 'link_pos': [824, 488]}
2026-05-25 14:00:31,038 WARNING games.zelda.policy: Low health | health_ratio=0.00 | task=Task(name='get_wooden_sword')
2026-05-25 14:00:31,073 INFO __main__: state={'hearts_full': 0, 'hearts_half': 0, 'health_ratio': 0.0, 'link_pos': [824, 488]}
2026-05-25 14:00:31,073 WARNING games.zelda.policy: Low health | health_ratio=0.00 | task=Task(name='get_wooden_sword')
2026-05-25 14:00:31,105 INFO __main__: state={'hearts_full': 0, 'hearts_half': 0, 'health_ratio': 0.0, 'link_pos': [824, 488]}
2026-05-25 14:00:31,106 WARNING games.zelda.policy: Low health | health_ratio=0.00 | task=Task(name='get_wooden_sword')
2026-05-25 14:00:31,156 INFO __main__: state={'hearts_full': 0, 'hearts_half': 0, 'health_ratio': 0.0, 'link_pos': [824, 488]}
2026-05-25 14:00:31,156 WARNING games.zelda.policy: Low health | health_ratio=0.00 | task=Task(name='get_wooden_sword')
2026-05-25 14:00:31,203 INFO __main__: state={'hearts_full': 0, 'hearts_half': 0, 'health_ratio': 0.0, 'link_pos': [824, 488]}
2026-05-25 14:00:31,203 WARNING games.zelda.policy: Low health | health_ratio=0.00 | task=Task(name='get_wooden_sword')
2026-05-25 14:00:31,239 INFO __main__: state={'hearts_full': 0, 'hearts_half': 0, 'health_ratio': 0.0, 'link_pos': [824, 488]}
2026-05-25 14:00:31,240 WARNING games.zelda.policy: Low health | health_ratio=0.00 | task=Task(name='get_wooden_sword')
2026-05-25 14:00:31,289 INFO __main__: state={'hearts_full': 0, 'hearts_half': 0, 'health_ratio': 0.0, 'link_pos': [824, 488]}
2026-05-25 14:00:31,289 WARNING games.zelda.policy: Low health | health_ratio=0.00 | task=Task(name='get_wooden_sword')
2026-05-25 14:00:31,322 INFO __main__: state={'hearts_full': 0, 'hearts_half': 0, 'health_ratio': 0.0, 'link_pos': [824, 488]}
2026-05-25 14:00:31,323 WARNING games.zelda.policy: Low health | health_ratio=0.00 | task=Task(name='get_wooden_sword')
2026-05-25 14:00:31,371 INFO __main__: state={'hearts_full': 0, 'hearts_half': 0, 'health_ratio': 0.0, 'link_pos': [824, 488]}
2026-05-25 14:00:31,371 WARNING games.zelda.policy: Low health | health_ratio=0.00 | task=Task(name='get_wooden_sword')
2026-05-25 14:00:31,422 INFO __main__: state={'hearts_full': 0, 'hearts_half': 0, 'health_ratio': 0.0, 'link_pos': [824, 488]}
2026-05-25 14:00:31,422 WARNING games.zelda.policy: Low health | health_ratio=0.00 | task=Task(name='get_wooden_sword')
2026-05-25 14:00:31,472 INFO __main__: state={'hearts_full': 0, 'hearts_half': 0, 'health_ratio': 0.0, 'link_pos': [824, 488]}
2026-05-25 14:00:31,472 WARNING games.zelda.policy: Low health | health_ratio=0.00 | task=Task(name='get_wooden_sword')
2026-05-25 14:00:31,506 INFO __main__: state={'hearts_full': 0, 'hearts_half': 0, 'health_ratio': 0.0, 'link_pos': [824, 488]}
2026-05-25 14:00:31,506 WARNING games.zelda.policy: Low health | health_ratio=0.00 | task=Task(name='get_wooden_sword')
2026-05-25 14:00:31,538 INFO __main__: state={'hearts_full': 0, 'hearts_half': 0, 'health_ratio': 0.0, 'link_pos': [824, 488]}
2026-05-25 14:00:31,539 WARNING games.zelda.policy: Low health | health_ratio=0.00 | task=Task(name='get_wooden_sword')
2026-05-25 14:00:31,573 INFO __main__: state={'hearts_full': 0, 'hearts_half': 0, 'health_ratio': 0.0, 'link_pos': [824, 488]}
2026-05-25 14:00:31,573 WARNING games.zelda.policy: Low health | health_ratio=0.00 | task=Task(name='get_wooden_sword')
2026-05-25 14:00:31,621 INFO __main__: state={'hearts_full': 0, 'hearts_half': 0, 'health_ratio': 0.0, 'link_pos': [824, 488]}
2026-05-25 14:00:31,621 WARNING games.zelda.policy: Low health | health_ratio=0.00 | task=Task(name='get_wooden_sword')
2026-05-25 14:00:31,655 INFO __main__: state={'hearts_full': 0, 'hearts_half': 0, 'health_ratio': 0.0, 'link_pos': [824, 488]}
2026-05-25 14:00:31,655 WARNING games.zelda.policy: Low health | health_ratio=0.00 | task=Task(name='get_wooden_sword')
2026-05-25 14:00:31,688 INFO __main__: state={'hearts_full': 0, 'hearts_half': 0, 'health_ratio': 0.0, 'link_pos': [824, 488]}
2026-05-25 14:00:31,689 WARNING games.zelda.policy: Low health | health_ratio=0.00 | task=Task(name='get_wooden_sword')
2026-05-25 14:00:31,739 INFO __main__: state={'hearts_full': 0, 'hearts_half': 0, 'health_ratio': 0.0, 'link_pos': [824, 488]}
2026-05-25 14:00:31,739 WARNING games.zelda.policy: Low health | health_ratio=0.00 | task=Task(name='get_wooden_sword')
2026-05-25 14:00:31,772 INFO __main__: state={'hearts_full': 0, 'hearts_half': 0, 'health_ratio': 0.0, 'link_pos': [824, 488]}
2026-05-25 14:00:31,773 WARNING games.zelda.policy: Low health | health_ratio=0.00 | task=Task(name='get_wooden_sword')
2026-05-25 14:00:31,821 INFO __main__: state={'hearts_full': 0, 'hearts_half': 0, 'health_ratio': 0.0, 'link_pos': [824, 488]}
2026-05-25 14:00:31,822 WARNING games.zelda.policy: Low health | health_ratio=0.00 | task=Task(name='get_wooden_sword')
2026-05-25 14:00:31,873 INFO __main__: state={'hearts_full': 0, 'hearts_half': 0, 'health_ratio': 0.0, 'link_pos': [824, 488]}
2026-05-25 14:00:31,873 WARNING games.zelda.policy: Low health | health_ratio=0.00 | task=Task(name='get_wooden_sword')
2026-05-25 14:00:31,922 INFO __main__: state={'hearts_full': 0, 'hearts_half': 0, 'health_ratio': 0.0, 'link_pos': [824, 488]}
2026-05-25 14:00:31,924 WARNING games.zelda.policy: Low health | health_ratio=0.00 | task=Task(name='get_wooden_sword')
2026-05-25 14:00:31,956 INFO __main__: state={'hearts_full': 0, 'hearts_half': 0, 'health_ratio': 0.0, 'link_pos': [824, 488]}
2026-05-25 14:00:31,956 WARNING games.zelda.policy: Low health | health_ratio=0.00 | task=Task(name='get_wooden_sword')
2026-05-25 14:00:31,989 INFO __main__: state={'hearts_full': 0, 'hearts_half': 0, 'health_ratio': 0.0, 'link_pos': [824, 488]}
2026-05-25 14:00:31,989 WARNING games.zelda.policy: Low health | health_ratio=0.00 | task=Task(name='get_wooden_sword')
2026-05-25 14:00:32,022 INFO __main__: state={'hearts_full': 0, 'hearts_half': 0, 'health_ratio': 0.0, 'link_pos': [824, 488]}
2026-05-25 14:00:32,022 WARNING games.zelda.policy: Low health | health_ratio=0.00 | task=Task(name='get_wooden_sword')
2026-05-25 14:00:32,071 INFO __main__: state={'hearts_full': 0, 'hearts_half': 0, 'health_ratio': 0.0, 'link_pos': [824, 488]}
2026-05-25 14:00:32,071 WARNING games.zelda.policy: Low health | health_ratio=0.00 | task=Task(name='get_wooden_sword')
2026-05-25 14:00:32,123 INFO __main__: state={'hearts_full': 0, 'hearts_half': 0, 'health_ratio': 0.0, 'link_pos': [824, 488]}
2026-05-25 14:00:32,123 WARNING games.zelda.policy: Low health | health_ratio=0.00 | task=Task(name='get_wooden_sword')
2026-05-25 14:00:32,173 INFO __main__: state={'hearts_full': 0, 'hearts_half': 0, 'health_ratio': 0.0, 'link_pos': [824, 488]}
2026-05-25 14:00:32,173 WARNING games.zelda.policy: Low health | health_ratio=0.00 | task=Task(name='get_wooden_sword')
2026-05-25 14:00:32,204 INFO __main__: state={'hearts_full': 0, 'hearts_half': 0, 'health_ratio': 0.0, 'link_pos': [824, 488]}
2026-05-25 14:00:32,205 WARNING games.zelda.policy: Low health | health_ratio=0.00 | task=Task(name='get_wooden_sword')
2026-05-25 14:00:32,243 INFO __main__: state={'hearts_full': 0, 'hearts_half': 0, 'health_ratio': 0.0, 'link_pos': [824, 488]}
2026-05-25 14:00:32,243 WARNING games.zelda.policy: Low health | health_ratio=0.00 | task=Task(name='get_wooden_sword')
2026-05-25 14:00:32,289 INFO __main__: state={'hearts_full': 0, 'hearts_half': 0, 'health_ratio': 0.0, 'link_pos': [824, 488]}
2026-05-25 14:00:32,290 WARNING games.zelda.policy: Low health | health_ratio=0.00 | task=Task(name='get_wooden_sword')
2026-05-25 14:00:32,323 INFO __main__: state={'hearts_full': 0, 'hearts_half': 0, 'health_ratio': 0.0, 'link_pos': [824, 488]}
2026-05-25 14:00:32,323 WARNING games.zelda.policy: Low health | health_ratio=0.00 | task=Task(name='get_wooden_sword')
2026-05-25 14:00:32,358 INFO __main__: state={'hearts_full': 0, 'hearts_half': 0, 'health_ratio': 0.0, 'link_pos': [824, 488]}
2026-05-25 14:00:32,359 WARNING games.zelda.policy: Low health | health_ratio=0.00 | task=Task(name='get_wooden_sword')
2026-05-25 14:00:32,405 INFO __main__: state={'hearts_full': 0, 'hearts_half': 0, 'health_ratio': 0.0, 'link_pos': [824, 488]}
2026-05-25 14:00:32,405 WARNING games.zelda.policy: Low health | health_ratio=0.00 | task=Task(name='get_wooden_sword')
2026-05-25 14:00:32,440 INFO __main__: state={'hearts_full': 0, 'hearts_half': 0, 'health_ratio': 0.0, 'link_pos': [824, 488]}
2026-05-25 14:00:32,440 WARNING games.zelda.policy: Low health | health_ratio=0.00 | task=Task(name='get_wooden_sword')
2026-05-25 14:00:32,472 INFO __main__: state={'hearts_full': 0, 'hearts_half': 0, 'health_ratio': 0.0, 'link_pos': [824, 488]}
2026-05-25 14:00:32,473 WARNING games.zelda.policy: Low health | health_ratio=0.00 | task=Task(name='get_wooden_sword')
2026-05-25 14:00:32,526 INFO __main__: state={'hearts_full': 0, 'hearts_half': 0, 'health_ratio': 0.0, 'link_pos': [824, 488]}
2026-05-25 14:00:32,526 WARNING games.zelda.policy: Low health | health_ratio=0.00 | task=Task(name='get_wooden_sword')
2026-05-25 14:00:32,579 INFO __main__: state={'hearts_full': 0, 'hearts_half': 0, 'health_ratio': 0.0, 'link_pos': [824, 488]}
2026-05-25 14:00:32,579 WARNING games.zelda.policy: Low health | health_ratio=0.00 | task=Task(name='get_wooden_sword')
2026-05-25 14:00:32,628 INFO __main__: state={'hearts_full': 0, 'hearts_half': 0, 'health_ratio': 0.0, 'link_pos': [824, 488]}
2026-05-25 14:00:32,628 WARNING games.zelda.policy: Low health | health_ratio=0.00 | task=Task(name='get_wooden_sword')
2026-05-25 14:00:32,680 INFO __main__: state={'hearts_full': 0, 'hearts_half': 0, 'health_ratio': 0.0, 'link_pos': [824, 488]}
2026-05-25 14:00:32,680 WARNING games.zelda.policy: Low health | health_ratio=0.00 | task=Task(name='get_wooden_sword')
2026-05-25 14:00:32,727 INFO __main__: state={'hearts_full': 0, 'hearts_half': 0, 'health_ratio': 0.0, 'link_pos': [824, 488]}
2026-05-25 14:00:32,727 WARNING games.zelda.policy: Low health | health_ratio=0.00 | task=Task(name='get_wooden_sword')
2026-05-25 14:00:32,779 INFO __main__: state={'hearts_full': 0, 'hearts_half': 0, 'health_ratio': 0.0, 'link_pos': [824, 488]}
2026-05-25 14:00:32,779 WARNING games.zelda.policy: Low health | health_ratio=0.00 | task=Task(name='get_wooden_sword')
2026-05-25 14:00:32,828 INFO __main__: state={'hearts_full': 0, 'hearts_half': 0, 'health_ratio': 0.0, 'link_pos': [824, 488]}
2026-05-25 14:00:32,828 WARNING games.zelda.policy: Low health | health_ratio=0.00 | task=Task(name='get_wooden_sword')
2026-05-25 14:00:32,879 INFO __main__: state={'hearts_full': 0, 'hearts_half': 0, 'health_ratio': 0.0, 'link_pos': [824, 488]}
2026-05-25 14:00:32,879 WARNING games.zelda.policy: Low health | health_ratio=0.00 | task=Task(name='get_wooden_sword')
2026-05-25 14:00:32,930 INFO __main__: state={'hearts_full': 0, 'hearts_half': 0, 'health_ratio': 0.0, 'link_pos': [824, 488]}
2026-05-25 14:00:32,931 WARNING games.zelda.policy: Low health | health_ratio=0.00 | task=Task(name='get_wooden_sword')
2026-05-25 14:00:32,979 INFO __main__: state={'hearts_full': 0, 'hearts_half': 0, 'health_ratio': 0.0, 'link_pos': [824, 488]}
2026-05-25 14:00:32,979 WARNING games.zelda.policy: Low health | health_ratio=0.00 | task=Task(name='get_wooden_sword')
2026-05-25 14:00:33,013 INFO __main__: state={'hearts_full': 0, 'hearts_half': 0, 'health_ratio': 0.0, 'link_pos': [824, 488]}
2026-05-25 14:00:33,013 WARNING games.zelda.policy: Low health | health_ratio=0.00 | task=Task(name='get_wooden_sword')
2026-05-25 14:00:33,060 INFO __main__: state={'hearts_full': 0, 'hearts_half': 0, 'health_ratio': 0.0, 'link_pos': [824, 488]}
2026-05-25 14:00:33,062 WARNING games.zelda.policy: Low health | health_ratio=0.00 | task=Task(name='get_wooden_sword')
2026-05-25 14:00:33,112 INFO __main__: state={'hearts_full': 0, 'hearts_half': 0, 'health_ratio': 0.0, 'link_pos': [824, 488]}
2026-05-25 14:00:33,113 WARNING games.zelda.policy: Low health | health_ratio=0.00 | task=Task(name='get_wooden_sword')
2026-05-25 14:00:33,165 INFO __main__: state={'hearts_full': 0, 'hearts_half': 0, 'health_ratio': 0.0, 'link_pos': [824, 488]}
2026-05-25 14:00:33,165 WARNING games.zelda.policy: Low health | health_ratio=0.00 | task=Task(name='get_wooden_sword')
2026-05-25 14:00:33,214 INFO __main__: state={'hearts_full': 0, 'hearts_half': 0, 'health_ratio': 0.0, 'link_pos': [824, 488]}
2026-05-25 14:00:33,214 WARNING games.zelda.policy: Low health | health_ratio=0.00 | task=Task(name='get_wooden_sword')
2026-05-25 14:00:33,263 INFO __main__: state={'hearts_full': 0, 'hearts_half': 0, 'health_ratio': 0.0, 'link_pos': [824, 488]}
2026-05-25 14:00:33,263 WARNING games.zelda.policy: Low health | health_ratio=0.00 | task=Task(name='get_wooden_sword')
2026-05-25 14:00:33,313 INFO __main__: state={'hearts_full': 0, 'hearts_half': 0, 'health_ratio': 0.0, 'link_pos': [824, 488]}
2026-05-25 14:00:33,313 WARNING games.zelda.policy: Low health | health_ratio=0.00 | task=Task(name='get_wooden_sword')
2026-05-25 14:00:33,360 INFO __main__: state={'hearts_full': 0, 'hearts_half': 0, 'health_ratio': 0.0, 'link_pos': [824, 488]}
2026-05-25 14:00:33,360 WARNING games.zelda.policy: Low health | health_ratio=0.00 | task=Task(name='get_wooden_sword')
2026-05-25 14:00:33,396 INFO __main__: state={'hearts_full': 0, 'hearts_half': 0, 'health_ratio': 0.0, 'link_pos': [824, 488]}
2026-05-25 14:00:33,397 WARNING games.zelda.policy: Low health | health_ratio=0.00 | task=Task(name='get_wooden_sword')
2026-05-25 14:00:33,445 INFO __main__: state={'hearts_full': 0, 'hearts_half': 0, 'health_ratio': 0.0, 'link_pos': [824, 488]}
2026-05-25 14:00:33,445 WARNING games.zelda.policy: Low health | health_ratio=0.00 | task=Task(name='get_wooden_sword')
2026-05-25 14:00:33,486 INFO __main__: state={'hearts_full': 0, 'hearts_half': 0, 'health_ratio': 0.0, 'link_pos': None}
2026-05-25 14:00:33,486 WARNING games.zelda.policy: Low health | health_ratio=0.00 | task=Task(name='get_wooden_sword')
2026-05-25 14:00:33,519 INFO __main__: state={'hearts_full': 0, 'hearts_half': 0, 'health_ratio': 0.0, 'link_pos': None}
2026-05-25 14:00:33,519 WARNING games.zelda.policy: Low health | health_ratio=0.00 | task=Task(name='get_wooden_sword')
2026-05-25 14:00:33,552 INFO __main__: state={'hearts_full': 0, 'hearts_half': 0, 'health_ratio': 0.0, 'link_pos': None}
2026-05-25 14:00:33,552 WARNING games.zelda.policy: Low health | health_ratio=0.00 | task=Task(name='get_wooden_sword')
2026-05-25 14:00:33,585 INFO __main__: state={'hearts_full': 0, 'hearts_half': 0, 'health_ratio': 0.0, 'link_pos': None}
2026-05-25 14:00:33,585 WARNING games.zelda.policy: Low health | health_ratio=0.00 | task=Task(name='get_wooden_sword')
2026-05-25 14:00:33,618 INFO __main__: state={'hearts_full': 0, 'hearts_half': 0, 'health_ratio': 0.0, 'link_pos': None}
2026-05-25 14:00:33,619 WARNING games.zelda.policy: Low health | health_ratio=0.00 | task=Task(name='get_wooden_sword')
2026-05-25 14:00:33,653 INFO __main__: state={'hearts_full': 0, 'hearts_half': 0, 'health_ratio': 0.0, 'link_pos': None}
2026-05-25 14:00:33,653 WARNING games.zelda.policy: Low health | health_ratio=0.00 | task=Task(name='get_wooden_sword')
2026-05-25 14:00:33,701 INFO __main__: state={'hearts_full': 0, 'hearts_half': 0, 'health_ratio': 0.0, 'link_pos': None}
2026-05-25 14:00:33,701 WARNING games.zelda.policy: Low health | health_ratio=0.00 | task=Task(name='get_wooden_sword')
2026-05-25 14:00:33,734 INFO __main__: state={'hearts_full': 0, 'hearts_half': 0, 'health_ratio': 0.0, 'link_pos': None}
2026-05-25 14:00:33,734 WARNING games.zelda.policy: Low health | health_ratio=0.00 | task=Task(name='get_wooden_sword')
2026-05-25 14:00:33,767 INFO __main__: state={'hearts_full': 0, 'hearts_half': 0, 'health_ratio': 0.0, 'link_pos': None}
2026-05-25 14:00:33,768 WARNING games.zelda.policy: Low health | health_ratio=0.00 | task=Task(name='get_wooden_sword')
2026-05-25 14:00:33,801 INFO __main__: state={'hearts_full': 0, 'hearts_half': 0, 'health_ratio': 0.0, 'link_pos': None}
2026-05-25 14:00:33,801 WARNING games.zelda.policy: Low health | health_ratio=0.00 | task=Task(name='get_wooden_sword')
2026-05-25 14:00:33,834 INFO __main__: state={'hearts_full': 0, 'hearts_half': 0, 'health_ratio': 0.0, 'link_pos': None}
2026-05-25 14:00:33,834 WARNING games.zelda.policy: Low health | health_ratio=0.00 | task=Task(name='get_wooden_sword')
2026-05-25 14:00:33,868 INFO __main__: state={'hearts_full': 0, 'hearts_half': 0, 'health_ratio': 0.0, 'link_pos': None}
2026-05-25 14:00:33,868 WARNING games.zelda.policy: Low health | health_ratio=0.00 | task=Task(name='get_wooden_sword')
2026-05-25 14:00:33,900 INFO __main__: state={'hearts_full': 0, 'hearts_half': 0, 'health_ratio': 0.0, 'link_pos': None}
2026-05-25 14:00:33,900 WARNING games.zelda.policy: Low health | health_ratio=0.00 | task=Task(name='get_wooden_sword')
2026-05-25 14:00:33,935 INFO __main__: state={'hearts_full': 0, 'hearts_half': 0, 'health_ratio': 0.0, 'link_pos': None}
2026-05-25 14:00:33,935 WARNING games.zelda.policy: Low health | health_ratio=0.00 | task=Task(name='get_wooden_sword')
2026-05-25 14:00:33,967 INFO __main__: state={'hearts_full': 0, 'hearts_half': 0, 'health_ratio': 0.0, 'link_pos': None}
2026-05-25 14:00:33,968 WARNING games.zelda.policy: Low health | health_ratio=0.00 | task=Task(name='get_wooden_sword')
2026-05-25 14:00:34,002 INFO __main__: state={'hearts_full': 0, 'hearts_half': 0, 'health_ratio': 0.0, 'link_pos': None}
2026-05-25 14:00:34,003 WARNING games.zelda.policy: Low health | health_ratio=0.00 | task=Task(name='get_wooden_sword')
2026-05-25 14:00:34,035 INFO __main__: state={'hearts_full': 0, 'hearts_half': 0, 'health_ratio': 0.0, 'link_pos': None}
2026-05-25 14:00:34,035 WARNING games.zelda.policy: Low health | health_ratio=0.00 | task=Task(name='get_wooden_sword')
2026-05-25 14:00:34,068 INFO __main__: state={'hearts_full': 0, 'hearts_half': 0, 'health_ratio': 0.0, 'link_pos': None}
2026-05-25 14:00:34,068 WARNING games.zelda.policy: Low health | health_ratio=0.00 | task=Task(name='get_wooden_sword')
2026-05-25 14:00:34,101 INFO __main__: state={'hearts_full': 0, 'hearts_half': 0, 'health_ratio': 0.0, 'link_pos': None}
2026-05-25 14:00:34,101 WARNING games.zelda.policy: Low health | health_ratio=0.00 | task=Task(name='get_wooden_sword')
2026-05-25 14:00:34,134 INFO __main__: state={'hearts_full': 0, 'hearts_half': 0, 'health_ratio': 0.0, 'link_pos': None}
2026-05-25 14:00:34,134 WARNING games.zelda.policy: Low health | health_ratio=0.00 | task=Task(name='get_wooden_sword')
2026-05-25 14:00:34,167 INFO __main__: state={'hearts_full': 0, 'hearts_half': 0, 'health_ratio': 0.0, 'link_pos': None}
2026-05-25 14:00:34,168 WARNING games.zelda.policy: Low health | health_ratio=0.00 | task=Task(name='get_wooden_sword')
2026-05-25 14:00:34,201 INFO __main__: state={'hearts_full': 0, 'hearts_half': 0, 'health_ratio': 0.0, 'link_pos': None}
2026-05-25 14:00:34,201 WARNING games.zelda.policy: Low health | health_ratio=0.00 | task=Task(name='get_wooden_sword')
2026-05-25 14:00:34,234 INFO __main__: state={'hearts_full': 0, 'hearts_half': 0, 'health_ratio': 0.0, 'link_pos': None}
2026-05-25 14:00:34,234 WARNING games.zelda.policy: Low health | health_ratio=0.00 | task=Task(name='get_wooden_sword')
2026-05-25 14:00:34,267 INFO __main__: state={'hearts_full': 0, 'hearts_half': 0, 'health_ratio': 0.0, 'link_pos': None}
2026-05-25 14:00:34,268 WARNING games.zelda.policy: Low health | health_ratio=0.00 | task=Task(name='get_wooden_sword')
2026-05-25 14:00:34,317 INFO __main__: state={'hearts_full': 0, 'hearts_half': 0, 'health_ratio': 0.0, 'link_pos': None}
2026-05-25 14:00:34,317 WARNING games.zelda.policy: Low health | health_ratio=0.00 | task=Task(name='get_wooden_sword')
2026-05-25 14:00:34,351 INFO __main__: state={'hearts_full': 0, 'hearts_half': 0, 'health_ratio': 0.0, 'link_pos': None}
2026-05-25 14:00:34,351 WARNING games.zelda.policy: Low health | health_ratio=0.00 | task=Task(name='get_wooden_sword')
2026-05-25 14:00:34,384 INFO __main__: state={'hearts_full': 0, 'hearts_half': 0, 'health_ratio': 0.0, 'link_pos': None}
2026-05-25 14:00:34,385 WARNING games.zelda.policy: Low health | health_ratio=0.00 | task=Task(name='get_wooden_sword')
2026-05-25 14:00:34,418 INFO __main__: state={'hearts_full': 0, 'hearts_half': 0, 'health_ratio': 0.0, 'link_pos': None}
2026-05-25 14:00:34,418 WARNING games.zelda.policy: Low health | health_ratio=0.00 | task=Task(name='get_wooden_sword')
2026-05-25 14:00:34,467 INFO __main__: state={'hearts_full': 0, 'hearts_half': 0, 'health_ratio': 0.0, 'link_pos': None}
2026-05-25 14:00:34,467 WARNING games.zelda.policy: Low health | health_ratio=0.00 | task=Task(name='get_wooden_sword')
2026-05-25 14:00:34,500 INFO __main__: state={'hearts_full': 0, 'hearts_half': 0, 'health_ratio': 0.0, 'link_pos': None}
2026-05-25 14:00:34,500 WARNING games.zelda.policy: Low health | health_ratio=0.00 | task=Task(name='get_wooden_sword')
2026-05-25 14:00:34,534 INFO __main__: state={'hearts_full': 0, 'hearts_half': 0, 'health_ratio': 0.0, 'link_pos': None}
2026-05-25 14:00:34,535 WARNING games.zelda.policy: Low health | health_ratio=0.00 | task=Task(name='get_wooden_sword')
2026-05-25 14:00:34,568 INFO __main__: state={'hearts_full': 0, 'hearts_half': 0, 'health_ratio': 0.0, 'link_pos': None}
2026-05-25 14:00:34,569 WARNING games.zelda.policy: Low health | health_ratio=0.00 | task=Task(name='get_wooden_sword')
2026-05-25 14:00:34,617 INFO __main__: state={'hearts_full': 0, 'hearts_half': 0, 'health_ratio': 0.0, 'link_pos': None}
2026-05-25 14:00:34,617 WARNING games.zelda.policy: Low health | health_ratio=0.00 | task=Task(name='get_wooden_sword')
2026-05-25 14:00:34,652 INFO __main__: state={'hearts_full': 0, 'hearts_half': 0, 'health_ratio': 0.0, 'link_pos': None}
2026-05-25 14:00:34,652 WARNING games.zelda.policy: Low health | health_ratio=0.00 | task=Task(name='get_wooden_sword')
2026-05-25 14:00:34,684 INFO __main__: state={'hearts_full': 0, 'hearts_half': 0, 'health_ratio': 0.0, 'link_pos': None}
2026-05-25 14:00:34,685 WARNING games.zelda.policy: Low health | health_ratio=0.00 | task=Task(name='get_wooden_sword')
2026-05-25 14:00:34,720 INFO __main__: state={'hearts_full': 0, 'hearts_half': 0, 'health_ratio': 0.0, 'link_pos': None}
2026-05-25 14:00:34,720 WARNING games.zelda.policy: Low health | health_ratio=0.00 | task=Task(name='get_wooden_sword')
2026-05-25 14:00:34,751 INFO __main__: state={'hearts_full': 0, 'hearts_half': 0, 'health_ratio': 0.0, 'link_pos': None}
2026-05-25 14:00:34,751 WARNING games.zelda.policy: Low health | health_ratio=0.00 | task=Task(name='get_wooden_sword')
2026-05-25 14:00:34,801 INFO __main__: state={'hearts_full': 0, 'hearts_half': 0, 'health_ratio': 0.0, 'link_pos': None}
2026-05-25 14:00:34,801 WARNING games.zelda.policy: Low health | health_ratio=0.00 | task=Task(name='get_wooden_sword')
2026-05-25 14:00:34,836 INFO __main__: state={'hearts_full': 0, 'hearts_half': 0, 'health_ratio': 0.0, 'link_pos': None}
2026-05-25 14:00:34,836 WARNING games.zelda.policy: Low health | health_ratio=0.00 | task=Task(name='get_wooden_sword')
2026-05-25 14:00:34,868 INFO __main__: state={'hearts_full': 0, 'hearts_half': 0, 'health_ratio': 0.0, 'link_pos': None}
2026-05-25 14:00:34,868 WARNING games.zelda.policy: Low health | health_ratio=0.00 | task=Task(name='get_wooden_sword')
2026-05-25 14:00:34,900 INFO __main__: state={'hearts_full': 0, 'hearts_half': 0, 'health_ratio': 0.0, 'link_pos': None}
2026-05-25 14:00:34,901 WARNING games.zelda.policy: Low health | health_ratio=0.00 | task=Task(name='get_wooden_sword')
2026-05-25 14:00:34,934 INFO __main__: state={'hearts_full': 0, 'hearts_half': 0, 'health_ratio': 0.0, 'link_pos': None}
2026-05-25 14:00:34,934 WARNING games.zelda.policy: Low health | health_ratio=0.00 | task=Task(name='get_wooden_sword')
2026-05-25 14:00:34,968 INFO __main__: state={'hearts_full': 0, 'hearts_half': 0, 'health_ratio': 0.0, 'link_pos': None}
2026-05-25 14:00:34,968 WARNING games.zelda.policy: Low health | health_ratio=0.00 | task=Task(name='get_wooden_sword')
2026-05-25 14:00:35,017 INFO __main__: state={'hearts_full': 0, 'hearts_half': 0, 'health_ratio': 0.0, 'link_pos': None}
2026-05-25 14:00:35,018 WARNING games.zelda.policy: Low health | health_ratio=0.00 | task=Task(name='get_wooden_sword')
2026-05-25 14:00:35,052 INFO __main__: state={'hearts_full': 0, 'hearts_half': 0, 'health_ratio': 0.0, 'link_pos': None}
2026-05-25 14:00:35,052 WARNING games.zelda.policy: Low health | health_ratio=0.00 | task=Task(name='get_wooden_sword')
2026-05-25 14:00:35,105 INFO __main__: state={'hearts_full': 0, 'hearts_half': 0, 'health_ratio': 0.0, 'link_pos': None}
2026-05-25 14:00:35,105 WARNING games.zelda.policy: Low health | health_ratio=0.00 | task=Task(name='get_wooden_sword')
2026-05-25 14:00:35,145 INFO __main__: state={'hearts_full': 0, 'hearts_half': 0, 'health_ratio': 0.0, 'link_pos': None}
2026-05-25 14:00:35,145 WARNING games.zelda.policy: Low health | health_ratio=0.00 | task=Task(name='get_wooden_sword')
2026-05-25 14:00:35,188 INFO __main__: state={'hearts_full': 0, 'hearts_half': 0, 'health_ratio': 0.0, 'link_pos': None}
2026-05-25 14:00:35,189 WARNING games.zelda.policy: Low health | health_ratio=0.00 | task=Task(name='get_wooden_sword')
2026-05-25 14:00:35,229 INFO __main__: state={'hearts_full': 0, 'hearts_half': 0, 'health_ratio': 0.0, 'link_pos': [4, 501]}
2026-05-25 14:00:35,230 WARNING games.zelda.policy: Low health | health_ratio=0.00 | task=Task(name='get_wooden_sword')
2026-05-25 14:00:35,273 INFO __main__: state={'hearts_full': 0, 'hearts_half': 0, 'health_ratio': 0.0, 'link_pos': [10, 492]}
2026-05-25 14:00:35,273 WARNING games.zelda.policy: Low health | health_ratio=0.00 | task=Task(name='get_wooden_sword')
2026-05-25 14:00:35,324 INFO __main__: state={'hearts_full': 0, 'hearts_half': 0, 'health_ratio': 0.0, 'link_pos': [440, 630]}
2026-05-25 14:00:35,324 WARNING games.zelda.policy: Low health | health_ratio=0.00 | task=Task(name='get_wooden_sword')
2026-05-25 14:00:35,391 INFO __main__: state={'hearts_full': 0, 'hearts_half': 0, 'health_ratio': 0.0, 'link_pos': [824, 488]}
2026-05-25 14:00:35,392 WARNING games.zelda.policy: Low health | health_ratio=0.00 | task=Task(name='get_wooden_sword')
2026-05-25 14:00:35,449 INFO __main__: state={'hearts_full': 0, 'hearts_half': 0, 'health_ratio': 0.0, 'link_pos': [824, 488]}
2026-05-25 14:00:35,449 WARNING games.zelda.policy: Low health | health_ratio=0.00 | task=Task(name='get_wooden_sword')
2026-05-25 14:00:35,491 INFO __main__: state={'hearts_full': 0, 'hearts_half': 0, 'health_ratio': 0.0, 'link_pos': [824, 488]}
2026-05-25 14:00:35,491 WARNING games.zelda.policy: Low health | health_ratio=0.00 | task=Task(name='get_wooden_sword')
2026-05-25 14:00:35,538 INFO __main__: state={'hearts_full': 0, 'hearts_half': 0, 'health_ratio': 0.0, 'link_pos': [824, 488]}
2026-05-25 14:00:35,538 WARNING games.zelda.policy: Low health | health_ratio=0.00 | task=Task(name='get_wooden_sword')
2026-05-25 14:00:35,571 INFO __main__: state={'hearts_full': 0, 'hearts_half': 0, 'health_ratio': 0.0, 'link_pos': [824, 488]}
2026-05-25 14:00:35,573 WARNING games.zelda.policy: Low health | health_ratio=0.00 | task=Task(name='get_wooden_sword')
2026-05-25 14:00:35,606 INFO __main__: state={'hearts_full': 0, 'hearts_half': 0, 'health_ratio': 0.0, 'link_pos': [824, 488]}
2026-05-25 14:00:35,607 WARNING games.zelda.policy: Low health | health_ratio=0.00 | task=Task(name='get_wooden_sword')
2026-05-25 14:00:35,656 INFO __main__: state={'hearts_full': 0, 'hearts_half': 0, 'health_ratio': 0.0, 'link_pos': [824, 488]}
2026-05-25 14:00:35,657 WARNING games.zelda.policy: Low health | health_ratio=0.00 | task=Task(name='get_wooden_sword')
2026-05-25 14:00:35,691 INFO __main__: state={'hearts_full': 0, 'hearts_half': 0, 'health_ratio': 0.0, 'link_pos': [824, 488]}
2026-05-25 14:00:35,692 WARNING games.zelda.policy: Low health | health_ratio=0.00 | task=Task(name='get_wooden_sword')
2026-05-25 14:00:35,740 INFO __main__: state={'hearts_full': 0, 'hearts_half': 0, 'health_ratio': 0.0, 'link_pos': [824, 488]}
2026-05-25 14:00:35,741 WARNING games.zelda.policy: Low health | health_ratio=0.00 | task=Task(name='get_wooden_sword')
2026-05-25 14:00:35,773 INFO __main__: state={'hearts_full': 0, 'hearts_half': 0, 'health_ratio': 0.0, 'link_pos': [824, 488]}
2026-05-25 14:00:35,774 WARNING games.zelda.policy: Low health | health_ratio=0.00 | task=Task(name='get_wooden_sword')
2026-05-25 14:00:35,807 INFO __main__: state={'hearts_full': 0, 'hearts_half': 0, 'health_ratio': 0.0, 'link_pos': [824, 488]}
2026-05-25 14:00:35,807 WARNING games.zelda.policy: Low health | health_ratio=0.00 | task=Task(name='get_wooden_sword')
2026-05-25 14:00:35,842 INFO __main__: state={'hearts_full': 0, 'hearts_half': 0, 'health_ratio': 0.0, 'link_pos': [824, 488]}
2026-05-25 14:00:35,843 WARNING games.zelda.policy: Low health | health_ratio=0.00 | task=Task(name='get_wooden_sword')
2026-05-25 14:00:35,890 INFO __main__: state={'hearts_full': 0, 'hearts_half': 0, 'health_ratio': 0.0, 'link_pos': [824, 488]}
2026-05-25 14:00:35,890 WARNING games.zelda.policy: Low health | health_ratio=0.00 | task=Task(name='get_wooden_sword')
2026-05-25 14:00:35,939 INFO __main__: state={'hearts_full': 0, 'hearts_half': 0, 'health_ratio': 0.0, 'link_pos': [824, 488]}
2026-05-25 14:00:35,939 WARNING games.zelda.policy: Low health | health_ratio=0.00 | task=Task(name='get_wooden_sword')
2026-05-25 14:00:35,972 INFO __main__: state={'hearts_full': 0, 'hearts_half': 0, 'health_ratio': 0.0, 'link_pos': [824, 488]}
2026-05-25 14:00:35,974 WARNING games.zelda.policy: Low health | health_ratio=0.00 | task=Task(name='get_wooden_sword')
2026-05-25 14:00:36,007 INFO __main__: state={'hearts_full': 0, 'hearts_half': 0, 'health_ratio': 0.0, 'link_pos': [824, 488]}
2026-05-25 14:00:36,008 WARNING games.zelda.policy: Low health | health_ratio=0.00 | task=Task(name='get_wooden_sword')
2026-05-25 14:00:36,062 INFO __main__: state={'hearts_full': 0, 'hearts_half': 0, 'health_ratio': 0.0, 'link_pos': [824, 488]}
2026-05-25 14:00:36,062 WARNING games.zelda.policy: Low health | health_ratio=0.00 | task=Task(name='get_wooden_sword')
2026-05-25 14:00:36,105 INFO __main__: state={'hearts_full': 0, 'hearts_half': 0, 'health_ratio': 0.0, 'link_pos': [824, 488]}
2026-05-25 14:00:36,106 WARNING games.zelda.policy: Low health | health_ratio=0.00 | task=Task(name='get_wooden_sword')
2026-05-25 14:00:36,139 INFO __main__: state={'hearts_full': 0, 'hearts_half': 0, 'health_ratio': 0.0, 'link_pos': [824, 488]}
2026-05-25 14:00:36,141 WARNING games.zelda.policy: Low health | health_ratio=0.00 | task=Task(name='get_wooden_sword')
2026-05-25 14:00:36,173 INFO __main__: state={'hearts_full': 0, 'hearts_half': 0, 'health_ratio': 0.0, 'link_pos': [824, 488]}
2026-05-25 14:00:36,173 WARNING games.zelda.policy: Low health | health_ratio=0.00 | task=Task(name='get_wooden_sword')
2026-05-25 14:00:36,207 INFO __main__: state={'hearts_full': 0, 'hearts_half': 0, 'health_ratio': 0.0, 'link_pos': [824, 488]}
2026-05-25 14:00:36,207 WARNING games.zelda.policy: Low health | health_ratio=0.00 | task=Task(name='get_wooden_sword')
2026-05-25 14:00:36,239 INFO __main__: state={'hearts_full': 0, 'hearts_half': 0, 'health_ratio': 0.0, 'link_pos': [824, 488]}
2026-05-25 14:00:36,239 WARNING games.zelda.policy: Low health | health_ratio=0.00 | task=Task(name='get_wooden_sword')
2026-05-25 14:00:36,276 INFO __main__: state={'hearts_full': 0, 'hearts_half': 0, 'health_ratio': 0.0, 'link_pos': [824, 488]}
2026-05-25 14:00:36,277 WARNING games.zelda.policy: Low health | health_ratio=0.00 | task=Task(name='get_wooden_sword')
2026-05-25 14:00:36,321 INFO __main__: state={'hearts_full': 0, 'hearts_half': 0, 'health_ratio': 0.0, 'link_pos': [824, 488]}
2026-05-25 14:00:36,322 WARNING games.zelda.policy: Low health | health_ratio=0.00 | task=Task(name='get_wooden_sword')
2026-05-25 14:00:36,356 INFO __main__: state={'hearts_full': 0, 'hearts_half': 0, 'health_ratio': 0.0, 'link_pos': [824, 488]}
2026-05-25 14:00:36,357 WARNING games.zelda.policy: Low health | health_ratio=0.00 | task=Task(name='get_wooden_sword')
2026-05-25 14:00:36,405 INFO __main__: state={'hearts_full': 0, 'hearts_half': 0, 'health_ratio': 0.0, 'link_pos': [824, 488]}
2026-05-25 14:00:36,406 WARNING games.zelda.policy: Low health | health_ratio=0.00 | task=Task(name='get_wooden_sword')
2026-05-25 14:00:36,439 INFO __main__: state={'hearts_full': 0, 'hearts_half': 0, 'health_ratio': 0.0, 'link_pos': [824, 488]}
2026-05-25 14:00:36,441 WARNING games.zelda.policy: Low health | health_ratio=0.00 | task=Task(name='get_wooden_sword')
2026-05-25 14:00:36,473 INFO __main__: state={'hearts_full': 0, 'hearts_half': 0, 'health_ratio': 0.0, 'link_pos': [824, 488]}
2026-05-25 14:00:36,473 WARNING games.zelda.policy: Low health | health_ratio=0.00 | task=Task(name='get_wooden_sword')
2026-05-25 14:00:36,522 INFO __main__: state={'hearts_full': 0, 'hearts_half': 0, 'health_ratio': 0.0, 'link_pos': [824, 488]}
2026-05-25 14:00:36,522 WARNING games.zelda.policy: Low health | health_ratio=0.00 | task=Task(name='get_wooden_sword')
2026-05-25 14:00:36,574 INFO __main__: state={'hearts_full': 0, 'hearts_half': 0, 'health_ratio': 0.0, 'link_pos': [824, 488]}
2026-05-25 14:00:36,575 WARNING games.zelda.policy: Low health | health_ratio=0.00 | task=Task(name='get_wooden_sword')
2026-05-25 14:00:36,622 INFO __main__: state={'hearts_full': 0, 'hearts_half': 0, 'health_ratio': 0.0, 'link_pos': [824, 488]}
2026-05-25 14:00:36,622 WARNING games.zelda.policy: Low health | health_ratio=0.00 | task=Task(name='get_wooden_sword')
2026-05-25 14:00:36,655 INFO __main__: state={'hearts_full': 0, 'hearts_half': 0, 'health_ratio': 0.0, 'link_pos': [824, 488]}
2026-05-25 14:00:36,655 WARNING games.zelda.policy: Low health | health_ratio=0.00 | task=Task(name='get_wooden_sword')
2026-05-25 14:00:36,688 INFO __main__: state={'hearts_full': 0, 'hearts_half': 0, 'health_ratio': 0.0, 'link_pos': [824, 488]}
2026-05-25 14:00:36,689 WARNING games.zelda.policy: Low health | health_ratio=0.00 | task=Task(name='get_wooden_sword')
2026-05-25 14:00:36,740 INFO __main__: state={'hearts_full': 0, 'hearts_half': 0, 'health_ratio': 0.0, 'link_pos': [824, 488]}
2026-05-25 14:00:36,740 WARNING games.zelda.policy: Low health | health_ratio=0.00 | task=Task(name='get_wooden_sword')
2026-05-25 14:00:36,789 INFO __main__: state={'hearts_full': 0, 'hearts_half': 0, 'health_ratio': 0.0, 'link_pos': [824, 488]}
2026-05-25 14:00:36,789 WARNING games.zelda.policy: Low health | health_ratio=0.00 | task=Task(name='get_wooden_sword')
2026-05-25 14:00:36,824 INFO __main__: state={'hearts_full': 0, 'hearts_half': 0, 'health_ratio': 0.0, 'link_pos': [824, 488]}
2026-05-25 14:00:36,824 WARNING games.zelda.policy: Low health | health_ratio=0.00 | task=Task(name='get_wooden_sword')
2026-05-25 14:00:36,857 INFO __main__: state={'hearts_full': 0, 'hearts_half': 0, 'health_ratio': 0.0, 'link_pos': [824, 488]}
2026-05-25 14:00:36,857 WARNING games.zelda.policy: Low health | health_ratio=0.00 | task=Task(name='get_wooden_sword')
2026-05-25 14:00:36,888 INFO __main__: state={'hearts_full': 0, 'hearts_half': 0, 'health_ratio': 0.0, 'link_pos': [824, 488]}
2026-05-25 14:00:36,888 WARNING games.zelda.policy: Low health | health_ratio=0.00 | task=Task(name='get_wooden_sword')
2026-05-25 14:00:36,938 INFO __main__: state={'hearts_full': 0, 'hearts_half': 0, 'health_ratio': 0.0, 'link_pos': [824, 488]}
2026-05-25 14:00:36,939 WARNING games.zelda.policy: Low health | health_ratio=0.00 | task=Task(name='get_wooden_sword')
2026-05-25 14:00:36,977 INFO __main__: state={'hearts_full': 0, 'hearts_half': 0, 'health_ratio': 0.0, 'link_pos': [824, 488]}
2026-05-25 14:00:36,977 WARNING games.zelda.policy: Low health | health_ratio=0.00 | task=Task(name='get_wooden_sword')
2026-05-25 14:00:37,023 INFO __main__: state={'hearts_full': 0, 'hearts_half': 0, 'health_ratio': 0.0, 'link_pos': [824, 488]}
2026-05-25 14:00:37,023 WARNING games.zelda.policy: Low health | health_ratio=0.00 | task=Task(name='get_wooden_sword')
2026-05-25 14:00:37,058 INFO __main__: state={'hearts_full': 0, 'hearts_half': 0, 'health_ratio': 0.0, 'link_pos': [824, 488]}
2026-05-25 14:00:37,059 WARNING games.zelda.policy: Low health | health_ratio=0.00 | task=Task(name='get_wooden_sword')
2026-05-25 14:00:37,108 INFO __main__: state={'hearts_full': 0, 'hearts_half': 0, 'health_ratio': 0.0, 'link_pos': [824, 488]}
2026-05-25 14:00:37,109 WARNING games.zelda.policy: Low health | health_ratio=0.00 | task=Task(name='get_wooden_sword')
2026-05-25 14:00:37,146 INFO __main__: state={'hearts_full': 0, 'hearts_half': 0, 'health_ratio': 0.0, 'link_pos': [824, 488]}
2026-05-25 14:00:37,146 WARNING games.zelda.policy: Low health | health_ratio=0.00 | task=Task(name='get_wooden_sword')
2026-05-25 14:00:37,178 INFO __main__: state={'hearts_full': 0, 'hearts_half': 0, 'health_ratio': 0.0, 'link_pos': [824, 488]}
2026-05-25 14:00:37,179 WARNING games.zelda.policy: Low health | health_ratio=0.00 | task=Task(name='get_wooden_sword')
2026-05-25 14:00:37,229 INFO __main__: state={'hearts_full': 0, 'hearts_half': 0, 'health_ratio': 0.0, 'link_pos': [824, 488]}
2026-05-25 14:00:37,229 WARNING games.zelda.policy: Low health | health_ratio=0.00 | task=Task(name='get_wooden_sword')
2026-05-25 14:00:37,279 INFO __main__: state={'hearts_full': 0, 'hearts_half': 0, 'health_ratio': 0.0, 'link_pos': [824, 488]}
2026-05-25 14:00:37,280 WARNING games.zelda.policy: Low health | health_ratio=0.00 | task=Task(name='get_wooden_sword')
2026-05-25 14:00:37,330 INFO __main__: state={'hearts_full': 0, 'hearts_half': 0, 'health_ratio': 0.0, 'link_pos': [824, 488]}
2026-05-25 14:00:37,330 WARNING games.zelda.policy: Low health | health_ratio=0.00 | task=Task(name='get_wooden_sword')
2026-05-25 14:00:37,379 INFO __main__: state={'hearts_full': 0, 'hearts_half': 0, 'health_ratio': 0.0, 'link_pos': [824, 488]}
2026-05-25 14:00:37,379 WARNING games.zelda.policy: Low health | health_ratio=0.00 | task=Task(name='get_wooden_sword')
2026-05-25 14:00:37,431 INFO __main__: state={'hearts_full': 0, 'hearts_half': 0, 'health_ratio': 0.0, 'link_pos': [824, 488]}
2026-05-25 14:00:37,431 WARNING games.zelda.policy: Low health | health_ratio=0.00 | task=Task(name='get_wooden_sword')
2026-05-25 14:00:37,480 INFO __main__: state={'hearts_full': 0, 'hearts_half': 0, 'health_ratio': 0.0, 'link_pos': [824, 488]}
2026-05-25 14:00:37,480 WARNING games.zelda.policy: Low health | health_ratio=0.00 | task=Task(name='get_wooden_sword')
2026-05-25 14:00:37,531 INFO __main__: state={'hearts_full': 0, 'hearts_half': 0, 'health_ratio': 0.0, 'link_pos': [824, 488]}
2026-05-25 14:00:37,531 WARNING games.zelda.policy: Low health | health_ratio=0.00 | task=Task(name='get_wooden_sword')
2026-05-25 14:00:37,581 INFO __main__: state={'hearts_full': 0, 'hearts_half': 0, 'health_ratio': 0.0, 'link_pos': [824, 488]}
2026-05-25 14:00:37,581 WARNING games.zelda.policy: Low health | health_ratio=0.00 | task=Task(name='get_wooden_sword')
2026-05-25 14:00:37,631 INFO __main__: state={'hearts_full': 0, 'hearts_half': 0, 'health_ratio': 0.0, 'link_pos': [824, 488]}
2026-05-25 14:00:37,631 WARNING games.zelda.policy: Low health | health_ratio=0.00 | task=Task(name='get_wooden_sword')
2026-05-25 14:00:37,678 INFO __main__: state={'hearts_full': 0, 'hearts_half': 0, 'health_ratio': 0.0, 'link_pos': [824, 488]}
2026-05-25 14:00:37,678 WARNING games.zelda.policy: Low health | health_ratio=0.00 | task=Task(name='get_wooden_sword')
2026-05-25 14:00:37,731 INFO __main__: state={'hearts_full': 0, 'hearts_half': 0, 'health_ratio': 0.0, 'link_pos': [824, 488]}
2026-05-25 14:00:37,732 WARNING games.zelda.policy: Low health | health_ratio=0.00 | task=Task(name='get_wooden_sword')
2026-05-25 14:00:37,778 INFO __main__: state={'hearts_full': 0, 'hearts_half': 0, 'health_ratio': 0.0, 'link_pos': [824, 488]}
2026-05-25 14:00:37,778 WARNING games.zelda.policy: Low health | health_ratio=0.00 | task=Task(name='get_wooden_sword')
2026-05-25 14:00:37,813 INFO __main__: state={'hearts_full': 0, 'hearts_half': 0, 'health_ratio': 0.0, 'link_pos': [824, 488]}
2026-05-25 14:00:37,813 WARNING games.zelda.policy: Low health | health_ratio=0.00 | task=Task(name='get_wooden_sword')
2026-05-25 14:00:37,860 INFO __main__: state={'hearts_full': 0, 'hearts_half': 0, 'health_ratio': 0.0, 'link_pos': [440, 630]}
2026-05-25 14:00:37,860 WARNING games.zelda.policy: Low health | health_ratio=0.00 | task=Task(name='get_wooden_sword')
2026-05-25 14:00:37,907 INFO __main__: state={'hearts_full': 0, 'hearts_half': 0, 'health_ratio': 0.0, 'link_pos': [440, 630]}
2026-05-25 14:00:37,907 WARNING games.zelda.policy: Low health | health_ratio=0.00 | task=Task(name='get_wooden_sword')
2026-05-25 14:00:37,938 INFO __main__: state={'hearts_full': 0, 'hearts_half': 0, 'health_ratio': 0.0, 'link_pos': [440, 630]}
2026-05-25 14:00:37,938 WARNING games.zelda.policy: Low health | health_ratio=0.00 | task=Task(name='get_wooden_sword')
2026-05-25 14:00:37,992 INFO __main__: state={'hearts_full': 0, 'hearts_half': 0, 'health_ratio': 0.0, 'link_pos': [440, 630]}
2026-05-25 14:00:37,993 WARNING games.zelda.policy: Low health | health_ratio=0.00 | task=Task(name='get_wooden_sword')
2026-05-25 14:00:38,038 INFO __main__: state={'hearts_full': 0, 'hearts_half': 0, 'health_ratio': 0.0, 'link_pos': [440, 630]}
2026-05-25 14:00:38,038 WARNING games.zelda.policy: Low health | health_ratio=0.00 | task=Task(name='get_wooden_sword')
2026-05-25 14:00:38,073 INFO __main__: state={'hearts_full': 0, 'hearts_half': 0, 'health_ratio': 0.0, 'link_pos': [440, 630]}
2026-05-25 14:00:38,074 WARNING games.zelda.policy: Low health | health_ratio=0.00 | task=Task(name='get_wooden_sword')
2026-05-25 14:00:38,121 INFO __main__: state={'hearts_full': 0, 'hearts_half': 0, 'health_ratio': 0.0, 'link_pos': [440, 630]}
2026-05-25 14:00:38,121 WARNING games.zelda.policy: Low health | health_ratio=0.00 | task=Task(name='get_wooden_sword')
2026-05-25 14:00:38,155 INFO __main__: state={'hearts_full': 0, 'hearts_half': 0, 'health_ratio': 0.0, 'link_pos': [440, 630]}
2026-05-25 14:00:38,155 WARNING games.zelda.policy: Low health | health_ratio=0.00 | task=Task(name='get_wooden_sword')
2026-05-25 14:00:38,203 INFO __main__: state={'hearts_full': 0, 'hearts_half': 0, 'health_ratio': 0.0, 'link_pos': [440, 630]}
2026-05-25 14:00:38,203 WARNING games.zelda.policy: Low health | health_ratio=0.00 | task=Task(name='get_wooden_sword')
2026-05-25 14:00:38,253 INFO __main__: state={'hearts_full': 0, 'hearts_half': 0, 'health_ratio': 0.0, 'link_pos': [440, 630]}
2026-05-25 14:00:38,253 WARNING games.zelda.policy: Low health | health_ratio=0.00 | task=Task(name='get_wooden_sword')
2026-05-25 14:00:38,287 INFO __main__: state={'hearts_full': 0, 'hearts_half': 0, 'health_ratio': 0.0, 'link_pos': [440, 630]}
2026-05-25 14:00:38,287 WARNING games.zelda.policy: Low health | health_ratio=0.00 | task=Task(name='get_wooden_sword')
2026-05-25 14:00:38,319 INFO __main__: state={'hearts_full': 0, 'hearts_half': 0, 'health_ratio': 0.0, 'link_pos': [440, 630]}
2026-05-25 14:00:38,320 WARNING games.zelda.policy: Low health | health_ratio=0.00 | task=Task(name='get_wooden_sword')
2026-05-25 14:00:38,354 INFO __main__: state={'hearts_full': 0, 'hearts_half': 0, 'health_ratio': 0.0, 'link_pos': [440, 630]}
2026-05-25 14:00:38,354 WARNING games.zelda.policy: Low health | health_ratio=0.00 | task=Task(name='get_wooden_sword')
2026-05-25 14:00:38,403 INFO __main__: state={'hearts_full': 0, 'hearts_half': 0, 'health_ratio': 0.0, 'link_pos': [440, 630]}
2026-05-25 14:00:38,403 WARNING games.zelda.policy: Low health | health_ratio=0.00 | task=Task(name='get_wooden_sword')
2026-05-25 14:00:38,436 INFO __main__: state={'hearts_full': 0, 'hearts_half': 0, 'health_ratio': 0.0, 'link_pos': [440, 630]}
2026-05-25 14:00:38,436 WARNING games.zelda.policy: Low health | health_ratio=0.00 | task=Task(name='get_wooden_sword')
2026-05-25 14:00:38,488 INFO __main__: state={'hearts_full': 0, 'hearts_half': 0, 'health_ratio': 0.0, 'link_pos': [440, 630]}
2026-05-25 14:00:38,489 WARNING games.zelda.policy: Low health | health_ratio=0.00 | task=Task(name='get_wooden_sword')
2026-05-25 14:00:38,524 INFO __main__: state={'hearts_full': 0, 'hearts_half': 0, 'health_ratio': 0.0, 'link_pos': [440, 630]}
2026-05-25 14:00:38,524 WARNING games.zelda.policy: Low health | health_ratio=0.00 | task=Task(name='get_wooden_sword')
2026-05-25 14:00:38,559 INFO __main__: state={'hearts_full': 0, 'hearts_half': 0, 'health_ratio': 0.0, 'link_pos': [440, 630]}
2026-05-25 14:00:38,559 WARNING games.zelda.policy: Low health | health_ratio=0.00 | task=Task(name='get_wooden_sword')
2026-05-25 14:00:38,588 INFO __main__: state={'hearts_full': 0, 'hearts_half': 0, 'health_ratio': 0.0, 'link_pos': [440, 630]}
2026-05-25 14:00:38,589 WARNING games.zelda.policy: Low health | health_ratio=0.00 | task=Task(name='get_wooden_sword')
2026-05-25 14:00:38,621 INFO __main__: state={'hearts_full': 0, 'hearts_half': 0, 'health_ratio': 0.0, 'link_pos': [440, 630]}
2026-05-25 14:00:38,621 WARNING games.zelda.policy: Low health | health_ratio=0.00 | task=Task(name='get_wooden_sword')
2026-05-25 14:00:38,655 INFO __main__: state={'hearts_full': 0, 'hearts_half': 0, 'health_ratio': 0.0, 'link_pos': [440, 630]}
2026-05-25 14:00:38,656 WARNING games.zelda.policy: Low health | health_ratio=0.00 | task=Task(name='get_wooden_sword')
2026-05-25 14:00:38,689 INFO __main__: state={'hearts_full': 0, 'hearts_half': 0, 'health_ratio': 0.0, 'link_pos': [440, 630]}
2026-05-25 14:00:38,689 WARNING games.zelda.policy: Low health | health_ratio=0.00 | task=Task(name='get_wooden_sword')
2026-05-25 14:00:38,736 INFO __main__: state={'hearts_full': 0, 'hearts_half': 0, 'health_ratio': 0.0, 'link_pos': [440, 630]}
2026-05-25 14:00:38,736 WARNING games.zelda.policy: Low health | health_ratio=0.00 | task=Task(name='get_wooden_sword')
2026-05-25 14:00:38,770 INFO __main__: state={'hearts_full': 0, 'hearts_half': 0, 'health_ratio': 0.0, 'link_pos': [440, 630]}
2026-05-25 14:00:38,770 WARNING games.zelda.policy: Low health | health_ratio=0.00 | task=Task(name='get_wooden_sword')
2026-05-25 14:00:38,804 INFO __main__: state={'hearts_full': 0, 'hearts_half': 0, 'health_ratio': 0.0, 'link_pos': [440, 630]}
2026-05-25 14:00:38,804 WARNING games.zelda.policy: Low health | health_ratio=0.00 | task=Task(name='get_wooden_sword')
2026-05-25 14:00:38,837 INFO __main__: state={'hearts_full': 0, 'hearts_half': 0, 'health_ratio': 0.0, 'link_pos': [440, 630]}
2026-05-25 14:00:38,837 WARNING games.zelda.policy: Low health | health_ratio=0.00 | task=Task(name='get_wooden_sword')
2026-05-25 14:00:38,874 INFO __main__: state={'hearts_full': 0, 'hearts_half': 0, 'health_ratio': 0.0, 'link_pos': [440, 630]}
2026-05-25 14:00:38,874 WARNING games.zelda.policy: Low health | health_ratio=0.00 | task=Task(name='get_wooden_sword')
2026-05-25 14:00:38,905 INFO __main__: state={'hearts_full': 0, 'hearts_half': 0, 'health_ratio': 0.0, 'link_pos': [440, 630]}
2026-05-25 14:00:38,905 WARNING games.zelda.policy: Low health | health_ratio=0.00 | task=Task(name='get_wooden_sword')
2026-05-25 14:00:38,955 INFO __main__: state={'hearts_full': 0, 'hearts_half': 0, 'health_ratio': 0.0, 'link_pos': [440, 630]}
2026-05-25 14:00:38,955 WARNING games.zelda.policy: Low health | health_ratio=0.00 | task=Task(name='get_wooden_sword')
2026-05-25 14:00:38,988 INFO __main__: state={'hearts_full': 0, 'hearts_half': 0, 'health_ratio': 0.0, 'link_pos': [440, 630]}
2026-05-25 14:00:38,988 WARNING games.zelda.policy: Low health | health_ratio=0.00 | task=Task(name='get_wooden_sword')
2026-05-25 14:00:39,020 INFO __main__: state={'hearts_full': 0, 'hearts_half': 0, 'health_ratio': 0.0, 'link_pos': [440, 630]}
2026-05-25 14:00:39,020 WARNING games.zelda.policy: Low health | health_ratio=0.00 | task=Task(name='get_wooden_sword')
2026-05-25 14:00:39,053 INFO __main__: state={'hearts_full': 0, 'hearts_half': 0, 'health_ratio': 0.0, 'link_pos': [440, 630]}
2026-05-25 14:00:39,054 WARNING games.zelda.policy: Low health | health_ratio=0.00 | task=Task(name='get_wooden_sword')
2026-05-25 14:00:39,103 INFO __main__: state={'hearts_full': 0, 'hearts_half': 0, 'health_ratio': 0.0, 'link_pos': [440, 630]}
2026-05-25 14:00:39,103 WARNING games.zelda.policy: Low health | health_ratio=0.00 | task=Task(name='get_wooden_sword')
2026-05-25 14:00:39,153 INFO __main__: state={'hearts_full': 0, 'hearts_half': 0, 'health_ratio': 0.0, 'link_pos': [440, 630]}
2026-05-25 14:00:39,153 WARNING games.zelda.policy: Low health | health_ratio=0.00 | task=Task(name='get_wooden_sword')
2026-05-25 14:00:39,203 INFO __main__: state={'hearts_full': 0, 'hearts_half': 0, 'health_ratio': 0.0, 'link_pos': [440, 630]}
2026-05-25 14:00:39,203 WARNING games.zelda.policy: Low health | health_ratio=0.00 | task=Task(name='get_wooden_sword')
2026-05-25 14:00:39,237 INFO __main__: state={'hearts_full': 0, 'hearts_half': 0, 'health_ratio': 0.0, 'link_pos': [440, 630]}
2026-05-25 14:00:39,237 WARNING games.zelda.policy: Low health | health_ratio=0.00 | task=Task(name='get_wooden_sword')
2026-05-25 14:00:39,270 INFO __main__: state={'hearts_full': 0, 'hearts_half': 0, 'health_ratio': 0.0, 'link_pos': [440, 630]}
2026-05-25 14:00:39,271 WARNING games.zelda.policy: Low health | health_ratio=0.00 | task=Task(name='get_wooden_sword')
2026-05-25 14:00:39,304 INFO __main__: state={'hearts_full': 0, 'hearts_half': 0, 'health_ratio': 0.0, 'link_pos': [440, 630]}
2026-05-25 14:00:39,304 WARNING games.zelda.policy: Low health | health_ratio=0.00 | task=Task(name='get_wooden_sword')
2026-05-25 14:00:39,341 INFO __main__: state={'hearts_full': 0, 'hearts_half': 0, 'health_ratio': 0.0, 'link_pos': [440, 630]}
2026-05-25 14:00:39,341 WARNING games.zelda.policy: Low health | health_ratio=0.00 | task=Task(name='get_wooden_sword')
2026-05-25 14:00:39,387 INFO __main__: state={'hearts_full': 0, 'hearts_half': 0, 'health_ratio': 0.0, 'link_pos': [440, 630]}
2026-05-25 14:00:39,387 WARNING games.zelda.policy: Low health | health_ratio=0.00 | task=Task(name='get_wooden_sword')
2026-05-25 14:00:39,436 INFO __main__: state={'hearts_full': 0, 'hearts_half': 0, 'health_ratio': 0.0, 'link_pos': [440, 630]}
2026-05-25 14:00:39,436 WARNING games.zelda.policy: Low health | health_ratio=0.00 | task=Task(name='get_wooden_sword')
2026-05-25 14:00:39,470 INFO __main__: state={'hearts_full': 0, 'hearts_half': 0, 'health_ratio': 0.0, 'link_pos': [440, 630]}
2026-05-25 14:00:39,471 WARNING games.zelda.policy: Low health | health_ratio=0.00 | task=Task(name='get_wooden_sword')
2026-05-25 14:00:39,503 INFO __main__: state={'hearts_full': 0, 'hearts_half': 0, 'health_ratio': 0.0, 'link_pos': [440, 630]}
2026-05-25 14:00:39,503 WARNING games.zelda.policy: Low health | health_ratio=0.00 | task=Task(name='get_wooden_sword')
2026-05-25 14:00:39,536 INFO __main__: state={'hearts_full': 0, 'hearts_half': 0, 'health_ratio': 0.0, 'link_pos': [440, 630]}
2026-05-25 14:00:39,536 WARNING games.zelda.policy: Low health | health_ratio=0.00 | task=Task(name='get_wooden_sword')
2026-05-25 14:00:39,570 INFO __main__: state={'hearts_full': 0, 'hearts_half': 0, 'health_ratio': 0.0, 'link_pos': [440, 630]}
2026-05-25 14:00:39,571 WARNING games.zelda.policy: Low health | health_ratio=0.00 | task=Task(name='get_wooden_sword')
2026-05-25 14:00:39,603 INFO __main__: state={'hearts_full': 0, 'hearts_half': 0, 'health_ratio': 0.0, 'link_pos': [440, 630]}
2026-05-25 14:00:39,604 WARNING games.zelda.policy: Low health | health_ratio=0.00 | task=Task(name='get_wooden_sword')
2026-05-25 14:00:39,638 INFO __main__: state={'hearts_full': 0, 'hearts_half': 0, 'health_ratio': 0.0, 'link_pos': [440, 630]}
2026-05-25 14:00:39,638 WARNING games.zelda.policy: Low health | health_ratio=0.00 | task=Task(name='get_wooden_sword')
2026-05-25 14:00:39,692 INFO __main__: state={'hearts_full': 0, 'hearts_half': 0, 'health_ratio': 0.0, 'link_pos': [440, 630]}
2026-05-25 14:00:39,693 WARNING games.zelda.policy: Low health | health_ratio=0.00 | task=Task(name='get_wooden_sword')
2026-05-25 14:00:39,730 INFO __main__: state={'hearts_full': 0, 'hearts_half': 0, 'health_ratio': 0.0, 'link_pos': [824, 488]}
2026-05-25 14:00:39,730 WARNING games.zelda.policy: Low health | health_ratio=0.00 | task=Task(name='get_wooden_sword')
2026-05-25 14:00:39,775 INFO __main__: state={'hearts_full': 0, 'hearts_half': 0, 'health_ratio': 0.0, 'link_pos': [824, 488]}
2026-05-25 14:00:39,775 WARNING games.zelda.policy: Low health | health_ratio=0.00 | task=Task(name='get_wooden_sword')
2026-05-25 14:00:39,825 INFO __main__: state={'hearts_full': 0, 'hearts_half': 0, 'health_ratio': 0.0, 'link_pos': [824, 488]}
2026-05-25 14:00:39,826 WARNING games.zelda.policy: Low health | health_ratio=0.00 | task=Task(name='get_wooden_sword')
2026-05-25 14:00:39,875 INFO __main__: state={'hearts_full': 0, 'hearts_half': 0, 'health_ratio': 0.0, 'link_pos': [824, 488]}
2026-05-25 14:00:39,876 WARNING games.zelda.policy: Low health | health_ratio=0.00 | task=Task(name='get_wooden_sword')
2026-05-25 14:00:39,924 INFO __main__: state={'hearts_full': 0, 'hearts_half': 0, 'health_ratio': 0.0, 'link_pos': [824, 488]}
2026-05-25 14:00:39,924 WARNING games.zelda.policy: Low health | health_ratio=0.00 | task=Task(name='get_wooden_sword')
2026-05-25 14:00:39,957 INFO __main__: state={'hearts_full': 0, 'hearts_half': 0, 'health_ratio': 0.0, 'link_pos': [824, 488]}
2026-05-25 14:00:39,958 WARNING games.zelda.policy: Low health | health_ratio=0.00 | task=Task(name='get_wooden_sword')
2026-05-25 14:00:39,991 INFO __main__: state={'hearts_full': 0, 'hearts_half': 0, 'health_ratio': 0.0, 'link_pos': [824, 488]}
2026-05-25 14:00:39,991 WARNING games.zelda.policy: Low health | health_ratio=0.00 | task=Task(name='get_wooden_sword')
2026-05-25 14:00:40,025 INFO __main__: state={'hearts_full': 0, 'hearts_half': 0, 'health_ratio': 0.0, 'link_pos': [824, 488]}
2026-05-25 14:00:40,025 WARNING games.zelda.policy: Low health | health_ratio=0.00 | task=Task(name='get_wooden_sword')
2026-05-25 14:00:40,073 INFO __main__: state={'hearts_full': 0, 'hearts_half': 0, 'health_ratio': 0.0, 'link_pos': [824, 488]}
2026-05-25 14:00:40,073 WARNING games.zelda.policy: Low health | health_ratio=0.00 | task=Task(name='get_wooden_sword')
2026-05-25 14:00:40,135 INFO __main__: state={'hearts_full': 0, 'hearts_half': 0, 'health_ratio': 0.0, 'link_pos': [824, 488]}
2026-05-25 14:00:40,135 WARNING games.zelda.policy: Low health | health_ratio=0.00 | task=Task(name='get_wooden_sword')
2026-05-25 14:00:40,184 INFO __main__: state={'hearts_full': 0, 'hearts_half': 0, 'health_ratio': 0.0, 'link_pos': [824, 488]}
2026-05-25 14:00:40,184 WARNING games.zelda.policy: Low health | health_ratio=0.00 | task=Task(name='get_wooden_sword')
2026-05-25 14:00:40,224 INFO __main__: state={'hearts_full': 0, 'hearts_half': 0, 'health_ratio': 0.0, 'link_pos': [824, 488]}
2026-05-25 14:00:40,225 WARNING games.zelda.policy: Low health | health_ratio=0.00 | task=Task(name='get_wooden_sword')
2026-05-25 14:00:40,261 INFO __main__: state={'hearts_full': 0, 'hearts_half': 0, 'health_ratio': 0.0, 'link_pos': [824, 488]}
2026-05-25 14:00:40,261 WARNING games.zelda.policy: Low health | health_ratio=0.00 | task=Task(name='get_wooden_sword')
2026-05-25 14:00:40,313 INFO __main__: state={'hearts_full': 0, 'hearts_half': 0, 'health_ratio': 0.0, 'link_pos': [824, 488]}
2026-05-25 14:00:40,313 WARNING games.zelda.policy: Low health | health_ratio=0.00 | task=Task(name='get_wooden_sword')
2026-05-25 14:00:40,356 INFO __main__: state={'hearts_full': 0, 'hearts_half': 0, 'health_ratio': 0.0, 'link_pos': [824, 488]}
2026-05-25 14:00:40,357 WARNING games.zelda.policy: Low health | health_ratio=0.00 | task=Task(name='get_wooden_sword')
2026-05-25 14:00:40,389 INFO __main__: state={'hearts_full': 0, 'hearts_half': 0, 'health_ratio': 0.0, 'link_pos': [824, 488]}
2026-05-25 14:00:40,390 WARNING games.zelda.policy: Low health | health_ratio=0.00 | task=Task(name='get_wooden_sword')
2026-05-25 14:00:40,445 INFO __main__: state={'hearts_full': 0, 'hearts_half': 0, 'health_ratio': 0.0, 'link_pos': [824, 488]}
2026-05-25 14:00:40,445 WARNING games.zelda.policy: Low health | health_ratio=0.00 | task=Task(name='get_wooden_sword')
2026-05-25 14:00:40,489 INFO __main__: state={'hearts_full': 0, 'hearts_half': 0, 'health_ratio': 0.0, 'link_pos': [824, 488]}
2026-05-25 14:00:40,489 WARNING games.zelda.policy: Low health | health_ratio=0.00 | task=Task(name='get_wooden_sword')
2026-05-25 14:00:40,523 INFO __main__: state={'hearts_full': 0, 'hearts_half': 0, 'health_ratio': 0.0, 'link_pos': [824, 488]}
2026-05-25 14:00:40,523 WARNING games.zelda.policy: Low health | health_ratio=0.00 | task=Task(name='get_wooden_sword')
2026-05-25 14:00:40,562 INFO __main__: state={'hearts_full': 0, 'hearts_half': 0, 'health_ratio': 0.0, 'link_pos': [824, 488]}
2026-05-25 14:00:40,563 WARNING games.zelda.policy: Low health | health_ratio=0.00 | task=Task(name='get_wooden_sword')
2026-05-25 14:00:40,611 INFO __main__: state={'hearts_full': 0, 'hearts_half': 0, 'health_ratio': 0.0, 'link_pos': [824, 488]}
2026-05-25 14:00:40,611 WARNING games.zelda.policy: Low health | health_ratio=0.00 | task=Task(name='get_wooden_sword')
2026-05-25 14:00:40,663 INFO __main__: state={'hearts_full': 0, 'hearts_half': 0, 'health_ratio': 0.0, 'link_pos': [824, 488]}
2026-05-25 14:00:40,663 WARNING games.zelda.policy: Low health | health_ratio=0.00 | task=Task(name='get_wooden_sword')
2026-05-25 14:00:40,706 INFO __main__: state={'hearts_full': 0, 'hearts_half': 0, 'health_ratio': 0.0, 'link_pos': [824, 488]}
2026-05-25 14:00:40,707 WARNING games.zelda.policy: Low health | health_ratio=0.00 | task=Task(name='get_wooden_sword')
2026-05-25 14:00:40,740 INFO __main__: state={'hearts_full': 0, 'hearts_half': 0, 'health_ratio': 0.0, 'link_pos': [824, 488]}
2026-05-25 14:00:40,741 WARNING games.zelda.policy: Low health | health_ratio=0.00 | task=Task(name='get_wooden_sword')
2026-05-25 14:00:40,787 INFO __main__: state={'hearts_full': 0, 'hearts_half': 0, 'health_ratio': 0.0, 'link_pos': [824, 488]}
2026-05-25 14:00:40,788 WARNING games.zelda.policy: Low health | health_ratio=0.00 | task=Task(name='get_wooden_sword')
2026-05-25 14:00:40,824 INFO __main__: state={'hearts_full': 0, 'hearts_half': 0, 'health_ratio': 0.0, 'link_pos': [824, 488]}
2026-05-25 14:00:40,824 WARNING games.zelda.policy: Low health | health_ratio=0.00 | task=Task(name='get_wooden_sword')
2026-05-25 14:00:40,874 INFO __main__: state={'hearts_full': 0, 'hearts_half': 0, 'health_ratio': 0.0, 'link_pos': [824, 488]}
2026-05-25 14:00:40,874 WARNING games.zelda.policy: Low health | health_ratio=0.00 | task=Task(name='get_wooden_sword')
2026-05-25 14:00:40,924 INFO __main__: state={'hearts_full': 0, 'hearts_half': 0, 'health_ratio': 0.0, 'link_pos': [824, 488]}
2026-05-25 14:00:40,924 WARNING games.zelda.policy: Low health | health_ratio=0.00 | task=Task(name='get_wooden_sword')
2026-05-25 14:00:40,978 INFO __main__: state={'hearts_full': 0, 'hearts_half': 0, 'health_ratio': 0.0, 'link_pos': [824, 488]}
2026-05-25 14:00:40,978 WARNING games.zelda.policy: Low health | health_ratio=0.00 | task=Task(name='get_wooden_sword')
2026-05-25 14:00:41,026 INFO __main__: state={'hearts_full': 0, 'hearts_half': 0, 'health_ratio': 0.0, 'link_pos': [824, 488]}
2026-05-25 14:00:41,026 WARNING games.zelda.policy: Low health | health_ratio=0.00 | task=Task(name='get_wooden_sword')
2026-05-25 14:00:41,057 INFO __main__: state={'hearts_full': 0, 'hearts_half': 0, 'health_ratio': 0.0, 'link_pos': [824, 488]}
2026-05-25 14:00:41,057 WARNING games.zelda.policy: Low health | health_ratio=0.00 | task=Task(name='get_wooden_sword')
2026-05-25 14:00:41,094 INFO __main__: state={'hearts_full': 0, 'hearts_half': 0, 'health_ratio': 0.0, 'link_pos': [824, 488]}
2026-05-25 14:00:41,094 WARNING games.zelda.policy: Low health | health_ratio=0.00 | task=Task(name='get_wooden_sword')
2026-05-25 14:00:41,139 INFO __main__: state={'hearts_full': 0, 'hearts_half': 0, 'health_ratio': 0.0, 'link_pos': [824, 488]}
2026-05-25 14:00:41,139 WARNING games.zelda.policy: Low health | health_ratio=0.00 | task=Task(name='get_wooden_sword')
2026-05-25 14:00:41,173 INFO __main__: state={'hearts_full': 0, 'hearts_half': 0, 'health_ratio': 0.0, 'link_pos': [824, 488]}
2026-05-25 14:00:41,173 WARNING games.zelda.policy: Low health | health_ratio=0.00 | task=Task(name='get_wooden_sword')
2026-05-25 14:00:41,222 INFO __main__: state={'hearts_full': 0, 'hearts_half': 0, 'health_ratio': 0.0, 'link_pos': [824, 488]}
2026-05-25 14:00:41,223 WARNING games.zelda.policy: Low health | health_ratio=0.00 | task=Task(name='get_wooden_sword')
2026-05-25 14:00:41,278 INFO __main__: state={'hearts_full': 0, 'hearts_half': 0, 'health_ratio': 0.0, 'link_pos': [824, 488]}
2026-05-25 14:00:41,278 WARNING games.zelda.policy: Low health | health_ratio=0.00 | task=Task(name='get_wooden_sword')
2026-05-25 14:00:41,325 INFO __main__: state={'hearts_full': 0, 'hearts_half': 0, 'health_ratio': 0.0, 'link_pos': [824, 488]}
2026-05-25 14:00:41,325 WARNING games.zelda.policy: Low health | health_ratio=0.00 | task=Task(name='get_wooden_sword')
2026-05-25 14:00:41,359 INFO __main__: state={'hearts_full': 0, 'hearts_half': 0, 'health_ratio': 0.0, 'link_pos': [824, 488]}
2026-05-25 14:00:41,359 WARNING games.zelda.policy: Low health | health_ratio=0.00 | task=Task(name='get_wooden_sword')
2026-05-25 14:00:41,392 INFO __main__: state={'hearts_full': 0, 'hearts_half': 0, 'health_ratio': 0.0, 'link_pos': [824, 488]}
2026-05-25 14:00:41,392 WARNING games.zelda.policy: Low health | health_ratio=0.00 | task=Task(name='get_wooden_sword')
2026-05-25 14:00:41,424 INFO __main__: state={'hearts_full': 0, 'hearts_half': 0, 'health_ratio': 0.0, 'link_pos': [824, 488]}
2026-05-25 14:00:41,424 WARNING games.zelda.policy: Low health | health_ratio=0.00 | task=Task(name='get_wooden_sword')
2026-05-25 14:00:41,474 INFO __main__: state={'hearts_full': 0, 'hearts_half': 0, 'health_ratio': 0.0, 'link_pos': [824, 488]}
2026-05-25 14:00:41,474 WARNING games.zelda.policy: Low health | health_ratio=0.00 | task=Task(name='get_wooden_sword')
2026-05-25 14:00:41,508 INFO __main__: state={'hearts_full': 0, 'hearts_half': 0, 'health_ratio': 0.0, 'link_pos': [824, 488]}
2026-05-25 14:00:41,508 WARNING games.zelda.policy: Low health | health_ratio=0.00 | task=Task(name='get_wooden_sword')
2026-05-25 14:00:41,542 INFO __main__: state={'hearts_full': 0, 'hearts_half': 0, 'health_ratio': 0.0, 'link_pos': [824, 488]}
2026-05-25 14:00:41,542 WARNING games.zelda.policy: Low health | health_ratio=0.00 | task=Task(name='get_wooden_sword')
2026-05-25 14:00:41,575 INFO __main__: state={'hearts_full': 0, 'hearts_half': 0, 'health_ratio': 0.0, 'link_pos': [824, 488]}
2026-05-25 14:00:41,575 WARNING games.zelda.policy: Low health | health_ratio=0.00 | task=Task(name='get_wooden_sword')
2026-05-25 14:00:41,622 INFO __main__: state={'hearts_full': 0, 'hearts_half': 0, 'health_ratio': 0.0, 'link_pos': [824, 488]}
2026-05-25 14:00:41,622 WARNING games.zelda.policy: Low health | health_ratio=0.00 | task=Task(name='get_wooden_sword')
2026-05-25 14:00:41,657 INFO __main__: state={'hearts_full': 0, 'hearts_half': 0, 'health_ratio': 0.0, 'link_pos': [824, 488]}
2026-05-25 14:00:41,657 WARNING games.zelda.policy: Low health | health_ratio=0.00 | task=Task(name='get_wooden_sword')
2026-05-25 14:00:41,706 INFO __main__: state={'hearts_full': 0, 'hearts_half': 0, 'health_ratio': 0.0, 'link_pos': [824, 488]}
2026-05-25 14:00:41,706 WARNING games.zelda.policy: Low health | health_ratio=0.00 | task=Task(name='get_wooden_sword')
2026-05-25 14:00:41,756 INFO __main__: state={'hearts_full': 0, 'hearts_half': 0, 'health_ratio': 0.0, 'link_pos': [824, 488]}
2026-05-25 14:00:41,756 WARNING games.zelda.policy: Low health | health_ratio=0.00 | task=Task(name='get_wooden_sword')
2026-05-25 14:00:41,790 INFO __main__: state={'hearts_full': 0, 'hearts_half': 0, 'health_ratio': 0.0, 'link_pos': [824, 488]}
2026-05-25 14:00:41,790 WARNING games.zelda.policy: Low health | health_ratio=0.00 | task=Task(name='get_wooden_sword')
2026-05-25 14:00:41,823 INFO __main__: state={'hearts_full': 0, 'hearts_half': 0, 'health_ratio': 0.0, 'link_pos': [824, 488]}
2026-05-25 14:00:41,823 WARNING games.zelda.policy: Low health | health_ratio=0.00 | task=Task(name='get_wooden_sword')
2026-05-25 14:00:41,856 INFO __main__: state={'hearts_full': 0, 'hearts_half': 0, 'health_ratio': 0.0, 'link_pos': [824, 488]}
2026-05-25 14:00:41,856 WARNING games.zelda.policy: Low health | health_ratio=0.00 | task=Task(name='get_wooden_sword')
2026-05-25 14:00:41,889 INFO __main__: state={'hearts_full': 0, 'hearts_half': 0, 'health_ratio': 0.0, 'link_pos': [824, 488]}
2026-05-25 14:00:41,889 WARNING games.zelda.policy: Low health | health_ratio=0.00 | task=Task(name='get_wooden_sword')
2026-05-25 14:00:41,938 INFO __main__: state={'hearts_full': 0, 'hearts_half': 0, 'health_ratio': 0.0, 'link_pos': [824, 488]}
2026-05-25 14:00:41,938 WARNING games.zelda.policy: Low health | health_ratio=0.00 | task=Task(name='get_wooden_sword')
2026-05-25 14:00:41,990 INFO __main__: state={'hearts_full': 0, 'hearts_half': 0, 'health_ratio': 0.0, 'link_pos': [824, 488]}
2026-05-25 14:00:41,990 WARNING games.zelda.policy: Low health | health_ratio=0.00 | task=Task(name='get_wooden_sword')
2026-05-25 14:00:42,023 INFO __main__: state={'hearts_full': 0, 'hearts_half': 0, 'health_ratio': 0.0, 'link_pos': [824, 488]}
2026-05-25 14:00:42,023 WARNING games.zelda.policy: Low health | health_ratio=0.00 | task=Task(name='get_wooden_sword')
2026-05-25 14:00:42,057 INFO __main__: state={'hearts_full': 0, 'hearts_half': 0, 'health_ratio': 0.0, 'link_pos': [824, 488]}
2026-05-25 14:00:42,057 WARNING games.zelda.policy: Low health | health_ratio=0.00 | task=Task(name='get_wooden_sword')
2026-05-25 14:00:42,090 INFO __main__: state={'hearts_full': 0, 'hearts_half': 0, 'health_ratio': 0.0, 'link_pos': [824, 488]}
2026-05-25 14:00:42,090 WARNING games.zelda.policy: Low health | health_ratio=0.00 | task=Task(name='get_wooden_sword')
2026-05-25 14:00:42,124 INFO __main__: state={'hearts_full': 0, 'hearts_half': 0, 'health_ratio': 0.0, 'link_pos': [824, 488]}
2026-05-25 14:00:42,136 WARNING games.zelda.policy: Low health | health_ratio=0.00 | task=Task(name='get_wooden_sword')
2026-05-25 14:00:42,172 INFO __main__: state={'hearts_full': 0, 'hearts_half': 0, 'health_ratio': 0.0, 'link_pos': [824, 488]}
2026-05-25 14:00:42,173 WARNING games.zelda.policy: Low health | health_ratio=0.00 | task=Task(name='get_wooden_sword')
2026-05-25 14:00:42,206 INFO __main__: state={'hearts_full': 0, 'hearts_half': 0, 'health_ratio': 0.0, 'link_pos': [824, 488]}
2026-05-25 14:00:42,207 WARNING games.zelda.policy: Low health | health_ratio=0.00 | task=Task(name='get_wooden_sword')
2026-05-25 14:00:42,242 INFO __main__: state={'hearts_full': 0, 'hearts_half': 0, 'health_ratio': 0.0, 'link_pos': [824, 488]}
2026-05-25 14:00:42,243 WARNING games.zelda.policy: Low health | health_ratio=0.00 | task=Task(name='get_wooden_sword')
2026-05-25 14:00:42,273 INFO __main__: state={'hearts_full': 0, 'hearts_half': 0, 'health_ratio': 0.0, 'link_pos': [824, 488]}
2026-05-25 14:00:42,273 WARNING games.zelda.policy: Low health | health_ratio=0.00 | task=Task(name='get_wooden_sword')
2026-05-25 14:00:42,307 INFO __main__: state={'hearts_full': 0, 'hearts_half': 0, 'health_ratio': 0.0, 'link_pos': [824, 488]}
2026-05-25 14:00:42,307 WARNING games.zelda.policy: Low health | health_ratio=0.00 | task=Task(name='get_wooden_sword')
2026-05-25 14:00:42,340 INFO __main__: state={'hearts_full': 0, 'hearts_half': 0, 'health_ratio': 0.0, 'link_pos': [824, 488]}
2026-05-25 14:00:42,340 WARNING games.zelda.policy: Low health | health_ratio=0.00 | task=Task(name='get_wooden_sword')
2026-05-25 14:00:42,373 INFO __main__: state={'hearts_full': 0, 'hearts_half': 0, 'health_ratio': 0.0, 'link_pos': [824, 488]}
2026-05-25 14:00:42,373 WARNING games.zelda.policy: Low health | health_ratio=0.00 | task=Task(name='get_wooden_sword')
2026-05-25 14:00:42,410 INFO __main__: state={'hearts_full': 0, 'hearts_half': 0, 'health_ratio': 0.0, 'link_pos': [824, 488]}
2026-05-25 14:00:42,410 WARNING games.zelda.policy: Low health | health_ratio=0.00 | task=Task(name='get_wooden_sword')
2026-05-25 14:00:42,455 INFO __main__: state={'hearts_full': 0, 'hearts_half': 0, 'health_ratio': 0.0, 'link_pos': [824, 488]}
2026-05-25 14:00:42,455 WARNING games.zelda.policy: Low health | health_ratio=0.00 | task=Task(name='get_wooden_sword')
2026-05-25 14:00:42,490 INFO __main__: state={'hearts_full': 0, 'hearts_half': 0, 'health_ratio': 0.0, 'link_pos': [824, 488]}
2026-05-25 14:00:42,490 WARNING games.zelda.policy: Low health | health_ratio=0.00 | task=Task(name='get_wooden_sword')
2026-05-25 14:00:42,523 INFO __main__: state={'hearts_full': 0, 'hearts_half': 0, 'health_ratio': 0.0, 'link_pos': [824, 488]}
2026-05-25 14:00:42,523 WARNING games.zelda.policy: Low health | health_ratio=0.00 | task=Task(name='get_wooden_sword')
2026-05-25 14:00:42,557 INFO __main__: state={'hearts_full': 0, 'hearts_half': 0, 'health_ratio': 0.0, 'link_pos': [824, 488]}
2026-05-25 14:00:42,557 WARNING games.zelda.policy: Low health | health_ratio=0.00 | task=Task(name='get_wooden_sword')
2026-05-25 14:00:42,590 INFO __main__: state={'hearts_full': 0, 'hearts_half': 0, 'health_ratio': 0.0, 'link_pos': [824, 488]}
2026-05-25 14:00:42,590 WARNING games.zelda.policy: Low health | health_ratio=0.00 | task=Task(name='get_wooden_sword')
2026-05-25 14:00:42,623 INFO __main__: state={'hearts_full': 0, 'hearts_half': 0, 'health_ratio': 0.0, 'link_pos': [824, 488]}
2026-05-25 14:00:42,624 WARNING games.zelda.policy: Low health | health_ratio=0.00 | task=Task(name='get_wooden_sword')
2026-05-25 14:00:42,658 INFO __main__: state={'hearts_full': 0, 'hearts_half': 0, 'health_ratio': 0.0, 'link_pos': [824, 488]}
2026-05-25 14:00:42,658 WARNING games.zelda.policy: Low health | health_ratio=0.00 | task=Task(name='get_wooden_sword')
2026-05-25 14:00:42,690 INFO __main__: state={'hearts_full': 0, 'hearts_half': 0, 'health_ratio': 0.0, 'link_pos': [824, 488]}
2026-05-25 14:00:42,690 WARNING games.zelda.policy: Low health | health_ratio=0.00 | task=Task(name='get_wooden_sword')
2026-05-25 14:00:42,738 INFO __main__: state={'hearts_full': 0, 'hearts_half': 0, 'health_ratio': 0.0, 'link_pos': [824, 488]}
2026-05-25 14:00:42,739 WARNING games.zelda.policy: Low health | health_ratio=0.00 | task=Task(name='get_wooden_sword')
2026-05-25 14:00:42,774 INFO __main__: state={'hearts_full': 0, 'hearts_half': 0, 'health_ratio': 0.0, 'link_pos': [824, 488]}
2026-05-25 14:00:42,774 WARNING games.zelda.policy: Low health | health_ratio=0.00 | task=Task(name='get_wooden_sword')
2026-05-25 14:00:42,806 INFO __main__: state={'hearts_full': 0, 'hearts_half': 0, 'health_ratio': 0.0, 'link_pos': [824, 488]}
2026-05-25 14:00:42,806 WARNING games.zelda.policy: Low health | health_ratio=0.00 | task=Task(name='get_wooden_sword')
2026-05-25 14:00:42,839 INFO __main__: state={'hearts_full': 0, 'hearts_half': 0, 'health_ratio': 0.0, 'link_pos': [824, 488]}
2026-05-25 14:00:42,839 WARNING games.zelda.policy: Low health | health_ratio=0.00 | task=Task(name='get_wooden_sword')
2026-05-25 14:00:42,873 INFO __main__: state={'hearts_full': 0, 'hearts_half': 0, 'health_ratio': 0.0, 'link_pos': [824, 488]}
2026-05-25 14:00:42,873 WARNING games.zelda.policy: Low health | health_ratio=0.00 | task=Task(name='get_wooden_sword')
2026-05-25 14:00:42,923 INFO __main__: state={'hearts_full': 0, 'hearts_half': 0, 'health_ratio': 0.0, 'link_pos': [824, 488]}
2026-05-25 14:00:42,923 WARNING games.zelda.policy: Low health | health_ratio=0.00 | task=Task(name='get_wooden_sword')
2026-05-25 14:00:42,956 INFO __main__: state={'hearts_full': 0, 'hearts_half': 0, 'health_ratio': 0.0, 'link_pos': [824, 488]}
2026-05-25 14:00:42,956 WARNING games.zelda.policy: Low health | health_ratio=0.00 | task=Task(name='get_wooden_sword')
2026-05-25 14:00:43,006 INFO __main__: state={'hearts_full': 0, 'hearts_half': 0, 'health_ratio': 0.0, 'link_pos': [824, 488]}
2026-05-25 14:00:43,006 WARNING games.zelda.policy: Low health | health_ratio=0.00 | task=Task(name='get_wooden_sword')
2026-05-25 14:00:43,040 INFO __main__: state={'hearts_full': 0, 'hearts_half': 0, 'health_ratio': 0.0, 'link_pos': [824, 488]}
2026-05-25 14:00:43,040 WARNING games.zelda.policy: Low health | health_ratio=0.00 | task=Task(name='get_wooden_sword')
2026-05-25 14:00:43,089 INFO __main__: state={'hearts_full': 0, 'hearts_half': 0, 'health_ratio': 0.0, 'link_pos': [824, 488]}
2026-05-25 14:00:43,090 WARNING games.zelda.policy: Low health | health_ratio=0.00 | task=Task(name='get_wooden_sword')
2026-05-25 14:00:43,124 INFO __main__: state={'hearts_full': 0, 'hearts_half': 0, 'health_ratio': 0.0, 'link_pos': [824, 488]}
2026-05-25 14:00:43,124 WARNING games.zelda.policy: Low health | health_ratio=0.00 | task=Task(name='get_wooden_sword')
2026-05-25 14:00:43,156 INFO __main__: state={'hearts_full': 0, 'hearts_half': 0, 'health_ratio': 0.0, 'link_pos': [824, 488]}
2026-05-25 14:00:43,156 WARNING games.zelda.policy: Low health | health_ratio=0.00 | task=Task(name='get_wooden_sword')
2026-05-25 14:00:43,190 INFO __main__: state={'hearts_full': 0, 'hearts_half': 0, 'health_ratio': 0.0, 'link_pos': [824, 488]}
2026-05-25 14:00:43,190 WARNING games.zelda.policy: Low health | health_ratio=0.00 | task=Task(name='get_wooden_sword')
2026-05-25 14:00:43,239 INFO __main__: state={'hearts_full': 0, 'hearts_half': 0, 'health_ratio': 0.0, 'link_pos': [824, 488]}
2026-05-25 14:00:43,240 WARNING games.zelda.policy: Low health | health_ratio=0.00 | task=Task(name='get_wooden_sword')
2026-05-25 14:00:43,273 INFO __main__: state={'hearts_full': 0, 'hearts_half': 0, 'health_ratio': 0.0, 'link_pos': [824, 488]}
2026-05-25 14:00:43,274 WARNING games.zelda.policy: Low health | health_ratio=0.00 | task=Task(name='get_wooden_sword')
2026-05-25 14:00:43,322 INFO __main__: state={'hearts_full': 0, 'hearts_half': 0, 'health_ratio': 0.0, 'link_pos': [824, 488]}
2026-05-25 14:00:43,323 WARNING games.zelda.policy: Low health | health_ratio=0.00 | task=Task(name='get_wooden_sword')
2026-05-25 14:00:43,358 INFO __main__: state={'hearts_full': 0, 'hearts_half': 0, 'health_ratio': 0.0, 'link_pos': [824, 488]}
2026-05-25 14:00:43,358 WARNING games.zelda.policy: Low health | health_ratio=0.00 | task=Task(name='get_wooden_sword')
2026-05-25 14:00:43,521 INFO __main__: state={'hearts_full': 0, 'hearts_half': 0, 'health_ratio': 0.0, 'link_pos': [824, 488]}
2026-05-25 14:00:43,521 WARNING games.zelda.policy: Low health | health_ratio=0.00 | task=Task(name='get_wooden_sword')
2026-05-25 14:00:43,556 INFO __main__: state={'hearts_full': 0, 'hearts_half': 0, 'health_ratio': 0.0, 'link_pos': [824, 488]}
2026-05-25 14:00:43,557 WARNING games.zelda.policy: Low health | health_ratio=0.00 | task=Task(name='get_wooden_sword')
2026-05-25 14:00:43,589 INFO __main__: state={'hearts_full': 0, 'hearts_half': 0, 'health_ratio': 0.0, 'link_pos': [824, 488]}
2026-05-25 14:00:43,590 WARNING games.zelda.policy: Low health | health_ratio=0.00 | task=Task(name='get_wooden_sword')
2026-05-25 14:00:43,639 INFO __main__: state={'hearts_full': 0, 'hearts_half': 0, 'health_ratio': 0.0, 'link_pos': [824, 488]}
2026-05-25 14:00:43,640 WARNING games.zelda.policy: Low health | health_ratio=0.00 | task=Task(name='get_wooden_sword')
2026-05-25 14:00:43,674 INFO __main__: state={'hearts_full': 0, 'hearts_half': 0, 'health_ratio': 0.0, 'link_pos': [824, 488]}
2026-05-25 14:00:43,674 WARNING games.zelda.policy: Low health | health_ratio=0.00 | task=Task(name='get_wooden_sword')
2026-05-25 14:00:43,706 INFO __main__: state={'hearts_full': 0, 'hearts_half': 0, 'health_ratio': 0.0, 'link_pos': [824, 488]}
2026-05-25 14:00:43,707 WARNING games.zelda.policy: Low health | health_ratio=0.00 | task=Task(name='get_wooden_sword')
2026-05-25 14:00:43,756 INFO __main__: state={'hearts_full': 0, 'hearts_half': 0, 'health_ratio': 0.0, 'link_pos': [824, 488]}
2026-05-25 14:00:43,757 WARNING games.zelda.policy: Low health | health_ratio=0.00 | task=Task(name='get_wooden_sword')
2026-05-25 14:00:43,790 INFO __main__: state={'hearts_full': 0, 'hearts_half': 0, 'health_ratio': 0.0, 'link_pos': [824, 488]}
2026-05-25 14:00:43,790 WARNING games.zelda.policy: Low health | health_ratio=0.00 | task=Task(name='get_wooden_sword')
2026-05-25 14:00:43,823 INFO __main__: state={'hearts_full': 0, 'hearts_half': 0, 'health_ratio': 0.0, 'link_pos': [824, 488]}
2026-05-25 14:00:43,824 WARNING games.zelda.policy: Low health | health_ratio=0.00 | task=Task(name='get_wooden_sword')
2026-05-25 14:00:43,857 INFO __main__: state={'hearts_full': 0, 'hearts_half': 0, 'health_ratio': 0.0, 'link_pos': [824, 488]}
2026-05-25 14:00:43,857 WARNING games.zelda.policy: Low health | health_ratio=0.00 | task=Task(name='get_wooden_sword')
2026-05-25 14:00:43,890 INFO __main__: state={'hearts_full': 0, 'hearts_half': 0, 'health_ratio': 0.0, 'link_pos': [824, 488]}
2026-05-25 14:00:43,890 WARNING games.zelda.policy: Low health | health_ratio=0.00 | task=Task(name='get_wooden_sword')
2026-05-25 14:00:43,923 INFO __main__: state={'hearts_full': 0, 'hearts_half': 0, 'health_ratio': 0.0, 'link_pos': [824, 488]}
2026-05-25 14:00:43,923 WARNING games.zelda.policy: Low health | health_ratio=0.00 | task=Task(name='get_wooden_sword')
2026-05-25 14:00:43,971 INFO __main__: state={'hearts_full': 0, 'hearts_half': 0, 'health_ratio': 0.0, 'link_pos': [824, 488]}
2026-05-25 14:00:43,972 WARNING games.zelda.policy: Low health | health_ratio=0.00 | task=Task(name='get_wooden_sword')
2026-05-25 14:00:44,022 INFO __main__: state={'hearts_full': 0, 'hearts_half': 0, 'health_ratio': 0.0, 'link_pos': [824, 488]}
2026-05-25 14:00:44,022 WARNING games.zelda.policy: Low health | health_ratio=0.00 | task=Task(name='get_wooden_sword')
2026-05-25 14:00:44,060 INFO __main__: state={'hearts_full': 0, 'hearts_half': 0, 'health_ratio': 0.0, 'link_pos': [824, 488]}
2026-05-25 14:00:44,060 WARNING games.zelda.policy: Low health | health_ratio=0.00 | task=Task(name='get_wooden_sword')
2026-05-25 14:00:44,110 INFO __main__: state={'hearts_full': 0, 'hearts_half': 0, 'health_ratio': 0.0, 'link_pos': [824, 488]}
2026-05-25 14:00:44,110 WARNING games.zelda.policy: Low health | health_ratio=0.00 | task=Task(name='get_wooden_sword')
2026-05-25 14:00:44,140 INFO __main__: state={'hearts_full': 0, 'hearts_half': 0, 'health_ratio': 0.0, 'link_pos': [824, 488]}
2026-05-25 14:00:44,140 WARNING games.zelda.policy: Low health | health_ratio=0.00 | task=Task(name='get_wooden_sword')
2026-05-25 14:00:44,173 INFO __main__: state={'hearts_full': 0, 'hearts_half': 0, 'health_ratio': 0.0, 'link_pos': [824, 488]}
2026-05-25 14:00:44,173 WARNING games.zelda.policy: Low health | health_ratio=0.00 | task=Task(name='get_wooden_sword')
2026-05-25 14:00:44,206 INFO __main__: state={'hearts_full': 0, 'hearts_half': 0, 'health_ratio': 0.0, 'link_pos': [824, 488]}
2026-05-25 14:00:44,207 WARNING games.zelda.policy: Low health | health_ratio=0.00 | task=Task(name='get_wooden_sword')
2026-05-25 14:00:44,255 INFO __main__: state={'hearts_full': 0, 'hearts_half': 0, 'health_ratio': 0.0, 'link_pos': [824, 488]}
2026-05-25 14:00:44,255 WARNING games.zelda.policy: Low health | health_ratio=0.00 | task=Task(name='get_wooden_sword')
2026-05-25 14:00:44,289 INFO __main__: state={'hearts_full': 0, 'hearts_half': 0, 'health_ratio': 0.0, 'link_pos': [824, 488]}
2026-05-25 14:00:44,289 WARNING games.zelda.policy: Low health | health_ratio=0.00 | task=Task(name='get_wooden_sword')
2026-05-25 14:00:44,343 INFO __main__: state={'hearts_full': 0, 'hearts_half': 0, 'health_ratio': 0.0, 'link_pos': [824, 488]}
2026-05-25 14:00:44,343 WARNING games.zelda.policy: Low health | health_ratio=0.00 | task=Task(name='get_wooden_sword')
2026-05-25 14:00:44,395 INFO __main__: state={'hearts_full': 0, 'hearts_half': 0, 'health_ratio': 0.0, 'link_pos': [772, 551]}
2026-05-25 14:00:44,395 WARNING games.zelda.policy: Low health | health_ratio=0.00 | task=Task(name='get_wooden_sword')
2026-05-25 14:00:44,441 INFO __main__: state={'hearts_full': 0, 'hearts_half': 0, 'health_ratio': 0.0, 'link_pos': [772, 551]}
2026-05-25 14:00:44,443 WARNING games.zelda.policy: Low health | health_ratio=0.00 | task=Task(name='get_wooden_sword')
2026-05-25 14:00:44,492 INFO __main__: state={'hearts_full': 0, 'hearts_half': 0, 'health_ratio': 0.0, 'link_pos': [772, 551]}
2026-05-25 14:00:44,492 WARNING games.zelda.policy: Low health | health_ratio=0.00 | task=Task(name='get_wooden_sword')
2026-05-25 14:00:44,542 INFO __main__: state={'hearts_full': 0, 'hearts_half': 0, 'health_ratio': 0.0, 'link_pos': [772, 551]}
2026-05-25 14:00:44,543 WARNING games.zelda.policy: Low health | health_ratio=0.00 | task=Task(name='get_wooden_sword')
2026-05-25 14:00:44,575 INFO __main__: state={'hearts_full': 0, 'hearts_half': 0, 'health_ratio': 0.0, 'link_pos': [772, 551]}
2026-05-25 14:00:44,576 WARNING games.zelda.policy: Low health | health_ratio=0.00 | task=Task(name='get_wooden_sword')
2026-05-25 14:00:44,626 INFO __main__: state={'hearts_full': 0, 'hearts_half': 0, 'health_ratio': 0.0, 'link_pos': [772, 551]}
2026-05-25 14:00:44,627 WARNING games.zelda.policy: Low health | health_ratio=0.00 | task=Task(name='get_wooden_sword')
2026-05-25 14:00:44,671 INFO __main__: state={'hearts_full': 0, 'hearts_half': 0, 'health_ratio': 0.0, 'link_pos': [772, 551]}
2026-05-25 14:00:44,672 WARNING games.zelda.policy: Low health | health_ratio=0.00 | task=Task(name='get_wooden_sword')
2026-05-25 14:00:44,704 INFO __main__: state={'hearts_full': 0, 'hearts_half': 0, 'health_ratio': 0.0, 'link_pos': [772, 551]}
2026-05-25 14:00:44,705 WARNING games.zelda.policy: Low health | health_ratio=0.00 | task=Task(name='get_wooden_sword')
2026-05-25 14:00:44,754 INFO __main__: state={'hearts_full': 0, 'hearts_half': 0, 'health_ratio': 0.0, 'link_pos': [772, 551]}
2026-05-25 14:00:44,754 WARNING games.zelda.policy: Low health | health_ratio=0.00 | task=Task(name='get_wooden_sword')
2026-05-25 14:00:44,788 INFO __main__: state={'hearts_full': 0, 'hearts_half': 0, 'health_ratio': 0.0, 'link_pos': [772, 551]}
2026-05-25 14:00:44,788 WARNING games.zelda.policy: Low health | health_ratio=0.00 | task=Task(name='get_wooden_sword')
2026-05-25 14:00:44,826 INFO __main__: state={'hearts_full': 0, 'hearts_half': 0, 'health_ratio': 0.0, 'link_pos': [772, 551]}
2026-05-25 14:00:44,827 WARNING games.zelda.policy: Low health | health_ratio=0.00 | task=Task(name='get_wooden_sword')
2026-05-25 14:00:44,873 INFO __main__: state={'hearts_full': 0, 'hearts_half': 0, 'health_ratio': 0.0, 'link_pos': [772, 551]}
2026-05-25 14:00:44,874 WARNING games.zelda.policy: Low health | health_ratio=0.00 | task=Task(name='get_wooden_sword')
2026-05-25 14:00:44,908 INFO __main__: state={'hearts_full': 0, 'hearts_half': 0, 'health_ratio': 0.0, 'link_pos': [772, 551]}
2026-05-25 14:00:44,908 WARNING games.zelda.policy: Low health | health_ratio=0.00 | task=Task(name='get_wooden_sword')
2026-05-25 14:00:44,941 INFO __main__: state={'hearts_full': 0, 'hearts_half': 0, 'health_ratio': 0.0, 'link_pos': [772, 551]}
2026-05-25 14:00:44,942 WARNING games.zelda.policy: Low health | health_ratio=0.00 | task=Task(name='get_wooden_sword')
2026-05-25 14:00:44,987 INFO __main__: state={'hearts_full': 0, 'hearts_half': 0, 'health_ratio': 0.0, 'link_pos': [772, 551]}
2026-05-25 14:00:44,988 WARNING games.zelda.policy: Low health | health_ratio=0.00 | task=Task(name='get_wooden_sword')
2026-05-25 14:00:45,020 INFO __main__: state={'hearts_full': 0, 'hearts_half': 0, 'health_ratio': 0.0, 'link_pos': [772, 551]}
2026-05-25 14:00:45,021 WARNING games.zelda.policy: Low health | health_ratio=0.00 | task=Task(name='get_wooden_sword')
2026-05-25 14:00:45,055 INFO __main__: state={'hearts_full': 0, 'hearts_half': 0, 'health_ratio': 0.0, 'link_pos': [772, 551]}
2026-05-25 14:00:45,055 WARNING games.zelda.policy: Low health | health_ratio=0.00 | task=Task(name='get_wooden_sword')
2026-05-25 14:00:45,087 INFO __main__: state={'hearts_full': 0, 'hearts_half': 0, 'health_ratio': 0.0, 'link_pos': [772, 551]}
2026-05-25 14:00:45,087 WARNING games.zelda.policy: Low health | health_ratio=0.00 | task=Task(name='get_wooden_sword')
2026-05-25 14:00:45,137 INFO __main__: state={'hearts_full': 0, 'hearts_half': 0, 'health_ratio': 0.0, 'link_pos': [772, 551]}
2026-05-25 14:00:45,137 WARNING games.zelda.policy: Low health | health_ratio=0.00 | task=Task(name='get_wooden_sword')
2026-05-25 14:00:45,190 INFO __main__: state={'hearts_full': 0, 'hearts_half': 0, 'health_ratio': 0.0, 'link_pos': [772, 551]}
2026-05-25 14:00:45,190 WARNING games.zelda.policy: Low health | health_ratio=0.00 | task=Task(name='get_wooden_sword')
2026-05-25 14:00:45,222 INFO __main__: state={'hearts_full': 0, 'hearts_half': 0, 'health_ratio': 0.0, 'link_pos': [772, 551]}
2026-05-25 14:00:45,222 WARNING games.zelda.policy: Low health | health_ratio=0.00 | task=Task(name='get_wooden_sword')
2026-05-25 14:00:45,254 INFO __main__: state={'hearts_full': 0, 'hearts_half': 0, 'health_ratio': 0.0, 'link_pos': [772, 551]}
2026-05-25 14:00:45,254 WARNING games.zelda.policy: Low health | health_ratio=0.00 | task=Task(name='get_wooden_sword')
2026-05-25 14:00:45,287 INFO __main__: state={'hearts_full': 0, 'hearts_half': 0, 'health_ratio': 0.0, 'link_pos': [772, 551]}
2026-05-25 14:00:45,287 WARNING games.zelda.policy: Low health | health_ratio=0.00 | task=Task(name='get_wooden_sword')
2026-05-25 14:00:45,321 INFO __main__: state={'hearts_full': 0, 'hearts_half': 0, 'health_ratio': 0.0, 'link_pos': [772, 551]}
2026-05-25 14:00:45,322 WARNING games.zelda.policy: Low health | health_ratio=0.00 | task=Task(name='get_wooden_sword')
2026-05-25 14:00:45,358 INFO __main__: state={'hearts_full': 0, 'hearts_half': 0, 'health_ratio': 0.0, 'link_pos': [772, 551]}
2026-05-25 14:00:45,358 WARNING games.zelda.policy: Low health | health_ratio=0.00 | task=Task(name='get_wooden_sword')
2026-05-25 14:00:45,404 INFO __main__: state={'hearts_full': 0, 'hearts_half': 0, 'health_ratio': 0.0, 'link_pos': [772, 551]}
2026-05-25 14:00:45,404 WARNING games.zelda.policy: Low health | health_ratio=0.00 | task=Task(name='get_wooden_sword')
2026-05-25 14:00:45,455 INFO __main__: state={'hearts_full': 0, 'hearts_half': 0, 'health_ratio': 0.0, 'link_pos': [772, 551]}
2026-05-25 14:00:45,455 WARNING games.zelda.policy: Low health | health_ratio=0.00 | task=Task(name='get_wooden_sword')
2026-05-25 14:00:45,491 INFO __main__: state={'hearts_full': 0, 'hearts_half': 0, 'health_ratio': 0.0, 'link_pos': [772, 551]}
2026-05-25 14:00:45,491 WARNING games.zelda.policy: Low health | health_ratio=0.00 | task=Task(name='get_wooden_sword')
2026-05-25 14:00:45,537 INFO __main__: state={'hearts_full': 0, 'hearts_half': 0, 'health_ratio': 0.0, 'link_pos': [772, 551]}
2026-05-25 14:00:45,538 WARNING games.zelda.policy: Low health | health_ratio=0.00 | task=Task(name='get_wooden_sword')
2026-05-25 14:00:45,587 INFO __main__: state={'hearts_full': 0, 'hearts_half': 0, 'health_ratio': 0.0, 'link_pos': [772, 551]}
2026-05-25 14:00:45,588 WARNING games.zelda.policy: Low health | health_ratio=0.00 | task=Task(name='get_wooden_sword')
2026-05-25 14:00:45,638 INFO __main__: state={'hearts_full': 0, 'hearts_half': 0, 'health_ratio': 0.0, 'link_pos': [772, 551]}
2026-05-25 14:00:45,639 WARNING games.zelda.policy: Low health | health_ratio=0.00 | task=Task(name='get_wooden_sword')
2026-05-25 14:00:45,688 INFO __main__: state={'hearts_full': 0, 'hearts_half': 0, 'health_ratio': 0.0, 'link_pos': [772, 551]}
2026-05-25 14:00:45,688 WARNING games.zelda.policy: Low health | health_ratio=0.00 | task=Task(name='get_wooden_sword')
2026-05-25 14:00:45,721 INFO __main__: state={'hearts_full': 0, 'hearts_half': 0, 'health_ratio': 0.0, 'link_pos': [772, 551]}
2026-05-25 14:00:45,721 WARNING games.zelda.policy: Low health | health_ratio=0.00 | task=Task(name='get_wooden_sword')
2026-05-25 14:00:45,755 INFO __main__: state={'hearts_full': 0, 'hearts_half': 0, 'health_ratio': 0.0, 'link_pos': [772, 551]}
2026-05-25 14:00:45,755 WARNING games.zelda.policy: Low health | health_ratio=0.00 | task=Task(name='get_wooden_sword')
2026-05-25 14:00:45,787 INFO __main__: state={'hearts_full': 0, 'hearts_half': 0, 'health_ratio': 0.0, 'link_pos': [772, 551]}
2026-05-25 14:00:45,787 WARNING games.zelda.policy: Low health | health_ratio=0.00 | task=Task(name='get_wooden_sword')
2026-05-25 14:00:45,822 INFO __main__: state={'hearts_full': 0, 'hearts_half': 0, 'health_ratio': 0.0, 'link_pos': [772, 551]}
2026-05-25 14:00:45,822 WARNING games.zelda.policy: Low health | health_ratio=0.00 | task=Task(name='get_wooden_sword')
2026-05-25 14:00:45,897 INFO __main__: state={'hearts_full': 0, 'hearts_half': 0, 'health_ratio': 0.0, 'link_pos': [772, 551]}
2026-05-25 14:00:45,897 WARNING games.zelda.policy: Low health | health_ratio=0.00 | task=Task(name='get_wooden_sword')
2026-05-25 14:00:45,943 INFO __main__: state={'hearts_full': 0, 'hearts_half': 0, 'health_ratio': 0.0, 'link_pos': [728, 555]}
2026-05-25 14:00:45,943 WARNING games.zelda.policy: Low health | health_ratio=0.00 | task=Task(name='get_wooden_sword')
2026-05-25 14:00:45,978 INFO __main__: state={'hearts_full': 0, 'hearts_half': 0, 'health_ratio': 0.0, 'link_pos': [848, 563]}
2026-05-25 14:00:45,978 WARNING games.zelda.policy: Low health | health_ratio=0.00 | task=Task(name='get_wooden_sword')
2026-05-25 14:00:46,013 INFO __main__: state={'hearts_full': 0, 'hearts_half': 0, 'health_ratio': 0.0, 'link_pos': [165, 629]}
2026-05-25 14:00:46,013 WARNING games.zelda.policy: Low health | health_ratio=0.00 | task=Task(name='get_wooden_sword')
2026-05-25 14:00:46,060 INFO __main__: state={'hearts_full': 0, 'hearts_half': 0, 'health_ratio': 0.0, 'link_pos': [824, 488]}
2026-05-25 14:00:46,060 WARNING games.zelda.policy: Low health | health_ratio=0.00 | task=Task(name='get_wooden_sword')
2026-05-25 14:00:46,109 INFO __main__: state={'hearts_full': 0, 'hearts_half': 0, 'health_ratio': 0.0, 'link_pos': [824, 488]}
2026-05-25 14:00:46,109 WARNING games.zelda.policy: Low health | health_ratio=0.00 | task=Task(name='get_wooden_sword')
2026-05-25 14:00:46,157 INFO __main__: state={'hearts_full': 0, 'hearts_half': 0, 'health_ratio': 0.0, 'link_pos': [824, 488]}
2026-05-25 14:00:46,157 WARNING games.zelda.policy: Low health | health_ratio=0.00 | task=Task(name='get_wooden_sword')
2026-05-25 14:00:46,190 INFO __main__: state={'hearts_full': 0, 'hearts_half': 0, 'health_ratio': 0.0, 'link_pos': [824, 488]}
2026-05-25 14:00:46,191 WARNING games.zelda.policy: Low health | health_ratio=0.00 | task=Task(name='get_wooden_sword')
2026-05-25 14:00:46,225 INFO __main__: state={'hearts_full': 0, 'hearts_half': 0, 'health_ratio': 0.0, 'link_pos': [824, 488]}
2026-05-25 14:00:46,225 WARNING games.zelda.policy: Low health | health_ratio=0.00 | task=Task(name='get_wooden_sword')
2026-05-25 14:00:46,258 INFO __main__: state={'hearts_full': 0, 'hearts_half': 0, 'health_ratio': 0.0, 'link_pos': [824, 488]}
2026-05-25 14:00:46,258 WARNING games.zelda.policy: Low health | health_ratio=0.00 | task=Task(name='get_wooden_sword')
2026-05-25 14:00:46,306 INFO __main__: state={'hearts_full': 0, 'hearts_half': 0, 'health_ratio': 0.0, 'link_pos': [824, 488]}
2026-05-25 14:00:46,306 WARNING games.zelda.policy: Low health | health_ratio=0.00 | task=Task(name='get_wooden_sword')
2026-05-25 14:00:46,357 INFO __main__: state={'hearts_full': 0, 'hearts_half': 0, 'health_ratio': 0.0, 'link_pos': [824, 488]}
2026-05-25 14:00:46,357 WARNING games.zelda.policy: Low health | health_ratio=0.00 | task=Task(name='get_wooden_sword')
2026-05-25 14:00:46,391 INFO __main__: state={'hearts_full': 0, 'hearts_half': 0, 'health_ratio': 0.0, 'link_pos': [824, 488]}
2026-05-25 14:00:46,391 WARNING games.zelda.policy: Low health | health_ratio=0.00 | task=Task(name='get_wooden_sword')
2026-05-25 14:00:46,441 INFO __main__: state={'hearts_full': 0, 'hearts_half': 0, 'health_ratio': 0.0, 'link_pos': [824, 488]}
2026-05-25 14:00:46,441 WARNING games.zelda.policy: Low health | health_ratio=0.00 | task=Task(name='get_wooden_sword')
2026-05-25 14:00:46,491 INFO __main__: state={'hearts_full': 0, 'hearts_half': 0, 'health_ratio': 0.0, 'link_pos': [824, 488]}
2026-05-25 14:00:46,492 WARNING games.zelda.policy: Low health | health_ratio=0.00 | task=Task(name='get_wooden_sword')
2026-05-25 14:00:46,525 INFO __main__: state={'hearts_full': 0, 'hearts_half': 0, 'health_ratio': 0.0, 'link_pos': [824, 488]}
2026-05-25 14:00:46,525 WARNING games.zelda.policy: Low health | health_ratio=0.00 | task=Task(name='get_wooden_sword')
2026-05-25 14:00:46,574 INFO __main__: state={'hearts_full': 0, 'hearts_half': 0, 'health_ratio': 0.0, 'link_pos': [824, 488]}
2026-05-25 14:00:46,574 WARNING games.zelda.policy: Low health | health_ratio=0.00 | task=Task(name='get_wooden_sword')
2026-05-25 14:00:46,623 INFO __main__: state={'hearts_full': 0, 'hearts_half': 0, 'health_ratio': 0.0, 'link_pos': [824, 488]}
2026-05-25 14:00:46,624 WARNING games.zelda.policy: Low health | health_ratio=0.00 | task=Task(name='get_wooden_sword')
2026-05-25 14:00:46,658 INFO __main__: state={'hearts_full': 0, 'hearts_half': 0, 'health_ratio': 0.0, 'link_pos': [824, 488]}
2026-05-25 14:00:46,658 WARNING games.zelda.policy: Low health | health_ratio=0.00 | task=Task(name='get_wooden_sword')
2026-05-25 14:00:46,690 INFO __main__: state={'hearts_full': 0, 'hearts_half': 0, 'health_ratio': 0.0, 'link_pos': [824, 488]}
2026-05-25 14:00:46,691 WARNING games.zelda.policy: Low health | health_ratio=0.00 | task=Task(name='get_wooden_sword')
2026-05-25 14:00:46,739 INFO __main__: state={'hearts_full': 0, 'hearts_half': 0, 'health_ratio': 0.0, 'link_pos': [824, 488]}
2026-05-25 14:00:46,739 WARNING games.zelda.policy: Low health | health_ratio=0.00 | task=Task(name='get_wooden_sword')
2026-05-25 14:00:46,789 INFO __main__: state={'hearts_full': 0, 'hearts_half': 0, 'health_ratio': 0.0, 'link_pos': [824, 488]}
2026-05-25 14:00:46,790 WARNING games.zelda.policy: Low health | health_ratio=0.00 | task=Task(name='get_wooden_sword')
2026-05-25 14:00:46,840 INFO __main__: state={'hearts_full': 0, 'hearts_half': 0, 'health_ratio': 0.0, 'link_pos': [824, 488]}
2026-05-25 14:00:46,840 WARNING games.zelda.policy: Low health | health_ratio=0.00 | task=Task(name='get_wooden_sword')
2026-05-25 14:00:46,875 INFO __main__: state={'hearts_full': 0, 'hearts_half': 0, 'health_ratio': 0.0, 'link_pos': [824, 488]}
2026-05-25 14:00:46,876 WARNING games.zelda.policy: Low health | health_ratio=0.00 | task=Task(name='get_wooden_sword')
2026-05-25 14:00:46,924 INFO __main__: state={'hearts_full': 0, 'hearts_half': 0, 'health_ratio': 0.0, 'link_pos': [824, 488]}
2026-05-25 14:00:46,924 WARNING games.zelda.policy: Low health | health_ratio=0.00 | task=Task(name='get_wooden_sword')
2026-05-25 14:00:46,972 INFO __main__: state={'hearts_full': 0, 'hearts_half': 0, 'health_ratio': 0.0, 'link_pos': [824, 488]}
2026-05-25 14:00:46,973 WARNING games.zelda.policy: Low health | health_ratio=0.00 | task=Task(name='get_wooden_sword')
2026-05-25 14:00:47,022 INFO __main__: state={'hearts_full': 0, 'hearts_half': 0, 'health_ratio': 0.0, 'link_pos': [824, 488]}
2026-05-25 14:00:47,023 WARNING games.zelda.policy: Low health | health_ratio=0.00 | task=Task(name='get_wooden_sword')
2026-05-25 14:00:47,058 INFO __main__: state={'hearts_full': 0, 'hearts_half': 0, 'health_ratio': 0.0, 'link_pos': [824, 488]}
2026-05-25 14:00:47,059 WARNING games.zelda.policy: Low health | health_ratio=0.00 | task=Task(name='get_wooden_sword')
2026-05-25 14:00:47,090 INFO __main__: state={'hearts_full': 0, 'hearts_half': 0, 'health_ratio': 0.0, 'link_pos': [824, 488]}
2026-05-25 14:00:47,090 WARNING games.zelda.policy: Low health | health_ratio=0.00 | task=Task(name='get_wooden_sword')
2026-05-25 14:00:47,123 INFO __main__: state={'hearts_full': 0, 'hearts_half': 0, 'health_ratio': 0.0, 'link_pos': [824, 488]}
2026-05-25 14:00:47,123 WARNING games.zelda.policy: Low health | health_ratio=0.00 | task=Task(name='get_wooden_sword')
2026-05-25 14:00:47,172 INFO __main__: state={'hearts_full': 0, 'hearts_half': 0, 'health_ratio': 0.0, 'link_pos': [824, 488]}
2026-05-25 14:00:47,172 WARNING games.zelda.policy: Low health | health_ratio=0.00 | task=Task(name='get_wooden_sword')
2026-05-25 14:00:47,207 INFO __main__: state={'hearts_full': 0, 'hearts_half': 0, 'health_ratio': 0.0, 'link_pos': [824, 488]}
2026-05-25 14:00:47,208 WARNING games.zelda.policy: Low health | health_ratio=0.00 | task=Task(name='get_wooden_sword')
2026-05-25 14:00:47,241 INFO __main__: state={'hearts_full': 0, 'hearts_half': 0, 'health_ratio': 0.0, 'link_pos': [824, 488]}
2026-05-25 14:00:47,241 WARNING games.zelda.policy: Low health | health_ratio=0.00 | task=Task(name='get_wooden_sword')
2026-05-25 14:00:47,274 INFO __main__: state={'hearts_full': 0, 'hearts_half': 0, 'health_ratio': 0.0, 'link_pos': [824, 488]}
2026-05-25 14:00:47,274 WARNING games.zelda.policy: Low health | health_ratio=0.00 | task=Task(name='get_wooden_sword')
2026-05-25 14:00:47,308 INFO __main__: state={'hearts_full': 0, 'hearts_half': 0, 'health_ratio': 0.0, 'link_pos': [824, 488]}
2026-05-25 14:00:47,308 WARNING games.zelda.policy: Low health | health_ratio=0.00 | task=Task(name='get_wooden_sword')
2026-05-25 14:00:47,341 INFO __main__: state={'hearts_full': 0, 'hearts_half': 0, 'health_ratio': 0.0, 'link_pos': [824, 488]}
2026-05-25 14:00:47,341 WARNING games.zelda.policy: Low health | health_ratio=0.00 | task=Task(name='get_wooden_sword')
2026-05-25 14:00:47,376 INFO __main__: state={'hearts_full': 0, 'hearts_half': 0, 'health_ratio': 0.0, 'link_pos': [824, 488]}
2026-05-25 14:00:47,376 WARNING games.zelda.policy: Low health | health_ratio=0.00 | task=Task(name='get_wooden_sword')
2026-05-25 14:00:47,411 INFO __main__: state={'hearts_full': 0, 'hearts_half': 0, 'health_ratio': 0.0, 'link_pos': [824, 488]}
2026-05-25 14:00:47,411 WARNING games.zelda.policy: Low health | health_ratio=0.00 | task=Task(name='get_wooden_sword')
2026-05-25 14:00:47,459 INFO __main__: state={'hearts_full': 0, 'hearts_half': 0, 'health_ratio': 0.0, 'link_pos': [824, 488]}
2026-05-25 14:00:47,459 WARNING games.zelda.policy: Low health | health_ratio=0.00 | task=Task(name='get_wooden_sword')
2026-05-25 14:00:47,491 INFO __main__: state={'hearts_full': 0, 'hearts_half': 0, 'health_ratio': 0.0, 'link_pos': [824, 488]}
2026-05-25 14:00:47,491 WARNING games.zelda.policy: Low health | health_ratio=0.00 | task=Task(name='get_wooden_sword')
2026-05-25 14:00:47,524 INFO __main__: state={'hearts_full': 0, 'hearts_half': 0, 'health_ratio': 0.0, 'link_pos': [824, 488]}
2026-05-25 14:00:47,525 WARNING games.zelda.policy: Low health | health_ratio=0.00 | task=Task(name='get_wooden_sword')
2026-05-25 14:00:47,562 INFO __main__: state={'hearts_full': 0, 'hearts_half': 0, 'health_ratio': 0.0, 'link_pos': [824, 488]}
2026-05-25 14:00:47,562 WARNING games.zelda.policy: Low health | health_ratio=0.00 | task=Task(name='get_wooden_sword')
2026-05-25 14:00:47,606 INFO __main__: state={'hearts_full': 0, 'hearts_half': 0, 'health_ratio': 0.0, 'link_pos': [824, 488]}
2026-05-25 14:00:47,607 WARNING games.zelda.policy: Low health | health_ratio=0.00 | task=Task(name='get_wooden_sword')
2026-05-25 14:00:47,641 INFO __main__: state={'hearts_full': 0, 'hearts_half': 0, 'health_ratio': 0.0, 'link_pos': [824, 488]}
2026-05-25 14:00:47,641 WARNING games.zelda.policy: Low health | health_ratio=0.00 | task=Task(name='get_wooden_sword')
2026-05-25 14:00:47,675 INFO __main__: state={'hearts_full': 0, 'hearts_half': 0, 'health_ratio': 0.0, 'link_pos': [824, 488]}
2026-05-25 14:00:47,675 WARNING games.zelda.policy: Low health | health_ratio=0.00 | task=Task(name='get_wooden_sword')
2026-05-25 14:00:47,723 INFO __main__: state={'hearts_full': 0, 'hearts_half': 0, 'health_ratio': 0.0, 'link_pos': [824, 488]}
2026-05-25 14:00:47,725 WARNING games.zelda.policy: Low health | health_ratio=0.00 | task=Task(name='get_wooden_sword')
2026-05-25 14:00:47,759 INFO __main__: state={'hearts_full': 0, 'hearts_half': 0, 'health_ratio': 0.0, 'link_pos': [824, 488]}
2026-05-25 14:00:47,759 WARNING games.zelda.policy: Low health | health_ratio=0.00 | task=Task(name='get_wooden_sword')
2026-05-25 14:00:47,790 INFO __main__: state={'hearts_full': 0, 'hearts_half': 0, 'health_ratio': 0.0, 'link_pos': [824, 488]}
2026-05-25 14:00:47,791 WARNING games.zelda.policy: Low health | health_ratio=0.00 | task=Task(name='get_wooden_sword')
2026-05-25 14:00:47,823 INFO __main__: state={'hearts_full': 0, 'hearts_half': 0, 'health_ratio': 0.0, 'link_pos': [824, 488]}
2026-05-25 14:00:47,823 WARNING games.zelda.policy: Low health | health_ratio=0.00 | task=Task(name='get_wooden_sword')
2026-05-25 14:00:47,857 INFO __main__: state={'hearts_full': 0, 'hearts_half': 0, 'health_ratio': 0.0, 'link_pos': [824, 488]}
2026-05-25 14:00:47,857 WARNING games.zelda.policy: Low health | health_ratio=0.00 | task=Task(name='get_wooden_sword')
2026-05-25 14:00:47,890 INFO __main__: state={'hearts_full': 0, 'hearts_half': 0, 'health_ratio': 0.0, 'link_pos': [824, 488]}
2026-05-25 14:00:47,891 WARNING games.zelda.policy: Low health | health_ratio=0.00 | task=Task(name='get_wooden_sword')
2026-05-25 14:00:47,924 INFO __main__: state={'hearts_full': 0, 'hearts_half': 0, 'health_ratio': 0.0, 'link_pos': [824, 488]}
2026-05-25 14:00:47,924 WARNING games.zelda.policy: Low health | health_ratio=0.00 | task=Task(name='get_wooden_sword')
2026-05-25 14:00:47,974 INFO __main__: state={'hearts_full': 0, 'hearts_half': 0, 'health_ratio': 0.0, 'link_pos': [824, 488]}
2026-05-25 14:00:47,974 WARNING games.zelda.policy: Low health | health_ratio=0.00 | task=Task(name='get_wooden_sword')
2026-05-25 14:00:48,008 INFO __main__: state={'hearts_full': 0, 'hearts_half': 0, 'health_ratio': 0.0, 'link_pos': [824, 488]}
2026-05-25 14:00:48,009 WARNING games.zelda.policy: Low health | health_ratio=0.00 | task=Task(name='get_wooden_sword')
2026-05-25 14:00:48,056 INFO __main__: state={'hearts_full': 0, 'hearts_half': 0, 'health_ratio': 0.0, 'link_pos': [824, 488]}
2026-05-25 14:00:48,056 WARNING games.zelda.policy: Low health | health_ratio=0.00 | task=Task(name='get_wooden_sword')
2026-05-25 14:00:48,091 INFO __main__: state={'hearts_full': 0, 'hearts_half': 0, 'health_ratio': 0.0, 'link_pos': [824, 488]}
2026-05-25 14:00:48,091 WARNING games.zelda.policy: Low health | health_ratio=0.00 | task=Task(name='get_wooden_sword')
2026-05-25 14:00:48,124 INFO __main__: state={'hearts_full': 0, 'hearts_half': 0, 'health_ratio': 0.0, 'link_pos': [824, 488]}
2026-05-25 14:00:48,124 WARNING games.zelda.policy: Low health | health_ratio=0.00 | task=Task(name='get_wooden_sword')
2026-05-25 14:00:48,172 INFO __main__: state={'hearts_full': 0, 'hearts_half': 0, 'health_ratio': 0.0, 'link_pos': [824, 488]}
2026-05-25 14:00:48,172 WARNING games.zelda.policy: Low health | health_ratio=0.00 | task=Task(name='get_wooden_sword')
2026-05-25 14:00:48,222 INFO __main__: state={'hearts_full': 0, 'hearts_half': 0, 'health_ratio': 0.0, 'link_pos': [824, 488]}
2026-05-25 14:00:48,222 WARNING games.zelda.policy: Low health | health_ratio=0.00 | task=Task(name='get_wooden_sword')
2026-05-25 14:00:48,258 INFO __main__: state={'hearts_full': 0, 'hearts_half': 0, 'health_ratio': 0.0, 'link_pos': [824, 488]}
2026-05-25 14:00:48,258 WARNING games.zelda.policy: Low health | health_ratio=0.00 | task=Task(name='get_wooden_sword')
2026-05-25 14:00:48,290 INFO __main__: state={'hearts_full': 0, 'hearts_half': 0, 'health_ratio': 0.0, 'link_pos': [824, 488]}
2026-05-25 14:00:48,290 WARNING games.zelda.policy: Low health | health_ratio=0.00 | task=Task(name='get_wooden_sword')
2026-05-25 14:00:48,340 INFO __main__: state={'hearts_full': 0, 'hearts_half': 0, 'health_ratio': 0.0, 'link_pos': [824, 488]}
2026-05-25 14:00:48,340 WARNING games.zelda.policy: Low health | health_ratio=0.00 | task=Task(name='get_wooden_sword')
2026-05-25 14:00:48,389 INFO __main__: state={'hearts_full': 0, 'hearts_half': 0, 'health_ratio': 0.0, 'link_pos': [824, 488]}
2026-05-25 14:00:48,390 WARNING games.zelda.policy: Low health | health_ratio=0.00 | task=Task(name='get_wooden_sword')
2026-05-25 14:00:51,547 INFO __main__: state={'hearts_full': 0, 'hearts_half': 0, 'health_ratio': 0.0, 'link_pos': [824, 488]}
2026-05-25 14:00:51,547 WARNING games.zelda.policy: Low health | health_ratio=0.00 | task=Task(name='get_wooden_sword')
2026-05-25 14:00:51,574 INFO __main__: state={'hearts_full': 0, 'hearts_half': 0, 'health_ratio': 0.0, 'link_pos': [824, 488]}
2026-05-25 14:00:51,574 WARNING games.zelda.policy: Low health | health_ratio=0.00 | task=Task(name='get_wooden_sword')
2026-05-25 14:00:51,607 INFO __main__: state={'hearts_full': 0, 'hearts_half': 0, 'health_ratio': 0.0, 'link_pos': [824, 488]}
2026-05-25 14:00:51,608 WARNING games.zelda.policy: Low health | health_ratio=0.00 | task=Task(name='get_wooden_sword')
2026-05-25 14:00:51,657 INFO __main__: state={'hearts_full': 0, 'hearts_half': 0, 'health_ratio': 0.0, 'link_pos': [824, 488]}
2026-05-25 14:00:51,657 WARNING games.zelda.policy: Low health | health_ratio=0.00 | task=Task(name='get_wooden_sword')
2026-05-25 14:00:51,690 INFO __main__: state={'hearts_full': 0, 'hearts_half': 0, 'health_ratio': 0.0, 'link_pos': [824, 488]}
2026-05-25 14:00:51,690 WARNING games.zelda.policy: Low health | health_ratio=0.00 | task=Task(name='get_wooden_sword')
2026-05-25 14:00:51,723 INFO __main__: state={'hearts_full': 0, 'hearts_half': 0, 'health_ratio': 0.0, 'link_pos': [824, 488]}
2026-05-25 14:00:51,723 WARNING games.zelda.policy: Low health | health_ratio=0.00 | task=Task(name='get_wooden_sword')
2026-05-25 14:00:51,757 INFO __main__: state={'hearts_full': 0, 'hearts_half': 0, 'health_ratio': 0.0, 'link_pos': [824, 488]}
2026-05-25 14:00:51,757 WARNING games.zelda.policy: Low health | health_ratio=0.00 | task=Task(name='get_wooden_sword')
2026-05-25 14:00:51,792 INFO __main__: state={'hearts_full': 0, 'hearts_half': 0, 'health_ratio': 0.0, 'link_pos': [824, 488]}
2026-05-25 14:00:51,792 WARNING games.zelda.policy: Low health | health_ratio=0.00 | task=Task(name='get_wooden_sword')
2026-05-25 14:00:51,840 INFO __main__: state={'hearts_full': 0, 'hearts_half': 0, 'health_ratio': 0.0, 'link_pos': [824, 488]}
2026-05-25 14:00:51,840 WARNING games.zelda.policy: Low health | health_ratio=0.00 | task=Task(name='get_wooden_sword')
2026-05-25 14:00:51,892 INFO __main__: state={'hearts_full': 0, 'hearts_half': 0, 'health_ratio': 0.0, 'link_pos': [824, 488]}
2026-05-25 14:00:51,892 WARNING games.zelda.policy: Low health | health_ratio=0.00 | task=Task(name='get_wooden_sword')
2026-05-25 14:00:51,924 INFO __main__: state={'hearts_full': 0, 'hearts_half': 0, 'health_ratio': 0.0, 'link_pos': [824, 488]}
2026-05-25 14:00:51,924 WARNING games.zelda.policy: Low health | health_ratio=0.00 | task=Task(name='get_wooden_sword')
2026-05-25 14:00:51,974 INFO __main__: state={'hearts_full': 0, 'hearts_half': 0, 'health_ratio': 0.0, 'link_pos': [824, 488]}
2026-05-25 14:00:51,975 WARNING games.zelda.policy: Low health | health_ratio=0.00 | task=Task(name='get_wooden_sword')
2026-05-25 14:00:52,008 INFO __main__: state={'hearts_full': 0, 'hearts_half': 0, 'health_ratio': 0.0, 'link_pos': [824, 488]}
2026-05-25 14:00:52,009 WARNING games.zelda.policy: Low health | health_ratio=0.00 | task=Task(name='get_wooden_sword')
2026-05-25 14:00:52,041 INFO __main__: state={'hearts_full': 0, 'hearts_half': 0, 'health_ratio': 0.0, 'link_pos': [824, 488]}
2026-05-25 14:00:52,041 WARNING games.zelda.policy: Low health | health_ratio=0.00 | task=Task(name='get_wooden_sword')
2026-05-25 14:00:52,074 INFO __main__: state={'hearts_full': 0, 'hearts_half': 0, 'health_ratio': 0.0, 'link_pos': [824, 488]}
2026-05-25 14:00:52,075 WARNING games.zelda.policy: Low health | health_ratio=0.00 | task=Task(name='get_wooden_sword')
2026-05-25 14:00:52,107 INFO __main__: state={'hearts_full': 0, 'hearts_half': 0, 'health_ratio': 0.0, 'link_pos': [824, 488]}
2026-05-25 14:00:52,107 WARNING games.zelda.policy: Low health | health_ratio=0.00 | task=Task(name='get_wooden_sword')
2026-05-25 14:00:52,141 INFO __main__: state={'hearts_full': 0, 'hearts_half': 0, 'health_ratio': 0.0, 'link_pos': [824, 488]}
2026-05-25 14:00:52,141 WARNING games.zelda.policy: Low health | health_ratio=0.00 | task=Task(name='get_wooden_sword')
2026-05-25 14:00:52,174 INFO __main__: state={'hearts_full': 0, 'hearts_half': 0, 'health_ratio': 0.0, 'link_pos': [824, 488]}
2026-05-25 14:00:52,174 WARNING games.zelda.policy: Low health | health_ratio=0.00 | task=Task(name='get_wooden_sword')
2026-05-25 14:00:52,224 INFO __main__: state={'hearts_full': 0, 'hearts_half': 0, 'health_ratio': 0.0, 'link_pos': [824, 488]}
2026-05-25 14:00:52,224 WARNING games.zelda.policy: Low health | health_ratio=0.00 | task=Task(name='get_wooden_sword')
2026-05-25 14:00:52,272 INFO __main__: state={'hearts_full': 0, 'hearts_half': 0, 'health_ratio': 0.0, 'link_pos': [824, 488]}
2026-05-25 14:00:52,272 WARNING games.zelda.policy: Low health | health_ratio=0.00 | task=Task(name='get_wooden_sword')
2026-05-25 14:00:52,322 INFO __main__: state={'hearts_full': 0, 'hearts_half': 0, 'health_ratio': 0.0, 'link_pos': [824, 488]}
2026-05-25 14:00:52,322 WARNING games.zelda.policy: Low health | health_ratio=0.00 | task=Task(name='get_wooden_sword')
2026-05-25 14:00:52,357 INFO __main__: state={'hearts_full': 0, 'hearts_half': 0, 'health_ratio': 0.0, 'link_pos': [824, 488]}
2026-05-25 14:00:52,357 WARNING games.zelda.policy: Low health | health_ratio=0.00 | task=Task(name='get_wooden_sword')
2026-05-25 14:00:52,391 INFO __main__: state={'hearts_full': 0, 'hearts_half': 0, 'health_ratio': 0.0, 'link_pos': [824, 488]}
2026-05-25 14:00:52,391 WARNING games.zelda.policy: Low health | health_ratio=0.00 | task=Task(name='get_wooden_sword')
2026-05-25 14:00:52,425 INFO __main__: state={'hearts_full': 0, 'hearts_half': 0, 'health_ratio': 0.0, 'link_pos': [824, 488]}
2026-05-25 14:00:52,425 WARNING games.zelda.policy: Low health | health_ratio=0.00 | task=Task(name='get_wooden_sword')
2026-05-25 14:00:52,472 INFO __main__: state={'hearts_full': 0, 'hearts_half': 0, 'health_ratio': 0.0, 'link_pos': [824, 488]}
2026-05-25 14:00:52,472 WARNING games.zelda.policy: Low health | health_ratio=0.00 | task=Task(name='get_wooden_sword')
2026-05-25 14:00:52,523 INFO __main__: state={'hearts_full': 0, 'hearts_half': 0, 'health_ratio': 0.0, 'link_pos': [824, 488]}
2026-05-25 14:00:52,524 WARNING games.zelda.policy: Low health | health_ratio=0.00 | task=Task(name='get_wooden_sword')
2026-05-25 14:00:52,557 INFO __main__: state={'hearts_full': 0, 'hearts_half': 0, 'health_ratio': 0.0, 'link_pos': [824, 488]}
2026-05-25 14:00:52,557 WARNING games.zelda.policy: Low health | health_ratio=0.00 | task=Task(name='get_wooden_sword')
2026-05-25 14:00:52,591 INFO __main__: state={'hearts_full': 0, 'hearts_half': 0, 'health_ratio': 0.0, 'link_pos': [824, 488]}
2026-05-25 14:00:52,591 WARNING games.zelda.policy: Low health | health_ratio=0.00 | task=Task(name='get_wooden_sword')
2026-05-25 14:00:52,624 INFO __main__: state={'hearts_full': 0, 'hearts_half': 0, 'health_ratio': 0.0, 'link_pos': [824, 488]}
2026-05-25 14:00:52,626 WARNING games.zelda.policy: Low health | health_ratio=0.00 | task=Task(name='get_wooden_sword')
2026-05-25 14:00:52,657 INFO __main__: state={'hearts_full': 0, 'hearts_half': 0, 'health_ratio': 0.0, 'link_pos': [824, 488]}
2026-05-25 14:00:52,657 WARNING games.zelda.policy: Low health | health_ratio=0.00 | task=Task(name='get_wooden_sword')
2026-05-25 14:00:52,706 INFO __main__: state={'hearts_full': 0, 'hearts_half': 0, 'health_ratio': 0.0, 'link_pos': [824, 488]}
2026-05-25 14:00:52,707 WARNING games.zelda.policy: Low health | health_ratio=0.00 | task=Task(name='get_wooden_sword')
2026-05-25 14:00:52,756 INFO __main__: state={'hearts_full': 0, 'hearts_half': 0, 'health_ratio': 0.0, 'link_pos': [824, 488]}
2026-05-25 14:00:52,756 WARNING games.zelda.policy: Low health | health_ratio=0.00 | task=Task(name='get_wooden_sword')
2026-05-25 14:00:52,791 INFO __main__: state={'hearts_full': 0, 'hearts_half': 0, 'health_ratio': 0.0, 'link_pos': [824, 488]}
2026-05-25 14:00:52,791 WARNING games.zelda.policy: Low health | health_ratio=0.00 | task=Task(name='get_wooden_sword')
2026-05-25 14:00:52,824 INFO __main__: state={'hearts_full': 0, 'hearts_half': 0, 'health_ratio': 0.0, 'link_pos': [824, 488]}
2026-05-25 14:00:52,825 WARNING games.zelda.policy: Low health | health_ratio=0.00 | task=Task(name='get_wooden_sword')
2026-05-25 14:00:52,858 INFO __main__: state={'hearts_full': 0, 'hearts_half': 0, 'health_ratio': 0.0, 'link_pos': [824, 488]}
2026-05-25 14:00:52,859 WARNING games.zelda.policy: Low health | health_ratio=0.00 | task=Task(name='get_wooden_sword')
2026-05-25 14:00:52,892 INFO __main__: state={'hearts_full': 0, 'hearts_half': 0, 'health_ratio': 0.0, 'link_pos': [824, 488]}
2026-05-25 14:00:52,892 WARNING games.zelda.policy: Low health | health_ratio=0.00 | task=Task(name='get_wooden_sword')
2026-05-25 14:00:52,924 INFO __main__: state={'hearts_full': 0, 'hearts_half': 0, 'health_ratio': 0.0, 'link_pos': [824, 488]}
2026-05-25 14:00:52,924 WARNING games.zelda.policy: Low health | health_ratio=0.00 | task=Task(name='get_wooden_sword')
2026-05-25 14:00:52,958 INFO __main__: state={'hearts_full': 0, 'hearts_half': 0, 'health_ratio': 0.0, 'link_pos': [824, 488]}
2026-05-25 14:00:52,958 WARNING games.zelda.policy: Low health | health_ratio=0.00 | task=Task(name='get_wooden_sword')
2026-05-25 14:00:52,991 INFO __main__: state={'hearts_full': 0, 'hearts_half': 0, 'health_ratio': 0.0, 'link_pos': [824, 488]}
2026-05-25 14:00:52,992 WARNING games.zelda.policy: Low health | health_ratio=0.00 | task=Task(name='get_wooden_sword')
2026-05-25 14:00:53,024 INFO __main__: state={'hearts_full': 0, 'hearts_half': 0, 'health_ratio': 0.0, 'link_pos': [824, 488]}
2026-05-25 14:00:53,024 WARNING games.zelda.policy: Low health | health_ratio=0.00 | task=Task(name='get_wooden_sword')
2026-05-25 14:00:53,057 INFO __main__: state={'hearts_full': 0, 'hearts_half': 0, 'health_ratio': 0.0, 'link_pos': [824, 488]}
2026-05-25 14:00:53,057 WARNING games.zelda.policy: Low health | health_ratio=0.00 | task=Task(name='get_wooden_sword')
2026-05-25 14:00:53,091 INFO __main__: state={'hearts_full': 0, 'hearts_half': 0, 'health_ratio': 0.0, 'link_pos': [824, 488]}
2026-05-25 14:00:53,091 WARNING games.zelda.policy: Low health | health_ratio=0.00 | task=Task(name='get_wooden_sword')
2026-05-25 14:00:53,124 INFO __main__: state={'hearts_full': 0, 'hearts_half': 0, 'health_ratio': 0.0, 'link_pos': [824, 488]}
2026-05-25 14:00:53,124 WARNING games.zelda.policy: Low health | health_ratio=0.00 | task=Task(name='get_wooden_sword')
2026-05-25 14:00:53,157 INFO __main__: state={'hearts_full': 0, 'hearts_half': 0, 'health_ratio': 0.0, 'link_pos': [824, 488]}
2026-05-25 14:00:53,157 WARNING games.zelda.policy: Low health | health_ratio=0.00 | task=Task(name='get_wooden_sword')
2026-05-25 14:00:53,206 INFO __main__: state={'hearts_full': 0, 'hearts_half': 0, 'health_ratio': 0.0, 'link_pos': [824, 488]}
2026-05-25 14:00:53,206 WARNING games.zelda.policy: Low health | health_ratio=0.00 | task=Task(name='get_wooden_sword')
2026-05-25 14:00:53,240 INFO __main__: state={'hearts_full': 0, 'hearts_half': 0, 'health_ratio': 0.0, 'link_pos': [824, 488]}
2026-05-25 14:00:53,240 WARNING games.zelda.policy: Low health | health_ratio=0.00 | task=Task(name='get_wooden_sword')
2026-05-25 14:00:53,272 INFO __main__: state={'hearts_full': 0, 'hearts_half': 0, 'health_ratio': 0.0, 'link_pos': [824, 488]}
2026-05-25 14:00:53,274 WARNING games.zelda.policy: Low health | health_ratio=0.00 | task=Task(name='get_wooden_sword')
2026-05-25 14:00:53,307 INFO __main__: state={'hearts_full': 0, 'hearts_half': 0, 'health_ratio': 0.0, 'link_pos': [824, 488]}
2026-05-25 14:00:53,307 WARNING games.zelda.policy: Low health | health_ratio=0.00 | task=Task(name='get_wooden_sword')
2026-05-25 14:00:53,340 INFO __main__: state={'hearts_full': 0, 'hearts_half': 0, 'health_ratio': 0.0, 'link_pos': [824, 488]}
2026-05-25 14:00:53,340 WARNING games.zelda.policy: Low health | health_ratio=0.00 | task=Task(name='get_wooden_sword')
2026-05-25 14:00:53,389 INFO __main__: state={'hearts_full': 0, 'hearts_half': 0, 'health_ratio': 0.0, 'link_pos': [824, 488]}
2026-05-25 14:00:53,390 WARNING games.zelda.policy: Low health | health_ratio=0.00 | task=Task(name='get_wooden_sword')
2026-05-25 14:00:53,440 INFO __main__: state={'hearts_full': 0, 'hearts_half': 0, 'health_ratio': 0.0, 'link_pos': [824, 488]}
2026-05-25 14:00:53,440 WARNING games.zelda.policy: Low health | health_ratio=0.00 | task=Task(name='get_wooden_sword')
2026-05-25 14:00:53,473 INFO __main__: state={'hearts_full': 0, 'hearts_half': 0, 'health_ratio': 0.0, 'link_pos': [824, 488]}
2026-05-25 14:00:53,474 WARNING games.zelda.policy: Low health | health_ratio=0.00 | task=Task(name='get_wooden_sword')
2026-05-25 14:00:53,506 INFO __main__: state={'hearts_full': 0, 'hearts_half': 0, 'health_ratio': 0.0, 'link_pos': [824, 488]}
2026-05-25 14:00:53,507 WARNING games.zelda.policy: Low health | health_ratio=0.00 | task=Task(name='get_wooden_sword')
2026-05-25 14:00:53,541 INFO __main__: state={'hearts_full': 0, 'hearts_half': 0, 'health_ratio': 0.0, 'link_pos': [824, 488]}
2026-05-25 14:00:53,542 WARNING games.zelda.policy: Low health | health_ratio=0.00 | task=Task(name='get_wooden_sword')
2026-05-25 14:00:53,575 INFO __main__: state={'hearts_full': 0, 'hearts_half': 0, 'health_ratio': 0.0, 'link_pos': [824, 488]}
2026-05-25 14:00:53,575 WARNING games.zelda.policy: Low health | health_ratio=0.00 | task=Task(name='get_wooden_sword')
2026-05-25 14:00:53,608 INFO __main__: state={'hearts_full': 0, 'hearts_half': 0, 'health_ratio': 0.0, 'link_pos': [824, 488]}
2026-05-25 14:00:53,608 WARNING games.zelda.policy: Low health | health_ratio=0.00 | task=Task(name='get_wooden_sword')
2026-05-25 14:00:53,641 INFO __main__: state={'hearts_full': 0, 'hearts_half': 0, 'health_ratio': 0.0, 'link_pos': [824, 488]}
2026-05-25 14:00:53,641 WARNING games.zelda.policy: Low health | health_ratio=0.00 | task=Task(name='get_wooden_sword')
2026-05-25 14:00:53,691 INFO __main__: state={'hearts_full': 0, 'hearts_half': 0, 'health_ratio': 0.0, 'link_pos': [824, 488]}
2026-05-25 14:00:53,691 WARNING games.zelda.policy: Low health | health_ratio=0.00 | task=Task(name='get_wooden_sword')
2026-05-25 14:00:53,725 INFO __main__: state={'hearts_full': 0, 'hearts_half': 0, 'health_ratio': 0.0, 'link_pos': [824, 488]}
2026-05-25 14:00:53,725 WARNING games.zelda.policy: Low health | health_ratio=0.00 | task=Task(name='get_wooden_sword')
2026-05-25 14:00:53,775 INFO __main__: state={'hearts_full': 0, 'hearts_half': 0, 'health_ratio': 0.0, 'link_pos': [824, 488]}
2026-05-25 14:00:53,775 WARNING games.zelda.policy: Low health | health_ratio=0.00 | task=Task(name='get_wooden_sword')
2026-05-25 14:00:53,808 INFO __main__: state={'hearts_full': 0, 'hearts_half': 0, 'health_ratio': 0.0, 'link_pos': [824, 488]}
2026-05-25 14:00:53,808 WARNING games.zelda.policy: Low health | health_ratio=0.00 | task=Task(name='get_wooden_sword')
2026-05-25 14:00:53,840 INFO __main__: state={'hearts_full': 0, 'hearts_half': 0, 'health_ratio': 0.0, 'link_pos': [824, 488]}
2026-05-25 14:00:53,841 WARNING games.zelda.policy: Low health | health_ratio=0.00 | task=Task(name='get_wooden_sword')
2026-05-25 14:00:53,891 INFO __main__: state={'hearts_full': 0, 'hearts_half': 0, 'health_ratio': 0.0, 'link_pos': [824, 488]}
2026-05-25 14:00:53,892 WARNING games.zelda.policy: Low health | health_ratio=0.00 | task=Task(name='get_wooden_sword')
2026-05-25 14:00:53,924 INFO __main__: state={'hearts_full': 0, 'hearts_half': 0, 'health_ratio': 0.0, 'link_pos': [824, 488]}
2026-05-25 14:00:53,924 WARNING games.zelda.policy: Low health | health_ratio=0.00 | task=Task(name='get_wooden_sword')
2026-05-25 14:00:53,958 INFO __main__: state={'hearts_full': 0, 'hearts_half': 0, 'health_ratio': 0.0, 'link_pos': [824, 488]}
2026-05-25 14:00:53,959 WARNING games.zelda.policy: Low health | health_ratio=0.00 | task=Task(name='get_wooden_sword')
2026-05-25 14:00:53,992 INFO __main__: state={'hearts_full': 0, 'hearts_half': 0, 'health_ratio': 0.0, 'link_pos': [824, 488]}
2026-05-25 14:00:53,992 WARNING games.zelda.policy: Low health | health_ratio=0.00 | task=Task(name='get_wooden_sword')
2026-05-25 14:00:54,025 INFO __main__: state={'hearts_full': 0, 'hearts_half': 0, 'health_ratio': 0.0, 'link_pos': [824, 488]}
2026-05-25 14:00:54,025 WARNING games.zelda.policy: Low health | health_ratio=0.00 | task=Task(name='get_wooden_sword')
2026-05-25 14:00:54,073 INFO __main__: state={'hearts_full': 0, 'hearts_half': 0, 'health_ratio': 0.0, 'link_pos': [824, 488]}
2026-05-25 14:00:54,073 WARNING games.zelda.policy: Low health | health_ratio=0.00 | task=Task(name='get_wooden_sword')
2026-05-25 14:00:54,109 INFO __main__: state={'hearts_full': 0, 'hearts_half': 0, 'health_ratio': 0.0, 'link_pos': [824, 488]}
2026-05-25 14:00:54,109 WARNING games.zelda.policy: Low health | health_ratio=0.00 | task=Task(name='get_wooden_sword')
2026-05-25 14:00:54,156 INFO __main__: state={'hearts_full': 0, 'hearts_half': 0, 'health_ratio': 0.0, 'link_pos': [824, 488]}
2026-05-25 14:00:54,156 WARNING games.zelda.policy: Low health | health_ratio=0.00 | task=Task(name='get_wooden_sword')
2026-05-25 14:00:54,191 INFO __main__: state={'hearts_full': 0, 'hearts_half': 0, 'health_ratio': 0.0, 'link_pos': [824, 488]}
2026-05-25 14:00:54,192 WARNING games.zelda.policy: Low health | health_ratio=0.00 | task=Task(name='get_wooden_sword')
2026-05-25 14:00:54,224 INFO __main__: state={'hearts_full': 0, 'hearts_half': 0, 'health_ratio': 0.0, 'link_pos': [824, 488]}
2026-05-25 14:00:54,224 WARNING games.zelda.policy: Low health | health_ratio=0.00 | task=Task(name='get_wooden_sword')
2026-05-25 14:00:54,273 INFO __main__: state={'hearts_full': 0, 'hearts_half': 0, 'health_ratio': 0.0, 'link_pos': [824, 488]}
2026-05-25 14:00:54,273 WARNING games.zelda.policy: Low health | health_ratio=0.00 | task=Task(name='get_wooden_sword')
2026-05-25 14:00:54,323 INFO __main__: state={'hearts_full': 0, 'hearts_half': 0, 'health_ratio': 0.0, 'link_pos': [824, 488]}
2026-05-25 14:00:54,324 WARNING games.zelda.policy: Low health | health_ratio=0.00 | task=Task(name='get_wooden_sword')
2026-05-25 14:00:54,374 INFO __main__: state={'hearts_full': 0, 'hearts_half': 0, 'health_ratio': 0.0, 'link_pos': [824, 488]}
2026-05-25 14:00:54,374 WARNING games.zelda.policy: Low health | health_ratio=0.00 | task=Task(name='get_wooden_sword')
2026-05-25 14:00:54,407 INFO __main__: state={'hearts_full': 0, 'hearts_half': 0, 'health_ratio': 0.0, 'link_pos': [824, 488]}
2026-05-25 14:00:54,407 WARNING games.zelda.policy: Low health | health_ratio=0.00 | task=Task(name='get_wooden_sword')
2026-05-25 14:00:54,442 INFO __main__: state={'hearts_full': 0, 'hearts_half': 0, 'health_ratio': 0.0, 'link_pos': [824, 488]}
2026-05-25 14:00:54,442 WARNING games.zelda.policy: Low health | health_ratio=0.00 | task=Task(name='get_wooden_sword')
2026-05-25 14:00:54,491 INFO __main__: state={'hearts_full': 0, 'hearts_half': 0, 'health_ratio': 0.0, 'link_pos': [440, 630]}
2026-05-25 14:00:54,491 WARNING games.zelda.policy: Low health | health_ratio=0.00 | task=Task(name='get_wooden_sword')
2026-05-25 14:00:54,541 INFO __main__: state={'hearts_full': 0, 'hearts_half': 0, 'health_ratio': 0.0, 'link_pos': [440, 630]}
2026-05-25 14:00:54,541 WARNING games.zelda.policy: Low health | health_ratio=0.00 | task=Task(name='get_wooden_sword')
2026-05-25 14:00:54,609 INFO __main__: state={'hearts_full': 0, 'hearts_half': 0, 'health_ratio': 0.0, 'link_pos': [440, 630]}
2026-05-25 14:00:54,609 WARNING games.zelda.policy: Low health | health_ratio=0.00 | task=Task(name='get_wooden_sword')
2026-05-25 14:03:51,978 INFO games.zelda.policy: ZeldaPolicy initialized | [zelda_opening] 1/4: get_wooden_sword
2026-05-25 14:03:52,082 INFO __main__: Detected region: x=30, y=348, w=879, h=672
2026-05-25 14:03:52,082 INFO __main__: Detected 'RetroArch QuickNES 1.0-WIP 7178256' at region (30, 348, 879, 672)
2026-05-25 14:03:52,086 INFO __main__: ScreenCapture region: (30, 348, 879, 672)
2026-05-25 14:03:52,086 INFO __main__: Starting loop at 30 FPS
2026-05-25 14:03:52,131 INFO __main__: state={'hearts_full': 0, 'hearts_half': 0, 'health_ratio': 0.0, 'link_pos': [824, 488]}
2026-05-25 14:03:52,132 WARNING games.zelda.policy: Low health | health_ratio=0.00 | task=Task(name='get_wooden_sword')
2026-05-25 14:03:52,224 INFO __main__: state={'hearts_full': 0, 'hearts_half': 0, 'health_ratio': 0.0, 'link_pos': [824, 488]}
2026-05-25 14:03:52,224 WARNING games.zelda.policy: Low health | health_ratio=0.00 | task=Task(name='get_wooden_sword')
2026-05-25 14:03:52,258 INFO __main__: state={'hearts_full': 0, 'hearts_half': 0, 'health_ratio': 0.0, 'link_pos': [824, 488]}
2026-05-25 14:03:52,258 WARNING games.zelda.policy: Low health | health_ratio=0.00 | task=Task(name='get_wooden_sword')
2026-05-25 14:03:52,309 INFO __main__: state={'hearts_full': 0, 'hearts_half': 0, 'health_ratio': 0.0, 'link_pos': [824, 488]}
2026-05-25 14:03:52,309 WARNING games.zelda.policy: Low health | health_ratio=0.00 | task=Task(name='get_wooden_sword')
2026-05-25 14:03:52,358 INFO __main__: state={'hearts_full': 0, 'hearts_half': 0, 'health_ratio': 0.0, 'link_pos': [824, 488]}
2026-05-25 14:03:52,359 WARNING games.zelda.policy: Low health | health_ratio=0.00 | task=Task(name='get_wooden_sword')
2026-05-25 14:03:52,409 INFO __main__: state={'hearts_full': 0, 'hearts_half': 0, 'health_ratio': 0.0, 'link_pos': [824, 488]}
2026-05-25 14:03:52,409 WARNING games.zelda.policy: Low health | health_ratio=0.00 | task=Task(name='get_wooden_sword')
2026-05-25 14:03:52,441 INFO __main__: state={'hearts_full': 0, 'hearts_half': 0, 'health_ratio': 0.0, 'link_pos': [824, 488]}
2026-05-25 14:03:52,442 WARNING games.zelda.policy: Low health | health_ratio=0.00 | task=Task(name='get_wooden_sword')
2026-05-25 14:03:52,481 INFO __main__: state={'hearts_full': 0, 'hearts_half': 0, 'health_ratio': 0.0, 'link_pos': [824, 488]}
2026-05-25 14:03:52,482 WARNING games.zelda.policy: Low health | health_ratio=0.00 | task=Task(name='get_wooden_sword')
2026-05-25 14:03:52,524 INFO __main__: state={'hearts_full': 0, 'hearts_half': 0, 'health_ratio': 0.0, 'link_pos': [824, 488]}
2026-05-25 14:03:52,524 WARNING games.zelda.policy: Low health | health_ratio=0.00 | task=Task(name='get_wooden_sword')
2026-05-25 14:03:52,573 INFO __main__: state={'hearts_full': 0, 'hearts_half': 0, 'health_ratio': 0.0, 'link_pos': [824, 488]}
2026-05-25 14:03:52,574 WARNING games.zelda.policy: Low health | health_ratio=0.00 | task=Task(name='get_wooden_sword')
2026-05-25 14:03:52,625 INFO __main__: state={'hearts_full': 0, 'hearts_half': 0, 'health_ratio': 0.0, 'link_pos': [824, 488]}
2026-05-25 14:03:52,625 WARNING games.zelda.policy: Low health | health_ratio=0.00 | task=Task(name='get_wooden_sword')
2026-05-25 14:03:52,673 INFO __main__: state={'hearts_full': 0, 'hearts_half': 0, 'health_ratio': 0.0, 'link_pos': [824, 488]}
2026-05-25 14:03:52,674 WARNING games.zelda.policy: Low health | health_ratio=0.00 | task=Task(name='get_wooden_sword')
2026-05-25 14:03:52,707 INFO __main__: state={'hearts_full': 0, 'hearts_half': 0, 'health_ratio': 0.0, 'link_pos': [824, 488]}
2026-05-25 14:03:52,708 WARNING games.zelda.policy: Low health | health_ratio=0.00 | task=Task(name='get_wooden_sword')
2026-05-25 14:03:52,740 INFO __main__: state={'hearts_full': 0, 'hearts_half': 0, 'health_ratio': 0.0, 'link_pos': [824, 488]}
2026-05-25 14:03:52,740 WARNING games.zelda.policy: Low health | health_ratio=0.00 | task=Task(name='get_wooden_sword')
2026-05-25 14:03:52,791 INFO __main__: state={'hearts_full': 0, 'hearts_half': 0, 'health_ratio': 0.0, 'link_pos': [824, 488]}
2026-05-25 14:03:52,791 WARNING games.zelda.policy: Low health | health_ratio=0.00 | task=Task(name='get_wooden_sword')
2026-05-25 14:03:52,841 INFO __main__: state={'hearts_full': 0, 'hearts_half': 0, 'health_ratio': 0.0, 'link_pos': [824, 488]}
2026-05-25 14:03:52,842 WARNING games.zelda.policy: Low health | health_ratio=0.00 | task=Task(name='get_wooden_sword')
2026-05-25 14:03:52,890 INFO __main__: state={'hearts_full': 0, 'hearts_half': 0, 'health_ratio': 0.0, 'link_pos': [824, 488]}
2026-05-25 14:03:52,890 WARNING games.zelda.policy: Low health | health_ratio=0.00 | task=Task(name='get_wooden_sword')
2026-05-25 14:03:52,940 INFO __main__: state={'hearts_full': 0, 'hearts_half': 0, 'health_ratio': 0.0, 'link_pos': [824, 488]}
2026-05-25 14:03:52,940 WARNING games.zelda.policy: Low health | health_ratio=0.00 | task=Task(name='get_wooden_sword')
2026-05-25 14:03:52,974 INFO __main__: state={'hearts_full': 0, 'hearts_half': 0, 'health_ratio': 0.0, 'link_pos': [824, 488]}
2026-05-25 14:03:52,974 WARNING games.zelda.policy: Low health | health_ratio=0.00 | task=Task(name='get_wooden_sword')
2026-05-25 14:03:53,007 INFO __main__: state={'hearts_full': 0, 'hearts_half': 0, 'health_ratio': 0.0, 'link_pos': [824, 488]}
2026-05-25 14:03:53,007 WARNING games.zelda.policy: Low health | health_ratio=0.00 | task=Task(name='get_wooden_sword')
2026-05-25 14:03:53,057 INFO __main__: state={'hearts_full': 0, 'hearts_half': 0, 'health_ratio': 0.0, 'link_pos': [824, 488]}
2026-05-25 14:03:53,058 WARNING games.zelda.policy: Low health | health_ratio=0.00 | task=Task(name='get_wooden_sword')
2026-05-25 14:03:53,107 INFO __main__: state={'hearts_full': 0, 'hearts_half': 0, 'health_ratio': 0.0, 'link_pos': [824, 488]}
2026-05-25 14:03:53,107 WARNING games.zelda.policy: Low health | health_ratio=0.00 | task=Task(name='get_wooden_sword')
2026-05-25 14:03:53,156 INFO __main__: state={'hearts_full': 0, 'hearts_half': 0, 'health_ratio': 0.0, 'link_pos': [824, 488]}
2026-05-25 14:03:53,156 WARNING games.zelda.policy: Low health | health_ratio=0.00 | task=Task(name='get_wooden_sword')
2026-05-25 14:03:53,191 INFO __main__: state={'hearts_full': 0, 'hearts_half': 0, 'health_ratio': 0.0, 'link_pos': [824, 488]}
2026-05-25 14:03:53,191 WARNING games.zelda.policy: Low health | health_ratio=0.00 | task=Task(name='get_wooden_sword')
2026-05-25 14:03:53,240 INFO __main__: state={'hearts_full': 0, 'hearts_half': 0, 'health_ratio': 0.0, 'link_pos': [824, 488]}
2026-05-25 14:03:53,240 WARNING games.zelda.policy: Low health | health_ratio=0.00 | task=Task(name='get_wooden_sword')
2026-05-25 14:03:53,274 INFO __main__: state={'hearts_full': 0, 'hearts_half': 0, 'health_ratio': 0.0, 'link_pos': [824, 488]}
2026-05-25 14:03:53,274 WARNING games.zelda.policy: Low health | health_ratio=0.00 | task=Task(name='get_wooden_sword')
2026-05-25 14:03:53,307 INFO __main__: state={'hearts_full': 0, 'hearts_half': 0, 'health_ratio': 0.0, 'link_pos': [824, 488]}
2026-05-25 14:03:53,307 WARNING games.zelda.policy: Low health | health_ratio=0.00 | task=Task(name='get_wooden_sword')
2026-05-25 14:03:53,357 INFO __main__: state={'hearts_full': 0, 'hearts_half': 0, 'health_ratio': 0.0, 'link_pos': [824, 488]}
2026-05-25 14:03:53,357 WARNING games.zelda.policy: Low health | health_ratio=0.00 | task=Task(name='get_wooden_sword')
2026-05-25 14:03:53,408 INFO __main__: state={'hearts_full': 0, 'hearts_half': 0, 'health_ratio': 0.0, 'link_pos': [824, 488]}
2026-05-25 14:03:53,408 WARNING games.zelda.policy: Low health | health_ratio=0.00 | task=Task(name='get_wooden_sword')
2026-05-25 14:03:53,457 INFO __main__: state={'hearts_full': 0, 'hearts_half': 0, 'health_ratio': 0.0, 'link_pos': [824, 488]}
2026-05-25 14:03:53,457 WARNING games.zelda.policy: Low health | health_ratio=0.00 | task=Task(name='get_wooden_sword')
2026-05-25 14:03:53,491 INFO __main__: state={'hearts_full': 0, 'hearts_half': 0, 'health_ratio': 0.0, 'link_pos': [824, 488]}
2026-05-25 14:03:53,491 WARNING games.zelda.policy: Low health | health_ratio=0.00 | task=Task(name='get_wooden_sword')
2026-05-25 14:03:53,525 INFO __main__: state={'hearts_full': 0, 'hearts_half': 0, 'health_ratio': 0.0, 'link_pos': [824, 488]}
2026-05-25 14:03:53,525 WARNING games.zelda.policy: Low health | health_ratio=0.00 | task=Task(name='get_wooden_sword')
2026-05-25 14:03:53,573 INFO __main__: state={'hearts_full': 0, 'hearts_half': 0, 'health_ratio': 0.0, 'link_pos': [824, 488]}
2026-05-25 14:03:53,573 WARNING games.zelda.policy: Low health | health_ratio=0.00 | task=Task(name='get_wooden_sword')
2026-05-25 14:03:53,606 INFO __main__: state={'hearts_full': 0, 'hearts_half': 0, 'health_ratio': 0.0, 'link_pos': [824, 488]}
2026-05-25 14:03:53,607 WARNING games.zelda.policy: Low health | health_ratio=0.00 | task=Task(name='get_wooden_sword')
2026-05-25 14:03:53,640 INFO __main__: state={'hearts_full': 0, 'hearts_half': 0, 'health_ratio': 0.0, 'link_pos': [824, 488]}
2026-05-25 14:03:53,640 WARNING games.zelda.policy: Low health | health_ratio=0.00 | task=Task(name='get_wooden_sword')
2026-05-25 14:03:53,675 INFO __main__: state={'hearts_full': 0, 'hearts_half': 0, 'health_ratio': 0.0, 'link_pos': [824, 488]}
2026-05-25 14:03:53,676 WARNING games.zelda.policy: Low health | health_ratio=0.00 | task=Task(name='get_wooden_sword')
2026-05-25 14:03:53,722 INFO __main__: state={'hearts_full': 0, 'hearts_half': 0, 'health_ratio': 0.0, 'link_pos': [824, 488]}
2026-05-25 14:03:53,722 WARNING games.zelda.policy: Low health | health_ratio=0.00 | task=Task(name='get_wooden_sword')
2026-05-25 14:03:53,773 INFO __main__: state={'hearts_full': 0, 'hearts_half': 0, 'health_ratio': 0.0, 'link_pos': [824, 488]}
2026-05-25 14:03:53,773 WARNING games.zelda.policy: Low health | health_ratio=0.00 | task=Task(name='get_wooden_sword')
2026-05-25 14:03:53,806 INFO __main__: state={'hearts_full': 0, 'hearts_half': 0, 'health_ratio': 0.0, 'link_pos': [824, 488]}
2026-05-25 14:03:53,806 WARNING games.zelda.policy: Low health | health_ratio=0.00 | task=Task(name='get_wooden_sword')
2026-05-25 14:03:53,840 INFO __main__: state={'hearts_full': 0, 'hearts_half': 0, 'health_ratio': 0.0, 'link_pos': [824, 488]}
2026-05-25 14:03:53,841 WARNING games.zelda.policy: Low health | health_ratio=0.00 | task=Task(name='get_wooden_sword')
2026-05-25 14:03:53,888 INFO __main__: state={'hearts_full': 0, 'hearts_half': 0, 'health_ratio': 0.0, 'link_pos': [824, 488]}
2026-05-25 14:03:53,888 WARNING games.zelda.policy: Low health | health_ratio=0.00 | task=Task(name='get_wooden_sword')
2026-05-25 14:03:53,940 INFO __main__: state={'hearts_full': 0, 'hearts_half': 0, 'health_ratio': 0.0, 'link_pos': [824, 488]}
2026-05-25 14:03:53,940 WARNING games.zelda.policy: Low health | health_ratio=0.00 | task=Task(name='get_wooden_sword')
2026-05-25 14:03:53,990 INFO __main__: state={'hearts_full': 0, 'hearts_half': 0, 'health_ratio': 0.0, 'link_pos': [824, 488]}
2026-05-25 14:03:53,990 WARNING games.zelda.policy: Low health | health_ratio=0.00 | task=Task(name='get_wooden_sword')
2026-05-25 14:03:54,024 INFO __main__: state={'hearts_full': 0, 'hearts_half': 0, 'health_ratio': 0.0, 'link_pos': [824, 488]}
2026-05-25 14:03:54,024 WARNING games.zelda.policy: Low health | health_ratio=0.00 | task=Task(name='get_wooden_sword')
2026-05-25 14:03:54,056 INFO __main__: state={'hearts_full': 0, 'hearts_half': 0, 'health_ratio': 0.0, 'link_pos': [824, 488]}
2026-05-25 14:03:54,057 WARNING games.zelda.policy: Low health | health_ratio=0.00 | task=Task(name='get_wooden_sword')
2026-05-25 14:03:54,089 INFO __main__: state={'hearts_full': 0, 'hearts_half': 0, 'health_ratio': 0.0, 'link_pos': [824, 488]}
2026-05-25 14:03:54,089 WARNING games.zelda.policy: Low health | health_ratio=0.00 | task=Task(name='get_wooden_sword')
2026-05-25 14:03:54,140 INFO __main__: state={'hearts_full': 0, 'hearts_half': 0, 'health_ratio': 0.0, 'link_pos': [824, 488]}
2026-05-25 14:03:54,140 WARNING games.zelda.policy: Low health | health_ratio=0.00 | task=Task(name='get_wooden_sword')
2026-05-25 14:03:54,190 INFO __main__: state={'hearts_full': 0, 'hearts_half': 0, 'health_ratio': 0.0, 'link_pos': [824, 488]}
2026-05-25 14:03:54,190 WARNING games.zelda.policy: Low health | health_ratio=0.00 | task=Task(name='get_wooden_sword')
2026-05-25 14:03:54,224 INFO __main__: state={'hearts_full': 0, 'hearts_half': 0, 'health_ratio': 0.0, 'link_pos': [824, 488]}
2026-05-25 14:03:54,224 WARNING games.zelda.policy: Low health | health_ratio=0.00 | task=Task(name='get_wooden_sword')
2026-05-25 14:03:54,272 INFO __main__: state={'hearts_full': 0, 'hearts_half': 0, 'health_ratio': 0.0, 'link_pos': [824, 488]}
2026-05-25 14:03:54,272 WARNING games.zelda.policy: Low health | health_ratio=0.00 | task=Task(name='get_wooden_sword')
2026-05-25 14:03:54,306 INFO __main__: state={'hearts_full': 0, 'hearts_half': 0, 'health_ratio': 0.0, 'link_pos': [824, 488]}
2026-05-25 14:03:54,306 WARNING games.zelda.policy: Low health | health_ratio=0.00 | task=Task(name='get_wooden_sword')
2026-05-25 14:03:54,357 INFO __main__: state={'hearts_full': 0, 'hearts_half': 0, 'health_ratio': 0.0, 'link_pos': [824, 488]}
2026-05-25 14:03:54,357 WARNING games.zelda.policy: Low health | health_ratio=0.00 | task=Task(name='get_wooden_sword')
2026-05-25 14:03:54,405 INFO __main__: state={'hearts_full': 0, 'hearts_half': 0, 'health_ratio': 0.0, 'link_pos': [824, 488]}
2026-05-25 14:03:54,405 WARNING games.zelda.policy: Low health | health_ratio=0.00 | task=Task(name='get_wooden_sword')
2026-05-25 14:03:54,441 INFO __main__: state={'hearts_full': 0, 'hearts_half': 0, 'health_ratio': 0.0, 'link_pos': [824, 488]}
2026-05-25 14:03:54,441 WARNING games.zelda.policy: Low health | health_ratio=0.00 | task=Task(name='get_wooden_sword')
2026-05-25 14:03:54,490 INFO __main__: state={'hearts_full': 0, 'hearts_half': 0, 'health_ratio': 0.0, 'link_pos': [824, 488]}
2026-05-25 14:03:54,490 WARNING games.zelda.policy: Low health | health_ratio=0.00 | task=Task(name='get_wooden_sword')
2026-05-25 14:03:54,541 INFO __main__: state={'hearts_full': 0, 'hearts_half': 0, 'health_ratio': 0.0, 'link_pos': [824, 488]}
2026-05-25 14:03:54,541 WARNING games.zelda.policy: Low health | health_ratio=0.00 | task=Task(name='get_wooden_sword')
2026-05-25 14:03:54,588 INFO __main__: state={'hearts_full': 0, 'hearts_half': 0, 'health_ratio': 0.0, 'link_pos': [824, 488]}
2026-05-25 14:03:54,590 WARNING games.zelda.policy: Low health | health_ratio=0.00 | task=Task(name='get_wooden_sword')
2026-05-25 14:03:54,641 INFO __main__: state={'hearts_full': 0, 'hearts_half': 0, 'health_ratio': 0.0, 'link_pos': [824, 488]}
2026-05-25 14:03:54,641 WARNING games.zelda.policy: Low health | health_ratio=0.00 | task=Task(name='get_wooden_sword')
2026-05-25 14:03:54,690 INFO __main__: state={'hearts_full': 0, 'hearts_half': 0, 'health_ratio': 0.0, 'link_pos': [824, 488]}
2026-05-25 14:03:54,690 WARNING games.zelda.policy: Low health | health_ratio=0.00 | task=Task(name='get_wooden_sword')
2026-05-25 14:03:54,724 INFO __main__: state={'hearts_full': 0, 'hearts_half': 0, 'health_ratio': 0.0, 'link_pos': [824, 488]}
2026-05-25 14:03:54,725 WARNING games.zelda.policy: Low health | health_ratio=0.00 | task=Task(name='get_wooden_sword')
2026-05-25 14:03:54,774 INFO __main__: state={'hearts_full': 0, 'hearts_half': 0, 'health_ratio': 0.0, 'link_pos': [824, 488]}
2026-05-25 14:03:54,774 WARNING games.zelda.policy: Low health | health_ratio=0.00 | task=Task(name='get_wooden_sword')
2026-05-25 14:03:54,806 INFO __main__: state={'hearts_full': 0, 'hearts_half': 0, 'health_ratio': 0.0, 'link_pos': [824, 488]}
2026-05-25 14:03:54,806 WARNING games.zelda.policy: Low health | health_ratio=0.00 | task=Task(name='get_wooden_sword')
2026-05-25 14:03:54,857 INFO __main__: state={'hearts_full': 0, 'hearts_half': 0, 'health_ratio': 0.0, 'link_pos': [824, 488]}
2026-05-25 14:03:54,857 WARNING games.zelda.policy: Low health | health_ratio=0.00 | task=Task(name='get_wooden_sword')
2026-05-25 14:03:54,905 INFO __main__: state={'hearts_full': 0, 'hearts_half': 0, 'health_ratio': 0.0, 'link_pos': [824, 488]}
2026-05-25 14:03:54,905 WARNING games.zelda.policy: Low health | health_ratio=0.00 | task=Task(name='get_wooden_sword')
2026-05-25 14:03:54,957 INFO __main__: state={'hearts_full': 0, 'hearts_half': 0, 'health_ratio': 0.0, 'link_pos': [824, 488]}
2026-05-25 14:03:54,957 WARNING games.zelda.policy: Low health | health_ratio=0.00 | task=Task(name='get_wooden_sword')
2026-05-25 14:03:55,005 INFO __main__: state={'hearts_full': 0, 'hearts_half': 0, 'health_ratio': 0.0, 'link_pos': [824, 488]}
2026-05-25 14:03:55,005 WARNING games.zelda.policy: Low health | health_ratio=0.00 | task=Task(name='get_wooden_sword')
2026-05-25 14:03:55,040 INFO __main__: state={'hearts_full': 0, 'hearts_half': 0, 'health_ratio': 0.0, 'link_pos': [824, 488]}
2026-05-25 14:03:55,041 WARNING games.zelda.policy: Low health | health_ratio=0.00 | task=Task(name='get_wooden_sword')
2026-05-25 14:03:55,091 INFO __main__: state={'hearts_full': 0, 'hearts_half': 0, 'health_ratio': 0.0, 'link_pos': [824, 488]}
2026-05-25 14:03:55,091 WARNING games.zelda.policy: Low health | health_ratio=0.00 | task=Task(name='get_wooden_sword')
2026-05-25 14:03:55,138 INFO __main__: state={'hearts_full': 0, 'hearts_half': 0, 'health_ratio': 0.0, 'link_pos': [824, 488]}
2026-05-25 14:03:55,139 WARNING games.zelda.policy: Low health | health_ratio=0.00 | task=Task(name='get_wooden_sword')
2026-05-25 14:03:55,190 INFO __main__: state={'hearts_full': 0, 'hearts_half': 0, 'health_ratio': 0.0, 'link_pos': [824, 488]}
2026-05-25 14:03:55,190 WARNING games.zelda.policy: Low health | health_ratio=0.00 | task=Task(name='get_wooden_sword')
2026-05-25 14:03:55,239 INFO __main__: state={'hearts_full': 0, 'hearts_half': 0, 'health_ratio': 0.0, 'link_pos': [824, 488]}
2026-05-25 14:03:55,239 WARNING games.zelda.policy: Low health | health_ratio=0.00 | task=Task(name='get_wooden_sword')
2026-05-25 14:03:55,290 INFO __main__: state={'hearts_full': 0, 'hearts_half': 0, 'health_ratio': 0.0, 'link_pos': [824, 488]}
2026-05-25 14:03:55,290 WARNING games.zelda.policy: Low health | health_ratio=0.00 | task=Task(name='get_wooden_sword')
2026-05-25 14:03:55,338 INFO __main__: state={'hearts_full': 0, 'hearts_half': 0, 'health_ratio': 0.0, 'link_pos': [824, 488]}
2026-05-25 14:03:55,338 WARNING games.zelda.policy: Low health | health_ratio=0.00 | task=Task(name='get_wooden_sword')
2026-05-25 14:03:55,374 INFO __main__: state={'hearts_full': 0, 'hearts_half': 0, 'health_ratio': 0.0, 'link_pos': [824, 488]}
2026-05-25 14:03:55,375 WARNING games.zelda.policy: Low health | health_ratio=0.00 | task=Task(name='get_wooden_sword')
2026-05-25 14:03:55,406 INFO __main__: state={'hearts_full': 0, 'hearts_half': 0, 'health_ratio': 0.0, 'link_pos': [824, 488]}
2026-05-25 14:03:55,406 WARNING games.zelda.policy: Low health | health_ratio=0.00 | task=Task(name='get_wooden_sword')
2026-05-25 14:03:55,456 INFO __main__: state={'hearts_full': 0, 'hearts_half': 0, 'health_ratio': 0.0, 'link_pos': [824, 488]}
2026-05-25 14:03:55,456 WARNING games.zelda.policy: Low health | health_ratio=0.00 | task=Task(name='get_wooden_sword')
2026-05-25 14:03:55,505 INFO __main__: state={'hearts_full': 0, 'hearts_half': 0, 'health_ratio': 0.0, 'link_pos': [824, 488]}
2026-05-25 14:03:55,506 WARNING games.zelda.policy: Low health | health_ratio=0.00 | task=Task(name='get_wooden_sword')
2026-05-25 14:03:55,556 INFO __main__: state={'hearts_full': 0, 'hearts_half': 0, 'health_ratio': 0.0, 'link_pos': [824, 488]}
2026-05-25 14:03:55,556 WARNING games.zelda.policy: Low health | health_ratio=0.00 | task=Task(name='get_wooden_sword')
2026-05-25 14:03:55,606 INFO __main__: state={'hearts_full': 0, 'hearts_half': 0, 'health_ratio': 0.0, 'link_pos': [824, 488]}
2026-05-25 14:03:55,606 WARNING games.zelda.policy: Low health | health_ratio=0.00 | task=Task(name='get_wooden_sword')
2026-05-25 14:03:55,641 INFO __main__: state={'hearts_full': 0, 'hearts_half': 0, 'health_ratio': 0.0, 'link_pos': [824, 488]}
2026-05-25 14:03:55,641 WARNING games.zelda.policy: Low health | health_ratio=0.00 | task=Task(name='get_wooden_sword')
2026-05-25 14:03:55,690 INFO __main__: state={'hearts_full': 0, 'hearts_half': 0, 'health_ratio': 0.0, 'link_pos': [824, 488]}
2026-05-25 14:03:55,690 WARNING games.zelda.policy: Low health | health_ratio=0.00 | task=Task(name='get_wooden_sword')
2026-05-25 14:03:55,739 INFO __main__: state={'hearts_full': 0, 'hearts_half': 0, 'health_ratio': 0.0, 'link_pos': [824, 488]}
2026-05-25 14:03:55,739 WARNING games.zelda.policy: Low health | health_ratio=0.00 | task=Task(name='get_wooden_sword')
2026-05-25 14:03:55,796 INFO __main__: state={'hearts_full': 0, 'hearts_half': 0, 'health_ratio': 0.0, 'link_pos': [824, 488]}
2026-05-25 14:03:55,796 WARNING games.zelda.policy: Low health | health_ratio=0.00 | task=Task(name='get_wooden_sword')
2026-05-25 14:03:55,840 INFO __main__: state={'hearts_full': 0, 'hearts_half': 0, 'health_ratio': 0.0, 'link_pos': [824, 488]}
2026-05-25 14:03:55,840 WARNING games.zelda.policy: Low health | health_ratio=0.00 | task=Task(name='get_wooden_sword')
2026-05-25 14:03:55,875 INFO __main__: state={'hearts_full': 0, 'hearts_half': 0, 'health_ratio': 0.0, 'link_pos': [824, 488]}
2026-05-25 14:03:55,875 WARNING games.zelda.policy: Low health | health_ratio=0.00 | task=Task(name='get_wooden_sword')
2026-05-25 14:03:55,924 INFO __main__: state={'hearts_full': 0, 'hearts_half': 0, 'health_ratio': 0.0, 'link_pos': [824, 488]}
2026-05-25 14:03:55,924 WARNING games.zelda.policy: Low health | health_ratio=0.00 | task=Task(name='get_wooden_sword')
2026-05-25 14:03:55,973 INFO __main__: state={'hearts_full': 0, 'hearts_half': 0, 'health_ratio': 0.0, 'link_pos': [824, 488]}
2026-05-25 14:03:55,973 WARNING games.zelda.policy: Low health | health_ratio=0.00 | task=Task(name='get_wooden_sword')
2026-05-25 14:03:56,023 INFO __main__: state={'hearts_full': 0, 'hearts_half': 0, 'health_ratio': 0.0, 'link_pos': [824, 488]}
2026-05-25 14:03:56,023 WARNING games.zelda.policy: Low health | health_ratio=0.00 | task=Task(name='get_wooden_sword')
2026-05-25 14:03:56,072 INFO __main__: state={'hearts_full': 0, 'hearts_half': 0, 'health_ratio': 0.0, 'link_pos': [824, 488]}
2026-05-25 14:03:56,073 WARNING games.zelda.policy: Low health | health_ratio=0.00 | task=Task(name='get_wooden_sword')
2026-05-25 14:03:56,107 INFO __main__: state={'hearts_full': 0, 'hearts_half': 0, 'health_ratio': 0.0, 'link_pos': [824, 488]}
2026-05-25 14:03:56,107 WARNING games.zelda.policy: Low health | health_ratio=0.00 | task=Task(name='get_wooden_sword')
2026-05-25 14:03:56,157 INFO __main__: state={'hearts_full': 0, 'hearts_half': 0, 'health_ratio': 0.0, 'link_pos': [824, 488]}
2026-05-25 14:03:56,157 WARNING games.zelda.policy: Low health | health_ratio=0.00 | task=Task(name='get_wooden_sword')
2026-05-25 14:03:56,207 INFO __main__: state={'hearts_full': 0, 'hearts_half': 0, 'health_ratio': 0.0, 'link_pos': [824, 488]}
2026-05-25 14:03:56,208 WARNING games.zelda.policy: Low health | health_ratio=0.00 | task=Task(name='get_wooden_sword')
2026-05-25 14:03:56,257 INFO __main__: state={'hearts_full': 0, 'hearts_half': 0, 'health_ratio': 0.0, 'link_pos': [824, 488]}
2026-05-25 14:03:56,257 WARNING games.zelda.policy: Low health | health_ratio=0.00 | task=Task(name='get_wooden_sword')
2026-05-25 14:03:56,290 INFO __main__: state={'hearts_full': 0, 'hearts_half': 0, 'health_ratio': 0.0, 'link_pos': [824, 488]}
2026-05-25 14:03:56,290 WARNING games.zelda.policy: Low health | health_ratio=0.00 | task=Task(name='get_wooden_sword')
2026-05-25 14:03:56,324 INFO __main__: state={'hearts_full': 0, 'hearts_half': 0, 'health_ratio': 0.0, 'link_pos': [824, 488]}
2026-05-25 14:03:56,325 WARNING games.zelda.policy: Low health | health_ratio=0.00 | task=Task(name='get_wooden_sword')
2026-05-25 14:03:56,355 INFO __main__: state={'hearts_full': 0, 'hearts_half': 0, 'health_ratio': 0.0, 'link_pos': [824, 488]}
2026-05-25 14:03:56,356 WARNING games.zelda.policy: Low health | health_ratio=0.00 | task=Task(name='get_wooden_sword')
2026-05-25 14:03:56,390 INFO __main__: state={'hearts_full': 0, 'hearts_half': 0, 'health_ratio': 0.0, 'link_pos': [824, 488]}
2026-05-25 14:03:56,390 WARNING games.zelda.policy: Low health | health_ratio=0.00 | task=Task(name='get_wooden_sword')
2026-05-25 14:03:56,439 INFO __main__: state={'hearts_full': 0, 'hearts_half': 0, 'health_ratio': 0.0, 'link_pos': [824, 488]}
2026-05-25 14:03:56,439 WARNING games.zelda.policy: Low health | health_ratio=0.00 | task=Task(name='get_wooden_sword')
2026-05-25 14:03:56,488 INFO __main__: state={'hearts_full': 0, 'hearts_half': 0, 'health_ratio': 0.0, 'link_pos': [824, 488]}
2026-05-25 14:03:56,489 WARNING games.zelda.policy: Low health | health_ratio=0.00 | task=Task(name='get_wooden_sword')
2026-05-25 14:03:56,540 INFO __main__: state={'hearts_full': 0, 'hearts_half': 0, 'health_ratio': 0.0, 'link_pos': [824, 488]}
2026-05-25 14:03:56,541 WARNING games.zelda.policy: Low health | health_ratio=0.00 | task=Task(name='get_wooden_sword')
2026-05-25 14:03:56,574 INFO __main__: state={'hearts_full': 0, 'hearts_half': 0, 'health_ratio': 0.0, 'link_pos': [824, 488]}
2026-05-25 14:03:56,574 WARNING games.zelda.policy: Low health | health_ratio=0.00 | task=Task(name='get_wooden_sword')
2026-05-25 14:03:56,607 INFO __main__: state={'hearts_full': 0, 'hearts_half': 0, 'health_ratio': 0.0, 'link_pos': [824, 488]}
2026-05-25 14:03:56,608 WARNING games.zelda.policy: Low health | health_ratio=0.00 | task=Task(name='get_wooden_sword')
2026-05-25 14:03:56,642 INFO __main__: state={'hearts_full': 0, 'hearts_half': 0, 'health_ratio': 0.0, 'link_pos': [824, 488]}
2026-05-25 14:03:56,642 WARNING games.zelda.policy: Low health | health_ratio=0.00 | task=Task(name='get_wooden_sword')
2026-05-25 14:03:56,692 INFO __main__: state={'hearts_full': 0, 'hearts_half': 0, 'health_ratio': 0.0, 'link_pos': [824, 488]}
2026-05-25 14:03:56,692 WARNING games.zelda.policy: Low health | health_ratio=0.00 | task=Task(name='get_wooden_sword')
2026-05-25 14:03:56,739 INFO __main__: state={'hearts_full': 0, 'hearts_half': 0, 'health_ratio': 0.0, 'link_pos': [824, 488]}
2026-05-25 14:03:56,739 WARNING games.zelda.policy: Low health | health_ratio=0.00 | task=Task(name='get_wooden_sword')
2026-05-25 14:03:56,773 INFO __main__: state={'hearts_full': 0, 'hearts_half': 0, 'health_ratio': 0.0, 'link_pos': [824, 488]}
2026-05-25 14:03:56,773 WARNING games.zelda.policy: Low health | health_ratio=0.00 | task=Task(name='get_wooden_sword')
2026-05-25 14:03:56,823 INFO __main__: state={'hearts_full': 0, 'hearts_half': 0, 'health_ratio': 0.0, 'link_pos': [824, 488]}
2026-05-25 14:03:56,823 WARNING games.zelda.policy: Low health | health_ratio=0.00 | task=Task(name='get_wooden_sword')
2026-05-25 14:03:56,857 INFO __main__: state={'hearts_full': 0, 'hearts_half': 0, 'health_ratio': 0.0, 'link_pos': [824, 488]}
2026-05-25 14:03:56,857 WARNING games.zelda.policy: Low health | health_ratio=0.00 | task=Task(name='get_wooden_sword')
2026-05-25 14:03:56,888 INFO __main__: state={'hearts_full': 0, 'hearts_half': 0, 'health_ratio': 0.0, 'link_pos': [824, 488]}
2026-05-25 14:03:56,888 WARNING games.zelda.policy: Low health | health_ratio=0.00 | task=Task(name='get_wooden_sword')
2026-05-25 14:03:56,940 INFO __main__: state={'hearts_full': 0, 'hearts_half': 0, 'health_ratio': 0.0, 'link_pos': [824, 488]}
2026-05-25 14:03:56,940 WARNING games.zelda.policy: Low health | health_ratio=0.00 | task=Task(name='get_wooden_sword')
2026-05-25 14:03:56,990 INFO __main__: state={'hearts_full': 0, 'hearts_half': 0, 'health_ratio': 0.0, 'link_pos': [824, 488]}
2026-05-25 14:03:56,991 WARNING games.zelda.policy: Low health | health_ratio=0.00 | task=Task(name='get_wooden_sword')
2026-05-25 14:03:57,025 INFO __main__: state={'hearts_full': 0, 'hearts_half': 0, 'health_ratio': 0.0, 'link_pos': [824, 488]}
2026-05-25 14:03:57,025 WARNING games.zelda.policy: Low health | health_ratio=0.00 | task=Task(name='get_wooden_sword')
2026-05-25 14:03:57,073 INFO __main__: state={'hearts_full': 0, 'hearts_half': 0, 'health_ratio': 0.0, 'link_pos': [824, 488]}
2026-05-25 14:03:57,073 WARNING games.zelda.policy: Low health | health_ratio=0.00 | task=Task(name='get_wooden_sword')
2026-05-25 14:03:57,106 INFO __main__: state={'hearts_full': 0, 'hearts_half': 0, 'health_ratio': 0.0, 'link_pos': [824, 488]}
2026-05-25 14:03:57,106 WARNING games.zelda.policy: Low health | health_ratio=0.00 | task=Task(name='get_wooden_sword')
2026-05-25 14:03:57,156 INFO __main__: state={'hearts_full': 0, 'hearts_half': 0, 'health_ratio': 0.0, 'link_pos': [824, 488]}
2026-05-25 14:03:57,157 WARNING games.zelda.policy: Low health | health_ratio=0.00 | task=Task(name='get_wooden_sword')
2026-05-25 14:03:57,211 INFO __main__: state={'hearts_full': 0, 'hearts_half': 0, 'health_ratio': 0.0, 'link_pos': [824, 488]}
2026-05-25 14:03:57,211 WARNING games.zelda.policy: Low health | health_ratio=0.00 | task=Task(name='get_wooden_sword')
2026-05-25 14:03:57,240 INFO __main__: state={'hearts_full': 0, 'hearts_half': 0, 'health_ratio': 0.0, 'link_pos': [824, 488]}
2026-05-25 14:03:57,240 WARNING games.zelda.policy: Low health | health_ratio=0.00 | task=Task(name='get_wooden_sword')
2026-05-25 14:03:57,294 INFO __main__: state={'hearts_full': 0, 'hearts_half': 0, 'health_ratio': 0.0, 'link_pos': [824, 488]}
2026-05-25 14:03:57,294 WARNING games.zelda.policy: Low health | health_ratio=0.00 | task=Task(name='get_wooden_sword')
2026-05-25 14:03:57,347 INFO __main__: state={'hearts_full': 0, 'hearts_half': 0, 'health_ratio': 0.0, 'link_pos': [824, 488]}
2026-05-25 14:03:57,348 WARNING games.zelda.policy: Low health | health_ratio=0.00 | task=Task(name='get_wooden_sword')
2026-05-25 14:03:57,390 INFO __main__: state={'hearts_full': 0, 'hearts_half': 0, 'health_ratio': 0.0, 'link_pos': [824, 488]}
2026-05-25 14:03:57,390 WARNING games.zelda.policy: Low health | health_ratio=0.00 | task=Task(name='get_wooden_sword')
2026-05-25 14:03:57,442 INFO __main__: state={'hearts_full': 0, 'hearts_half': 0, 'health_ratio': 0.0, 'link_pos': [821, 486]}
2026-05-25 14:03:57,442 WARNING games.zelda.policy: Low health | health_ratio=0.00 | task=Task(name='get_wooden_sword')
2026-05-25 14:03:57,493 INFO __main__: state={'hearts_full': 0, 'hearts_half': 0, 'health_ratio': 0.0, 'link_pos': [17, 486]}
2026-05-25 14:03:57,493 WARNING games.zelda.policy: Low health | health_ratio=0.00 | task=Task(name='get_wooden_sword')
2026-05-25 14:03:57,537 INFO __main__: state={'hearts_full': 0, 'hearts_half': 0, 'health_ratio': 0.0, 'link_pos': None}
2026-05-25 14:03:57,537 WARNING games.zelda.policy: Low health | health_ratio=0.00 | task=Task(name='get_wooden_sword')
2026-05-25 14:03:57,569 INFO __main__: state={'hearts_full': 0, 'hearts_half': 0, 'health_ratio': 0.0, 'link_pos': None}
2026-05-25 14:03:57,569 WARNING games.zelda.policy: Low health | health_ratio=0.00 | task=Task(name='get_wooden_sword')
2026-05-25 14:03:57,603 INFO __main__: state={'hearts_full': 0, 'hearts_half': 0, 'health_ratio': 0.0, 'link_pos': None}
2026-05-25 14:03:57,603 WARNING games.zelda.policy: Low health | health_ratio=0.00 | task=Task(name='get_wooden_sword')
2026-05-25 14:03:57,636 INFO __main__: state={'hearts_full': 0, 'hearts_half': 0, 'health_ratio': 0.0, 'link_pos': None}
2026-05-25 14:03:57,636 WARNING games.zelda.policy: Low health | health_ratio=0.00 | task=Task(name='get_wooden_sword')
2026-05-25 14:03:57,685 INFO __main__: state={'hearts_full': 0, 'hearts_half': 0, 'health_ratio': 0.0, 'link_pos': None}
2026-05-25 14:03:57,685 WARNING games.zelda.policy: Low health | health_ratio=0.00 | task=Task(name='get_wooden_sword')
2026-05-25 14:03:57,719 INFO __main__: state={'hearts_full': 0, 'hearts_half': 0, 'health_ratio': 0.0, 'link_pos': None}
2026-05-25 14:03:57,719 WARNING games.zelda.policy: Low health | health_ratio=0.00 | task=Task(name='get_wooden_sword')
2026-05-25 14:03:57,752 INFO __main__: state={'hearts_full': 0, 'hearts_half': 0, 'health_ratio': 0.0, 'link_pos': None}
2026-05-25 14:03:57,752 WARNING games.zelda.policy: Low health | health_ratio=0.00 | task=Task(name='get_wooden_sword')
2026-05-25 14:03:57,802 INFO __main__: state={'hearts_full': 0, 'hearts_half': 0, 'health_ratio': 0.0, 'link_pos': None}
2026-05-25 14:03:57,803 WARNING games.zelda.policy: Low health | health_ratio=0.00 | task=Task(name='get_wooden_sword')
2026-05-25 14:03:57,836 INFO __main__: state={'hearts_full': 0, 'hearts_half': 0, 'health_ratio': 0.0, 'link_pos': None}
2026-05-25 14:03:57,836 WARNING games.zelda.policy: Low health | health_ratio=0.00 | task=Task(name='get_wooden_sword')
2026-05-25 14:03:57,886 INFO __main__: state={'hearts_full': 0, 'hearts_half': 0, 'health_ratio': 0.0, 'link_pos': None}
2026-05-25 14:03:57,886 WARNING games.zelda.policy: Low health | health_ratio=0.00 | task=Task(name='get_wooden_sword')
2026-05-25 14:03:57,919 INFO __main__: state={'hearts_full': 0, 'hearts_half': 0, 'health_ratio': 0.0, 'link_pos': None}
2026-05-25 14:03:57,919 WARNING games.zelda.policy: Low health | health_ratio=0.00 | task=Task(name='get_wooden_sword')
2026-05-25 14:03:57,951 INFO __main__: state={'hearts_full': 0, 'hearts_half': 0, 'health_ratio': 0.0, 'link_pos': None}
2026-05-25 14:03:57,951 WARNING games.zelda.policy: Low health | health_ratio=0.00 | task=Task(name='get_wooden_sword')
2026-05-25 14:03:57,985 INFO __main__: state={'hearts_full': 0, 'hearts_half': 0, 'health_ratio': 0.0, 'link_pos': None}
2026-05-25 14:03:57,986 WARNING games.zelda.policy: Low health | health_ratio=0.00 | task=Task(name='get_wooden_sword')
2026-05-25 14:03:58,019 INFO __main__: state={'hearts_full': 0, 'hearts_half': 0, 'health_ratio': 0.0, 'link_pos': None}
2026-05-25 14:03:58,020 WARNING games.zelda.policy: Low health | health_ratio=0.00 | task=Task(name='get_wooden_sword')
2026-05-25 14:03:58,051 INFO __main__: state={'hearts_full': 0, 'hearts_half': 0, 'health_ratio': 0.0, 'link_pos': None}
2026-05-25 14:03:58,052 WARNING games.zelda.policy: Low health | health_ratio=0.00 | task=Task(name='get_wooden_sword')
2026-05-25 14:03:58,085 INFO __main__: state={'hearts_full': 0, 'hearts_half': 0, 'health_ratio': 0.0, 'link_pos': None}
2026-05-25 14:03:58,085 WARNING games.zelda.policy: Low health | health_ratio=0.00 | task=Task(name='get_wooden_sword')
2026-05-25 14:03:58,134 INFO __main__: state={'hearts_full': 0, 'hearts_half': 0, 'health_ratio': 0.0, 'link_pos': None}
2026-05-25 14:03:58,134 WARNING games.zelda.policy: Low health | health_ratio=0.00 | task=Task(name='get_wooden_sword')
2026-05-25 14:03:58,168 INFO __main__: state={'hearts_full': 0, 'hearts_half': 0, 'health_ratio': 0.0, 'link_pos': None}
2026-05-25 14:03:58,168 WARNING games.zelda.policy: Low health | health_ratio=0.00 | task=Task(name='get_wooden_sword')
2026-05-25 14:03:58,217 INFO __main__: state={'hearts_full': 0, 'hearts_half': 0, 'health_ratio': 0.0, 'link_pos': None}
2026-05-25 14:03:58,218 WARNING games.zelda.policy: Low health | health_ratio=0.00 | task=Task(name='get_wooden_sword')
2026-05-25 14:03:58,252 INFO __main__: state={'hearts_full': 0, 'hearts_half': 0, 'health_ratio': 0.0, 'link_pos': None}
2026-05-25 14:03:58,252 WARNING games.zelda.policy: Low health | health_ratio=0.00 | task=Task(name='get_wooden_sword')
2026-05-25 14:03:58,285 INFO __main__: state={'hearts_full': 0, 'hearts_half': 0, 'health_ratio': 0.0, 'link_pos': None}
2026-05-25 14:03:58,285 WARNING games.zelda.policy: Low health | health_ratio=0.00 | task=Task(name='get_wooden_sword')
2026-05-25 14:03:58,318 INFO __main__: state={'hearts_full': 0, 'hearts_half': 0, 'health_ratio': 0.0, 'link_pos': None}
2026-05-25 14:03:58,318 WARNING games.zelda.policy: Low health | health_ratio=0.00 | task=Task(name='get_wooden_sword')
2026-05-25 14:03:58,352 INFO __main__: state={'hearts_full': 0, 'hearts_half': 0, 'health_ratio': 0.0, 'link_pos': None}
2026-05-25 14:03:58,352 WARNING games.zelda.policy: Low health | health_ratio=0.00 | task=Task(name='get_wooden_sword')
2026-05-25 14:03:58,401 INFO __main__: state={'hearts_full': 0, 'hearts_half': 0, 'health_ratio': 0.0, 'link_pos': None}
2026-05-25 14:03:58,401 WARNING games.zelda.policy: Low health | health_ratio=0.00 | task=Task(name='get_wooden_sword')
2026-05-25 14:03:58,436 INFO __main__: state={'hearts_full': 0, 'hearts_half': 0, 'health_ratio': 0.0, 'link_pos': None}
2026-05-25 14:03:58,436 WARNING games.zelda.policy: Low health | health_ratio=0.00 | task=Task(name='get_wooden_sword')
2026-05-25 14:03:58,468 INFO __main__: state={'hearts_full': 0, 'hearts_half': 0, 'health_ratio': 0.0, 'link_pos': None}
2026-05-25 14:03:58,468 WARNING games.zelda.policy: Low health | health_ratio=0.00 | task=Task(name='get_wooden_sword')
2026-05-25 14:03:58,502 INFO __main__: state={'hearts_full': 0, 'hearts_half': 0, 'health_ratio': 0.0, 'link_pos': None}
2026-05-25 14:03:58,502 WARNING games.zelda.policy: Low health | health_ratio=0.00 | task=Task(name='get_wooden_sword')
2026-05-25 14:03:58,551 INFO __main__: state={'hearts_full': 0, 'hearts_half': 0, 'health_ratio': 0.0, 'link_pos': None}
2026-05-25 14:03:58,551 WARNING games.zelda.policy: Low health | health_ratio=0.00 | task=Task(name='get_wooden_sword')
2026-05-25 14:03:58,601 INFO __main__: state={'hearts_full': 0, 'hearts_half': 0, 'health_ratio': 0.0, 'link_pos': None}
2026-05-25 14:03:58,601 WARNING games.zelda.policy: Low health | health_ratio=0.00 | task=Task(name='get_wooden_sword')
2026-05-25 14:03:58,651 INFO __main__: state={'hearts_full': 0, 'hearts_half': 0, 'health_ratio': 0.0, 'link_pos': None}
2026-05-25 14:03:58,651 WARNING games.zelda.policy: Low health | health_ratio=0.00 | task=Task(name='get_wooden_sword')
2026-05-25 14:03:58,684 INFO __main__: state={'hearts_full': 0, 'hearts_half': 0, 'health_ratio': 0.0, 'link_pos': None}
2026-05-25 14:03:58,685 WARNING games.zelda.policy: Low health | health_ratio=0.00 | task=Task(name='get_wooden_sword')
2026-05-25 14:03:58,734 INFO __main__: state={'hearts_full': 0, 'hearts_half': 0, 'health_ratio': 0.0, 'link_pos': None}
2026-05-25 14:03:58,734 WARNING games.zelda.policy: Low health | health_ratio=0.00 | task=Task(name='get_wooden_sword')
2026-05-25 14:03:58,768 INFO __main__: state={'hearts_full': 0, 'hearts_half': 0, 'health_ratio': 0.0, 'link_pos': None}
2026-05-25 14:03:58,769 WARNING games.zelda.policy: Low health | health_ratio=0.00 | task=Task(name='get_wooden_sword')
2026-05-25 14:03:58,818 INFO __main__: state={'hearts_full': 0, 'hearts_half': 0, 'health_ratio': 0.0, 'link_pos': None}
2026-05-25 14:03:58,818 WARNING games.zelda.policy: Low health | health_ratio=0.00 | task=Task(name='get_wooden_sword')
2026-05-25 14:03:58,868 INFO __main__: state={'hearts_full': 0, 'hearts_half': 0, 'health_ratio': 0.0, 'link_pos': None}
2026-05-25 14:03:58,868 WARNING games.zelda.policy: Low health | health_ratio=0.00 | task=Task(name='get_wooden_sword')
2026-05-25 14:03:58,902 INFO __main__: state={'hearts_full': 0, 'hearts_half': 0, 'health_ratio': 0.0, 'link_pos': None}
2026-05-25 14:03:58,902 WARNING games.zelda.policy: Low health | health_ratio=0.00 | task=Task(name='get_wooden_sword')
2026-05-25 14:03:58,935 INFO __main__: state={'hearts_full': 0, 'hearts_half': 0, 'health_ratio': 0.0, 'link_pos': None}
2026-05-25 14:03:58,935 WARNING games.zelda.policy: Low health | health_ratio=0.00 | task=Task(name='get_wooden_sword')
2026-05-25 14:03:58,968 INFO __main__: state={'hearts_full': 0, 'hearts_half': 0, 'health_ratio': 0.0, 'link_pos': None}
2026-05-25 14:03:58,968 WARNING games.zelda.policy: Low health | health_ratio=0.00 | task=Task(name='get_wooden_sword')
2026-05-25 14:03:59,019 INFO __main__: state={'hearts_full': 0, 'hearts_half': 0, 'health_ratio': 0.0, 'link_pos': None}
2026-05-25 14:03:59,020 WARNING games.zelda.policy: Low health | health_ratio=0.00 | task=Task(name='get_wooden_sword')
2026-05-25 14:03:59,053 INFO __main__: state={'hearts_full': 0, 'hearts_half': 0, 'health_ratio': 0.0, 'link_pos': None}
2026-05-25 14:03:59,053 WARNING games.zelda.policy: Low health | health_ratio=0.00 | task=Task(name='get_wooden_sword')
2026-05-25 14:03:59,107 INFO __main__: state={'hearts_full': 0, 'hearts_half': 0, 'health_ratio': 0.0, 'link_pos': None}
2026-05-25 14:03:59,107 WARNING games.zelda.policy: Low health | health_ratio=0.00 | task=Task(name='get_wooden_sword')
2026-05-25 14:03:59,152 INFO __main__: state={'hearts_full': 0, 'hearts_half': 0, 'health_ratio': 0.0, 'link_pos': None}
2026-05-25 14:03:59,152 WARNING games.zelda.policy: Low health | health_ratio=0.00 | task=Task(name='get_wooden_sword')
2026-05-25 14:03:59,186 INFO __main__: state={'hearts_full': 0, 'hearts_half': 0, 'health_ratio': 0.0, 'link_pos': None}
2026-05-25 14:03:59,187 WARNING games.zelda.policy: Low health | health_ratio=0.00 | task=Task(name='get_wooden_sword')
2026-05-25 14:03:59,235 INFO __main__: state={'hearts_full': 0, 'hearts_half': 0, 'health_ratio': 0.0, 'link_pos': None}
2026-05-25 14:03:59,235 WARNING games.zelda.policy: Low health | health_ratio=0.00 | task=Task(name='get_wooden_sword')
2026-05-25 14:03:59,271 INFO __main__: state={'hearts_full': 0, 'hearts_half': 0, 'health_ratio': 0.0, 'link_pos': None}
2026-05-25 14:03:59,271 WARNING games.zelda.policy: Low health | health_ratio=0.00 | task=Task(name='get_wooden_sword')
2026-05-25 14:03:59,303 INFO __main__: state={'hearts_full': 0, 'hearts_half': 0, 'health_ratio': 0.0, 'link_pos': None}
2026-05-25 14:03:59,303 WARNING games.zelda.policy: Low health | health_ratio=0.00 | task=Task(name='get_wooden_sword')
2026-05-25 14:03:59,335 INFO __main__: state={'hearts_full': 0, 'hearts_half': 0, 'health_ratio': 0.0, 'link_pos': None}
2026-05-25 14:03:59,336 WARNING games.zelda.policy: Low health | health_ratio=0.00 | task=Task(name='get_wooden_sword')
2026-05-25 14:03:59,370 INFO __main__: state={'hearts_full': 0, 'hearts_half': 0, 'health_ratio': 0.0, 'link_pos': None}
2026-05-25 14:03:59,370 WARNING games.zelda.policy: Low health | health_ratio=0.00 | task=Task(name='get_wooden_sword')
2026-05-25 14:03:59,402 INFO __main__: state={'hearts_full': 0, 'hearts_half': 0, 'health_ratio': 0.0, 'link_pos': None}
2026-05-25 14:03:59,402 WARNING games.zelda.policy: Low health | health_ratio=0.00 | task=Task(name='get_wooden_sword')
2026-05-25 14:03:59,435 INFO __main__: state={'hearts_full': 0, 'hearts_half': 0, 'health_ratio': 0.0, 'link_pos': None}
2026-05-25 14:03:59,435 WARNING games.zelda.policy: Low health | health_ratio=0.00 | task=Task(name='get_wooden_sword')
2026-05-25 14:03:59,469 INFO __main__: state={'hearts_full': 0, 'hearts_half': 0, 'health_ratio': 0.0, 'link_pos': None}
2026-05-25 14:03:59,469 WARNING games.zelda.policy: Low health | health_ratio=0.00 | task=Task(name='get_wooden_sword')
2026-05-25 14:03:59,502 INFO __main__: state={'hearts_full': 0, 'hearts_half': 0, 'health_ratio': 0.0, 'link_pos': None}
2026-05-25 14:03:59,502 WARNING games.zelda.policy: Low health | health_ratio=0.00 | task=Task(name='get_wooden_sword')
2026-05-25 14:03:59,552 INFO __main__: state={'hearts_full': 0, 'hearts_half': 0, 'health_ratio': 0.0, 'link_pos': None}
2026-05-25 14:03:59,552 WARNING games.zelda.policy: Low health | health_ratio=0.00 | task=Task(name='get_wooden_sword')
2026-05-25 14:03:59,586 INFO __main__: state={'hearts_full': 0, 'hearts_half': 0, 'health_ratio': 0.0, 'link_pos': None}
2026-05-25 14:03:59,586 WARNING games.zelda.policy: Low health | health_ratio=0.00 | task=Task(name='get_wooden_sword')
2026-05-25 14:03:59,619 INFO __main__: state={'hearts_full': 0, 'hearts_half': 0, 'health_ratio': 0.0, 'link_pos': None}
2026-05-25 14:03:59,620 WARNING games.zelda.policy: Low health | health_ratio=0.00 | task=Task(name='get_wooden_sword')
2026-05-25 14:03:59,652 INFO __main__: state={'hearts_full': 0, 'hearts_half': 0, 'health_ratio': 0.0, 'link_pos': None}
2026-05-25 14:03:59,652 WARNING games.zelda.policy: Low health | health_ratio=0.00 | task=Task(name='get_wooden_sword')
2026-05-25 14:03:59,685 INFO __main__: state={'hearts_full': 0, 'hearts_half': 0, 'health_ratio': 0.0, 'link_pos': None}
2026-05-25 14:03:59,685 WARNING games.zelda.policy: Low health | health_ratio=0.00 | task=Task(name='get_wooden_sword')
2026-05-25 14:03:59,719 INFO __main__: state={'hearts_full': 0, 'hearts_half': 0, 'health_ratio': 0.0, 'link_pos': None}
2026-05-25 14:03:59,720 WARNING games.zelda.policy: Low health | health_ratio=0.00 | task=Task(name='get_wooden_sword')
2026-05-25 14:03:59,753 INFO __main__: state={'hearts_full': 0, 'hearts_half': 0, 'health_ratio': 0.0, 'link_pos': None}
2026-05-25 14:03:59,753 WARNING games.zelda.policy: Low health | health_ratio=0.00 | task=Task(name='get_wooden_sword')
2026-05-25 14:03:59,802 INFO __main__: state={'hearts_full': 0, 'hearts_half': 0, 'health_ratio': 0.0, 'link_pos': None}
2026-05-25 14:03:59,802 WARNING games.zelda.policy: Low health | health_ratio=0.00 | task=Task(name='get_wooden_sword')
2026-05-25 14:03:59,836 INFO __main__: state={'hearts_full': 0, 'hearts_half': 0, 'health_ratio': 0.0, 'link_pos': None}
2026-05-25 14:03:59,837 WARNING games.zelda.policy: Low health | health_ratio=0.00 | task=Task(name='get_wooden_sword')
2026-05-25 14:03:59,869 INFO __main__: state={'hearts_full': 0, 'hearts_half': 0, 'health_ratio': 0.0, 'link_pos': None}
2026-05-25 14:03:59,870 WARNING games.zelda.policy: Low health | health_ratio=0.00 | task=Task(name='get_wooden_sword')
2026-05-25 14:03:59,902 INFO __main__: state={'hearts_full': 0, 'hearts_half': 0, 'health_ratio': 0.0, 'link_pos': None}
2026-05-25 14:03:59,902 WARNING games.zelda.policy: Low health | health_ratio=0.00 | task=Task(name='get_wooden_sword')
2026-05-25 14:03:59,936 INFO __main__: state={'hearts_full': 0, 'hearts_half': 0, 'health_ratio': 0.0, 'link_pos': None}
2026-05-25 14:03:59,936 WARNING games.zelda.policy: Low health | health_ratio=0.00 | task=Task(name='get_wooden_sword')
2026-05-25 14:03:59,969 INFO __main__: state={'hearts_full': 0, 'hearts_half': 0, 'health_ratio': 0.0, 'link_pos': None}
2026-05-25 14:03:59,969 WARNING games.zelda.policy: Low health | health_ratio=0.00 | task=Task(name='get_wooden_sword')
2026-05-25 14:04:00,003 INFO __main__: state={'hearts_full': 0, 'hearts_half': 0, 'health_ratio': 0.0, 'link_pos': None}
2026-05-25 14:04:00,003 WARNING games.zelda.policy: Low health | health_ratio=0.00 | task=Task(name='get_wooden_sword')
2026-05-25 14:04:00,037 INFO __main__: state={'hearts_full': 0, 'hearts_half': 0, 'health_ratio': 0.0, 'link_pos': None}
2026-05-25 14:04:00,037 WARNING games.zelda.policy: Low health | health_ratio=0.00 | task=Task(name='get_wooden_sword')
2026-05-25 14:04:00,069 INFO __main__: state={'hearts_full': 0, 'hearts_half': 0, 'health_ratio': 0.0, 'link_pos': None}
2026-05-25 14:04:00,069 WARNING games.zelda.policy: Low health | health_ratio=0.00 | task=Task(name='get_wooden_sword')
2026-05-25 14:04:00,102 INFO __main__: state={'hearts_full': 0, 'hearts_half': 0, 'health_ratio': 0.0, 'link_pos': None}
2026-05-25 14:04:00,102 WARNING games.zelda.policy: Low health | health_ratio=0.00 | task=Task(name='get_wooden_sword')
2026-05-25 14:04:00,135 INFO __main__: state={'hearts_full': 0, 'hearts_half': 0, 'health_ratio': 0.0, 'link_pos': None}
2026-05-25 14:04:00,135 WARNING games.zelda.policy: Low health | health_ratio=0.00 | task=Task(name='get_wooden_sword')
2026-05-25 14:04:00,168 INFO __main__: state={'hearts_full': 0, 'hearts_half': 0, 'health_ratio': 0.0, 'link_pos': None}
2026-05-25 14:04:00,168 WARNING games.zelda.policy: Low health | health_ratio=0.00 | task=Task(name='get_wooden_sword')
2026-05-25 14:04:00,202 INFO __main__: state={'hearts_full': 0, 'hearts_half': 0, 'health_ratio': 0.0, 'link_pos': None}
2026-05-25 14:04:00,202 WARNING games.zelda.policy: Low health | health_ratio=0.00 | task=Task(name='get_wooden_sword')
2026-05-25 14:04:00,251 INFO __main__: state={'hearts_full': 0, 'hearts_half': 0, 'health_ratio': 0.0, 'link_pos': None}
2026-05-25 14:04:00,252 WARNING games.zelda.policy: Low health | health_ratio=0.00 | task=Task(name='get_wooden_sword')
2026-05-25 14:04:00,286 INFO __main__: state={'hearts_full': 0, 'hearts_half': 0, 'health_ratio': 0.0, 'link_pos': None}
2026-05-25 14:04:00,286 WARNING games.zelda.policy: Low health | health_ratio=0.00 | task=Task(name='get_wooden_sword')
2026-05-25 14:04:00,318 INFO __main__: state={'hearts_full': 0, 'hearts_half': 0, 'health_ratio': 0.0, 'link_pos': None}
2026-05-25 14:04:00,319 WARNING games.zelda.policy: Low health | health_ratio=0.00 | task=Task(name='get_wooden_sword')
2026-05-25 14:05:01,770 INFO games.zelda.policy: ZeldaPolicy initialized | [zelda_opening] 1/4: get_wooden_sword
2026-05-25 14:05:01,873 INFO __main__: Detected region: x=64, y=308, w=879, h=672
2026-05-25 14:05:01,874 INFO __main__: Detected 'RetroArch QuickNES 1.0-WIP 7178256' at region (64, 308, 879, 672)
2026-05-25 14:05:01,984 INFO __main__: ScreenCapture region: (64, 308, 879, 672)
2026-05-25 14:05:01,984 INFO __main__: Starting loop at 30 FPS
2026-05-25 14:05:02,138 INFO __main__: state={'hearts_full': 13, 'hearts_half': 0, 'health_ratio': 0.812, 'link_pos': [824, 488]}
2026-05-25 14:05:02,350 INFO __main__: state={'hearts_full': 13, 'hearts_half': 0, 'health_ratio': 0.812, 'link_pos': [824, 488]}
2026-05-25 14:05:02,518 INFO __main__: state={'hearts_full': 13, 'hearts_half': 0, 'health_ratio': 0.812, 'link_pos': [824, 488]}
2026-05-25 14:05:02,676 INFO __main__: state={'hearts_full': 13, 'hearts_half': 0, 'health_ratio': 0.812, 'link_pos': [824, 488]}
2026-05-25 14:05:02,832 INFO __main__: state={'hearts_full': 13, 'hearts_half': 0, 'health_ratio': 0.812, 'link_pos': [824, 488]}
2026-05-25 14:05:03,015 INFO __main__: state={'hearts_full': 13, 'hearts_half': 0, 'health_ratio': 0.812, 'link_pos': [824, 488]}
2026-05-25 14:05:03,194 INFO __main__: state={'hearts_full': 13, 'hearts_half': 0, 'health_ratio': 0.812, 'link_pos': [824, 488]}
2026-05-25 14:05:03,344 INFO __main__: state={'hearts_full': 13, 'hearts_half': 0, 'health_ratio': 0.812, 'link_pos': [824, 488]}
2026-05-25 14:05:03,493 INFO __main__: state={'hearts_full': 13, 'hearts_half': 0, 'health_ratio': 0.812, 'link_pos': [824, 488]}
2026-05-25 14:05:03,660 INFO __main__: state={'hearts_full': 13, 'hearts_half': 0, 'health_ratio': 0.812, 'link_pos': [824, 488]}
2026-05-25 14:05:03,808 INFO __main__: state={'hearts_full': 13, 'hearts_half': 0, 'health_ratio': 0.812, 'link_pos': [824, 488]}
2026-05-25 14:05:03,960 INFO __main__: state={'hearts_full': 13, 'hearts_half': 0, 'health_ratio': 0.812, 'link_pos': [824, 488]}
2026-05-25 14:05:04,109 INFO __main__: state={'hearts_full': 13, 'hearts_half': 0, 'health_ratio': 0.812, 'link_pos': [824, 488]}
2026-05-25 14:05:04,278 INFO __main__: state={'hearts_full': 13, 'hearts_half': 0, 'health_ratio': 0.812, 'link_pos': [824, 488]}
2026-05-25 14:05:04,440 INFO __main__: state={'hearts_full': 13, 'hearts_half': 0, 'health_ratio': 0.812, 'link_pos': [824, 488]}
2026-05-25 14:05:04,608 INFO __main__: state={'hearts_full': 13, 'hearts_half': 0, 'health_ratio': 0.812, 'link_pos': [824, 488]}
2026-05-25 14:05:04,779 INFO __main__: state={'hearts_full': 13, 'hearts_half': 0, 'health_ratio': 0.812, 'link_pos': [824, 488]}
2026-05-25 14:05:04,929 INFO __main__: state={'hearts_full': 13, 'hearts_half': 0, 'health_ratio': 0.812, 'link_pos': [824, 488]}
2026-05-25 14:05:05,081 INFO __main__: state={'hearts_full': 13, 'hearts_half': 0, 'health_ratio': 0.812, 'link_pos': [824, 488]}
2026-05-25 14:05:05,250 INFO __main__: state={'hearts_full': 13, 'hearts_half': 0, 'health_ratio': 0.812, 'link_pos': [824, 488]}
2026-05-25 14:05:05,423 INFO __main__: state={'hearts_full': 13, 'hearts_half': 0, 'health_ratio': 0.812, 'link_pos': [824, 488]}
2026-05-25 14:05:05,749 INFO __main__: state={'hearts_full': 13, 'hearts_half': 0, 'health_ratio': 0.812, 'link_pos': [824, 488]}
2026-05-25 14:05:05,966 INFO __main__: state={'hearts_full': 13, 'hearts_half': 0, 'health_ratio': 0.812, 'link_pos': [824, 488]}
2026-05-25 14:05:06,111 INFO __main__: state={'hearts_full': 0, 'hearts_half': 0, 'health_ratio': 0.0, 'link_pos': [798, 204]}
2026-05-25 14:05:06,111 WARNING games.zelda.policy: Low health | health_ratio=0.00 | task=Task(name='get_wooden_sword')
2026-05-25 14:05:06,254 INFO __main__: state={'hearts_full': 0, 'hearts_half': 0, 'health_ratio': 0.0, 'link_pos': [355, 65]}
2026-05-25 14:05:06,254 WARNING games.zelda.policy: Low health | health_ratio=0.00 | task=Task(name='get_wooden_sword')
2026-05-25 14:05:06,403 INFO __main__: state={'hearts_full': 0, 'hearts_half': 0, 'health_ratio': 0.0, 'link_pos': None}
2026-05-25 14:05:06,403 WARNING games.zelda.policy: Low health | health_ratio=0.00 | task=Task(name='get_wooden_sword')
2026-05-25 14:05:06,553 INFO __main__: state={'hearts_full': 0, 'hearts_half': 0, 'health_ratio': 0.0, 'link_pos': None}
2026-05-25 14:05:06,554 WARNING games.zelda.policy: Low health | health_ratio=0.00 | task=Task(name='get_wooden_sword')
2026-05-25 14:05:06,703 INFO __main__: state={'hearts_full': 0, 'hearts_half': 0, 'health_ratio': 0.0, 'link_pos': None}
2026-05-25 14:05:06,703 WARNING games.zelda.policy: Low health | health_ratio=0.00 | task=Task(name='get_wooden_sword')
2026-05-25 14:05:06,853 INFO __main__: state={'hearts_full': 0, 'hearts_half': 0, 'health_ratio': 0.0, 'link_pos': None}
2026-05-25 14:05:06,853 WARNING games.zelda.policy: Low health | health_ratio=0.00 | task=Task(name='get_wooden_sword')
2026-05-25 14:05:06,986 INFO __main__: state={'hearts_full': 0, 'hearts_half': 0, 'health_ratio': 0.0, 'link_pos': None}
2026-05-25 14:05:06,986 WARNING games.zelda.policy: Low health | health_ratio=0.00 | task=Task(name='get_wooden_sword')
2026-05-25 14:05:07,136 INFO __main__: state={'hearts_full': 0, 'hearts_half': 0, 'health_ratio': 0.0, 'link_pos': None}
2026-05-25 14:05:07,136 WARNING games.zelda.policy: Low health | health_ratio=0.00 | task=Task(name='get_wooden_sword')
2026-05-25 14:05:07,302 INFO __main__: state={'hearts_full': 0, 'hearts_half': 0, 'health_ratio': 0.0, 'link_pos': None}
2026-05-25 14:05:07,303 WARNING games.zelda.policy: Low health | health_ratio=0.00 | task=Task(name='get_wooden_sword')
2026-05-25 14:05:07,453 INFO __main__: state={'hearts_full': 0, 'hearts_half': 0, 'health_ratio': 0.0, 'link_pos': None}
2026-05-25 14:05:07,453 WARNING games.zelda.policy: Low health | health_ratio=0.00 | task=Task(name='get_wooden_sword')
2026-05-25 14:05:07,603 INFO __main__: state={'hearts_full': 0, 'hearts_half': 0, 'health_ratio': 0.0, 'link_pos': None}
2026-05-25 14:05:07,603 WARNING games.zelda.policy: Low health | health_ratio=0.00 | task=Task(name='get_wooden_sword')
2026-05-25 14:05:07,754 INFO __main__: state={'hearts_full': 0, 'hearts_half': 0, 'health_ratio': 0.0, 'link_pos': None}
2026-05-25 14:05:07,754 WARNING games.zelda.policy: Low health | health_ratio=0.00 | task=Task(name='get_wooden_sword')
2026-05-25 14:05:07,906 INFO __main__: state={'hearts_full': 0, 'hearts_half': 0, 'health_ratio': 0.0, 'link_pos': None}
2026-05-25 14:05:07,907 WARNING games.zelda.policy: Low health | health_ratio=0.00 | task=Task(name='get_wooden_sword')
2026-05-25 14:05:08,061 INFO __main__: state={'hearts_full': 0, 'hearts_half': 0, 'health_ratio': 0.0, 'link_pos': None}
2026-05-25 14:05:08,061 WARNING games.zelda.policy: Low health | health_ratio=0.00 | task=Task(name='get_wooden_sword')
2026-05-25 14:05:08,206 INFO __main__: state={'hearts_full': 0, 'hearts_half': 0, 'health_ratio': 0.0, 'link_pos': None}
2026-05-25 14:05:08,206 WARNING games.zelda.policy: Low health | health_ratio=0.00 | task=Task(name='get_wooden_sword')
2026-05-25 14:05:08,352 INFO __main__: state={'hearts_full': 0, 'hearts_half': 0, 'health_ratio': 0.0, 'link_pos': None}
2026-05-25 14:05:08,353 WARNING games.zelda.policy: Low health | health_ratio=0.00 | task=Task(name='get_wooden_sword')
2026-05-25 14:05:08,502 INFO __main__: state={'hearts_full': 0, 'hearts_half': 0, 'health_ratio': 0.0, 'link_pos': None}
2026-05-25 14:05:08,502 WARNING games.zelda.policy: Low health | health_ratio=0.00 | task=Task(name='get_wooden_sword')
2026-05-25 14:05:08,637 INFO __main__: state={'hearts_full': 0, 'hearts_half': 0, 'health_ratio': 0.0, 'link_pos': None}
2026-05-25 14:05:08,637 WARNING games.zelda.policy: Low health | health_ratio=0.00 | task=Task(name='get_wooden_sword')
2026-05-25 14:05:08,785 INFO __main__: state={'hearts_full': 0, 'hearts_half': 0, 'health_ratio': 0.0, 'link_pos': None}
2026-05-25 14:05:08,786 WARNING games.zelda.policy: Low health | health_ratio=0.00 | task=Task(name='get_wooden_sword')
2026-05-25 14:05:09,110 INFO __main__: state={'hearts_full': 0, 'hearts_half': 0, 'health_ratio': 0.0, 'link_pos': None}
2026-05-25 14:05:09,111 WARNING games.zelda.policy: Low health | health_ratio=0.00 | task=Task(name='get_wooden_sword')
2026-05-25 14:05:09,356 INFO __main__: state={'hearts_full': 0, 'hearts_half': 0, 'health_ratio': 0.0, 'link_pos': [824, 488]}
2026-05-25 14:05:09,356 WARNING games.zelda.policy: Low health | health_ratio=0.00 | task=Task(name='get_wooden_sword')
2026-05-25 14:05:09,517 INFO __main__: state={'hearts_full': 0, 'hearts_half': 0, 'health_ratio': 0.0, 'link_pos': [667, 368]}
2026-05-25 14:05:09,518 WARNING games.zelda.policy: Low health | health_ratio=0.00 | task=Task(name='get_wooden_sword')
2026-05-25 14:05:09,680 INFO __main__: state={'hearts_full': 0, 'hearts_half': 0, 'health_ratio': 0.0, 'link_pos': [667, 368]}
2026-05-25 14:05:09,681 WARNING games.zelda.policy: Low health | health_ratio=0.00 | task=Task(name='get_wooden_sword')
2026-05-25 14:05:09,833 INFO __main__: state={'hearts_full': 0, 'hearts_half': 0, 'health_ratio': 0.0, 'link_pos': [667, 368]}
2026-05-25 14:05:09,834 WARNING games.zelda.policy: Low health | health_ratio=0.00 | task=Task(name='get_wooden_sword')
2026-05-25 14:05:09,997 INFO __main__: state={'hearts_full': 0, 'hearts_half': 0, 'health_ratio': 0.0, 'link_pos': [667, 368]}
2026-05-25 14:05:09,997 WARNING games.zelda.policy: Low health | health_ratio=0.00 | task=Task(name='get_wooden_sword')
2026-05-25 14:05:10,165 INFO __main__: state={'hearts_full': 0, 'hearts_half': 0, 'health_ratio': 0.0, 'link_pos': [667, 368]}
2026-05-25 14:05:10,165 WARNING games.zelda.policy: Low health | health_ratio=0.00 | task=Task(name='get_wooden_sword')
2026-05-25 14:05:10,320 INFO __main__: state={'hearts_full': 0, 'hearts_half': 0, 'health_ratio': 0.0, 'link_pos': [667, 368]}
2026-05-25 14:05:10,321 WARNING games.zelda.policy: Low health | health_ratio=0.00 | task=Task(name='get_wooden_sword')
2026-05-25 14:05:10,481 INFO __main__: state={'hearts_full': 0, 'hearts_half': 0, 'health_ratio': 0.0, 'link_pos': [667, 368]}
2026-05-25 14:05:10,481 WARNING games.zelda.policy: Low health | health_ratio=0.00 | task=Task(name='get_wooden_sword')
2026-05-25 14:05:10,651 INFO __main__: state={'hearts_full': 0, 'hearts_half': 0, 'health_ratio': 0.0, 'link_pos': [667, 368]}
2026-05-25 14:05:10,651 WARNING games.zelda.policy: Low health | health_ratio=0.00 | task=Task(name='get_wooden_sword')
2026-05-25 14:05:10,809 INFO __main__: state={'hearts_full': 0, 'hearts_half': 0, 'health_ratio': 0.0, 'link_pos': [667, 368]}
2026-05-25 14:05:10,810 WARNING games.zelda.policy: Low health | health_ratio=0.00 | task=Task(name='get_wooden_sword')
2026-05-25 14:05:10,961 INFO __main__: state={'hearts_full': 0, 'hearts_half': 0, 'health_ratio': 0.0, 'link_pos': [667, 368]}
2026-05-25 14:05:10,962 WARNING games.zelda.policy: Low health | health_ratio=0.00 | task=Task(name='get_wooden_sword')
2026-05-25 14:05:11,132 INFO __main__: state={'hearts_full': 0, 'hearts_half': 0, 'health_ratio': 0.0, 'link_pos': [667, 368]}
2026-05-25 14:05:11,133 WARNING games.zelda.policy: Low health | health_ratio=0.00 | task=Task(name='get_wooden_sword')
2026-05-25 14:05:11,277 INFO __main__: state={'hearts_full': 0, 'hearts_half': 0, 'health_ratio': 0.0, 'link_pos': [667, 368]}
2026-05-25 14:05:11,277 WARNING games.zelda.policy: Low health | health_ratio=0.00 | task=Task(name='get_wooden_sword')
2026-05-25 14:05:11,427 INFO __main__: state={'hearts_full': 0, 'hearts_half': 0, 'health_ratio': 0.0, 'link_pos': [667, 368]}
2026-05-25 14:05:11,428 WARNING games.zelda.policy: Low health | health_ratio=0.00 | task=Task(name='get_wooden_sword')
2026-05-25 14:05:11,579 INFO __main__: state={'hearts_full': 0, 'hearts_half': 0, 'health_ratio': 0.0, 'link_pos': [667, 368]}
2026-05-25 14:05:11,580 WARNING games.zelda.policy: Low health | health_ratio=0.00 | task=Task(name='get_wooden_sword')
2026-05-25 14:05:11,725 INFO __main__: state={'hearts_full': 0, 'hearts_half': 0, 'health_ratio': 0.0, 'link_pos': [667, 368]}
2026-05-25 14:05:11,726 WARNING games.zelda.policy: Low health | health_ratio=0.00 | task=Task(name='get_wooden_sword')
2026-05-25 14:05:11,877 INFO __main__: state={'hearts_full': 0, 'hearts_half': 0, 'health_ratio': 0.0, 'link_pos': [667, 368]}
2026-05-25 14:05:11,877 WARNING games.zelda.policy: Low health | health_ratio=0.00 | task=Task(name='get_wooden_sword')
2026-05-25 14:05:12,027 INFO __main__: state={'hearts_full': 0, 'hearts_half': 0, 'health_ratio': 0.0, 'link_pos': [667, 368]}
2026-05-25 14:05:12,028 WARNING games.zelda.policy: Low health | health_ratio=0.00 | task=Task(name='get_wooden_sword')
2026-05-25 14:05:12,178 INFO __main__: state={'hearts_full': 0, 'hearts_half': 0, 'health_ratio': 0.0, 'link_pos': [667, 368]}
2026-05-25 14:05:12,178 WARNING games.zelda.policy: Low health | health_ratio=0.00 | task=Task(name='get_wooden_sword')
2026-05-25 14:05:12,327 INFO __main__: state={'hearts_full': 0, 'hearts_half': 0, 'health_ratio': 0.0, 'link_pos': [667, 368]}
2026-05-25 14:05:12,328 WARNING games.zelda.policy: Low health | health_ratio=0.00 | task=Task(name='get_wooden_sword')
2026-05-25 14:05:12,480 INFO __main__: state={'hearts_full': 0, 'hearts_half': 0, 'health_ratio': 0.0, 'link_pos': [667, 368]}
2026-05-25 14:05:12,480 WARNING games.zelda.policy: Low health | health_ratio=0.00 | task=Task(name='get_wooden_sword')
2026-05-25 14:05:12,627 INFO __main__: state={'hearts_full': 0, 'hearts_half': 0, 'health_ratio': 0.0, 'link_pos': [667, 368]}
2026-05-25 14:05:12,628 WARNING games.zelda.policy: Low health | health_ratio=0.00 | task=Task(name='get_wooden_sword')
2026-05-25 14:05:12,776 INFO __main__: state={'hearts_full': 0, 'hearts_half': 0, 'health_ratio': 0.0, 'link_pos': [667, 368]}
2026-05-25 14:05:12,777 WARNING games.zelda.policy: Low health | health_ratio=0.00 | task=Task(name='get_wooden_sword')
2026-05-25 14:05:12,982 INFO __main__: state={'hearts_full': 0, 'hearts_half': 0, 'health_ratio': 0.0, 'link_pos': [667, 368]}
2026-05-25 14:05:12,982 WARNING games.zelda.policy: Low health | health_ratio=0.00 | task=Task(name='get_wooden_sword')
2026-05-25 14:05:13,202 INFO __main__: state={'hearts_full': 0, 'hearts_half': 0, 'health_ratio': 0.0, 'link_pos': [490, 92]}
2026-05-25 14:05:13,202 WARNING games.zelda.policy: Low health | health_ratio=0.00 | task=Task(name='get_wooden_sword')
2026-05-25 14:05:13,390 INFO __main__: state={'hearts_full': 0, 'hearts_half': 0, 'health_ratio': 0.0, 'link_pos': [824, 488]}
2026-05-25 14:05:13,390 WARNING games.zelda.policy: Low health | health_ratio=0.00 | task=Task(name='get_wooden_sword')
2026-05-25 14:05:13,548 INFO __main__: state={'hearts_full': 0, 'hearts_half': 0, 'health_ratio': 0.0, 'link_pos': [667, 368]}
2026-05-25 14:05:13,548 WARNING games.zelda.policy: Low health | health_ratio=0.00 | task=Task(name='get_wooden_sword')
2026-05-25 14:05:13,711 INFO __main__: state={'hearts_full': 0, 'hearts_half': 0, 'health_ratio': 0.0, 'link_pos': [667, 368]}
2026-05-25 14:05:13,712 WARNING games.zelda.policy: Low health | health_ratio=0.00 | task=Task(name='get_wooden_sword')
2026-05-25 14:05:13,864 INFO __main__: state={'hearts_full': 0, 'hearts_half': 0, 'health_ratio': 0.0, 'link_pos': [667, 368]}
2026-05-25 14:05:13,864 WARNING games.zelda.policy: Low health | health_ratio=0.00 | task=Task(name='get_wooden_sword')
2026-05-25 14:05:14,016 INFO __main__: state={'hearts_full': 0, 'hearts_half': 0, 'health_ratio': 0.0, 'link_pos': [667, 368]}
2026-05-25 14:05:14,016 WARNING games.zelda.policy: Low health | health_ratio=0.00 | task=Task(name='get_wooden_sword')
2026-05-25 14:05:14,163 INFO __main__: state={'hearts_full': 0, 'hearts_half': 0, 'health_ratio': 0.0, 'link_pos': [667, 368]}
2026-05-25 14:05:14,163 WARNING games.zelda.policy: Low health | health_ratio=0.00 | task=Task(name='get_wooden_sword')
2026-05-25 14:05:14,313 INFO __main__: state={'hearts_full': 0, 'hearts_half': 0, 'health_ratio': 0.0, 'link_pos': [667, 368]}
2026-05-25 14:05:14,313 WARNING games.zelda.policy: Low health | health_ratio=0.00 | task=Task(name='get_wooden_sword')
2026-05-25 14:05:14,496 INFO __main__: state={'hearts_full': 0, 'hearts_half': 0, 'health_ratio': 0.0, 'link_pos': [667, 368]}
2026-05-25 14:05:14,496 WARNING games.zelda.policy: Low health | health_ratio=0.00 | task=Task(name='get_wooden_sword')
2026-05-25 14:05:17,796 INFO games.zelda.policy: ZeldaPolicy initialized | [zelda_opening] 1/4: get_wooden_sword
2026-05-25 14:05:17,899 INFO __main__: Detected region: x=64, y=308, w=879, h=672
2026-05-25 14:05:17,900 INFO __main__: Detected 'RetroArch QuickNES 1.0-WIP 7178256' at region (64, 308, 879, 672)
2026-05-25 14:05:17,991 INFO __main__: ScreenCapture region: (64, 308, 879, 672)
2026-05-25 14:05:17,992 INFO __main__: Starting loop at 30 FPS
2026-05-25 14:05:18,131 INFO __main__: state={'hearts_full': 13, 'hearts_half': 0, 'health_ratio': 0.812, 'link_pos': [824, 488]}
2026-05-25 14:05:18,340 INFO __main__: state={'hearts_full': 13, 'hearts_half': 0, 'health_ratio': 0.812, 'link_pos': [824, 488]}
2026-05-25 14:05:18,492 INFO __main__: state={'hearts_full': 13, 'hearts_half': 0, 'health_ratio': 0.812, 'link_pos': [824, 488]}
2026-05-25 14:05:18,636 INFO __main__: state={'hearts_full': 13, 'hearts_half': 0, 'health_ratio': 0.812, 'link_pos': [824, 488]}
2026-05-25 14:05:18,786 INFO __main__: state={'hearts_full': 13, 'hearts_half': 0, 'health_ratio': 0.812, 'link_pos': [824, 488]}
2026-05-25 14:05:18,937 INFO __main__: state={'hearts_full': 13, 'hearts_half': 0, 'health_ratio': 0.812, 'link_pos': [824, 488]}
2026-05-25 14:05:19,087 INFO __main__: state={'hearts_full': 13, 'hearts_half': 0, 'health_ratio': 0.812, 'link_pos': [824, 488]}
2026-05-25 14:05:19,238 INFO __main__: state={'hearts_full': 13, 'hearts_half': 0, 'health_ratio': 0.812, 'link_pos': [824, 488]}
2026-05-25 14:05:19,385 INFO __main__: state={'hearts_full': 13, 'hearts_half': 0, 'health_ratio': 0.812, 'link_pos': [824, 488]}
2026-05-25 14:05:19,535 INFO __main__: state={'hearts_full': 13, 'hearts_half': 0, 'health_ratio': 0.812, 'link_pos': [824, 488]}
2026-05-25 14:05:19,669 INFO __main__: state={'hearts_full': 13, 'hearts_half': 0, 'health_ratio': 0.812, 'link_pos': [824, 488]}
2026-05-25 14:05:19,818 INFO __main__: state={'hearts_full': 13, 'hearts_half': 0, 'health_ratio': 0.812, 'link_pos': [824, 488]}
2026-05-25 14:05:19,979 INFO __main__: state={'hearts_full': 13, 'hearts_half': 0, 'health_ratio': 0.812, 'link_pos': [824, 488]}
2026-05-25 14:05:20,119 INFO __main__: state={'hearts_full': 13, 'hearts_half': 0, 'health_ratio': 0.812, 'link_pos': [824, 488]}
2026-05-25 14:05:20,268 INFO __main__: state={'hearts_full': 13, 'hearts_half': 0, 'health_ratio': 0.812, 'link_pos': [824, 488]}
2026-05-25 14:05:20,418 INFO __main__: state={'hearts_full': 13, 'hearts_half': 0, 'health_ratio': 0.812, 'link_pos': [824, 488]}
2026-05-25 14:05:20,559 INFO __main__: state={'hearts_full': 13, 'hearts_half': 0, 'health_ratio': 0.812, 'link_pos': [824, 488]}
2026-05-25 14:05:20,711 INFO __main__: state={'hearts_full': 13, 'hearts_half': 0, 'health_ratio': 0.812, 'link_pos': [824, 488]}
2026-05-25 14:05:20,855 INFO __main__: state={'hearts_full': 13, 'hearts_half': 0, 'health_ratio': 0.812, 'link_pos': [824, 488]}
2026-05-25 14:05:21,015 INFO __main__: state={'hearts_full': 13, 'hearts_half': 0, 'health_ratio': 0.812, 'link_pos': [824, 488]}
2026-05-25 14:05:21,175 INFO __main__: state={'hearts_full': 13, 'hearts_half': 0, 'health_ratio': 0.812, 'link_pos': [824, 488]}
2026-05-25 14:05:21,322 INFO __main__: state={'hearts_full': 13, 'hearts_half': 0, 'health_ratio': 0.812, 'link_pos': [824, 488]}
2026-05-25 14:05:21,472 INFO __main__: state={'hearts_full': 13, 'hearts_half': 0, 'health_ratio': 0.812, 'link_pos': [824, 488]}
2026-05-25 14:05:21,622 INFO __main__: state={'hearts_full': 13, 'hearts_half': 0, 'health_ratio': 0.812, 'link_pos': [824, 488]}
2026-05-25 14:05:21,773 INFO __main__: state={'hearts_full': 13, 'hearts_half': 0, 'health_ratio': 0.812, 'link_pos': [824, 488]}
2026-05-25 14:05:21,921 INFO __main__: state={'hearts_full': 13, 'hearts_half': 0, 'health_ratio': 0.812, 'link_pos': [824, 488]}
2026-05-25 14:05:22,052 INFO __main__: state={'hearts_full': 13, 'hearts_half': 0, 'health_ratio': 0.812, 'link_pos': [824, 488]}
2026-05-25 14:05:27,222 INFO __main__: state={'hearts_full': 13, 'hearts_half': 0, 'health_ratio': 0.812, 'link_pos': [824, 488]}
2026-05-25 14:05:27,351 INFO __main__: state={'hearts_full': 13, 'hearts_half': 0, 'health_ratio': 0.812, 'link_pos': [824, 488]}
2026-05-25 14:05:27,504 INFO __main__: state={'hearts_full': 13, 'hearts_half': 0, 'health_ratio': 0.812, 'link_pos': [824, 488]}
2026-05-25 14:05:27,635 INFO __main__: state={'hearts_full': 13, 'hearts_half': 0, 'health_ratio': 0.812, 'link_pos': [824, 488]}
2026-05-25 14:05:27,785 INFO __main__: state={'hearts_full': 13, 'hearts_half': 0, 'health_ratio': 0.812, 'link_pos': [824, 488]}
2026-05-25 14:05:27,948 INFO __main__: state={'hearts_full': 13, 'hearts_half': 0, 'health_ratio': 0.812, 'link_pos': [824, 488]}
2026-05-25 14:05:28,098 INFO __main__: state={'hearts_full': 13, 'hearts_half': 0, 'health_ratio': 0.812, 'link_pos': [824, 488]}
2026-05-25 14:05:28,239 INFO __main__: state={'hearts_full': 13, 'hearts_half': 0, 'health_ratio': 0.812, 'link_pos': [824, 488]}
2026-05-25 14:05:28,385 INFO __main__: state={'hearts_full': 13, 'hearts_half': 0, 'health_ratio': 0.812, 'link_pos': [824, 488]}
2026-05-25 14:05:28,520 INFO __main__: state={'hearts_full': 13, 'hearts_half': 0, 'health_ratio': 0.812, 'link_pos': [824, 488]}
2026-05-25 14:05:28,669 INFO __main__: state={'hearts_full': 13, 'hearts_half': 0, 'health_ratio': 0.812, 'link_pos': [824, 488]}
2026-05-25 14:05:28,837 INFO __main__: state={'hearts_full': 13, 'hearts_half': 0, 'health_ratio': 0.812, 'link_pos': [824, 488]}
2026-05-25 14:05:29,006 INFO __main__: state={'hearts_full': 13, 'hearts_half': 0, 'health_ratio': 0.812, 'link_pos': [824, 488]}
2026-05-25 14:05:29,160 INFO __main__: state={'hearts_full': 13, 'hearts_half': 0, 'health_ratio': 0.812, 'link_pos': [818, 523]}
2026-05-25 14:05:29,311 INFO __main__: state={'hearts_full': 13, 'hearts_half': 0, 'health_ratio': 0.812, 'link_pos': [816, 578]}
2026-05-25 14:05:29,457 INFO __main__: state={'hearts_full': 13, 'hearts_half': 0, 'health_ratio': 0.812, 'link_pos': [803, 616]}
2026-05-25 14:05:29,605 INFO __main__: state={'hearts_full': 13, 'hearts_half': 0, 'health_ratio': 0.812, 'link_pos': [791, 630]}
2026-05-25 14:05:29,752 INFO __main__: state={'hearts_full': 13, 'hearts_half': 0, 'health_ratio': 0.812, 'link_pos': [790, 630]}
2026-05-25 14:05:29,903 INFO __main__: state={'hearts_full': 13, 'hearts_half': 0, 'health_ratio': 0.812, 'link_pos': [790, 630]}
2026-05-25 14:05:30,060 INFO __main__: state={'hearts_full': 13, 'hearts_half': 0, 'health_ratio': 0.812, 'link_pos': [790, 630]}
2026-05-25 14:05:30,204 INFO __main__: state={'hearts_full': 13, 'hearts_half': 0, 'health_ratio': 0.812, 'link_pos': [803, 580]}
2026-05-25 14:05:30,347 INFO __main__: state={'hearts_full': 13, 'hearts_half': 0, 'health_ratio': 0.812, 'link_pos': [803, 576]}
2026-05-25 14:05:30,490 INFO __main__: state={'hearts_full': 13, 'hearts_half': 0, 'health_ratio': 0.812, 'link_pos': [803, 564]}
2026-05-25 14:05:30,642 INFO __main__: state={'hearts_full': 13, 'hearts_half': 0, 'health_ratio': 0.812, 'link_pos': [810, 550]}
2026-05-25 14:05:30,790 INFO __main__: state={'hearts_full': 13, 'hearts_half': 0, 'health_ratio': 0.812, 'link_pos': [815, 538]}
2026-05-25 14:05:30,940 INFO __main__: state={'hearts_full': 13, 'hearts_half': 0, 'health_ratio': 0.812, 'link_pos': [841, 487]}
2026-05-25 14:05:31,090 INFO __main__: state={'hearts_full': 13, 'hearts_half': 0, 'health_ratio': 0.812, 'link_pos': [476, 606]}
2026-05-25 14:05:31,239 INFO __main__: state={'hearts_full': 13, 'hearts_half': 0, 'health_ratio': 0.812, 'link_pos': [476, 606]}
2026-05-25 14:05:31,400 INFO __main__: state={'hearts_full': 13, 'hearts_half': 0, 'health_ratio': 0.812, 'link_pos': [834, 467]}
2026-05-25 14:05:31,555 INFO __main__: state={'hearts_full': 13, 'hearts_half': 0, 'health_ratio': 0.812, 'link_pos': [821, 467]}
2026-05-25 14:05:31,713 INFO __main__: state={'hearts_full': 13, 'hearts_half': 0, 'health_ratio': 0.812, 'link_pos': [821, 464]}
2026-05-25 14:05:31,873 INFO __main__: state={'hearts_full': 13, 'hearts_half': 0, 'health_ratio': 0.812, 'link_pos': [821, 462]}
2026-05-25 14:05:32,031 INFO __main__: state={'hearts_full': 13, 'hearts_half': 0, 'health_ratio': 0.812, 'link_pos': [821, 462]}
2026-05-25 14:05:32,174 INFO __main__: state={'hearts_full': 13, 'hearts_half': 0, 'health_ratio': 0.812, 'link_pos': [821, 462]}
2026-05-25 14:05:32,327 INFO __main__: state={'hearts_full': 13, 'hearts_half': 0, 'health_ratio': 0.812, 'link_pos': [821, 462]}
2026-05-25 14:05:32,472 INFO __main__: state={'hearts_full': 13, 'hearts_half': 0, 'health_ratio': 0.812, 'link_pos': [821, 462]}
2026-05-25 14:05:32,624 INFO __main__: state={'hearts_full': 13, 'hearts_half': 0, 'health_ratio': 0.812, 'link_pos': [821, 462]}
2026-05-25 14:05:32,790 INFO __main__: state={'hearts_full': 13, 'hearts_half': 0, 'health_ratio': 0.812, 'link_pos': [821, 462]}
2026-05-25 14:05:32,939 INFO __main__: state={'hearts_full': 13, 'hearts_half': 0, 'health_ratio': 0.812, 'link_pos': [821, 462]}
2026-05-25 14:05:33,090 INFO __main__: state={'hearts_full': 13, 'hearts_half': 0, 'health_ratio': 0.812, 'link_pos': [821, 462]}
2026-05-25 14:05:33,247 INFO __main__: state={'hearts_full': 13, 'hearts_half': 0, 'health_ratio': 0.812, 'link_pos': [821, 462]}
2026-05-25 14:05:33,411 INFO __main__: state={'hearts_full': 13, 'hearts_half': 0, 'health_ratio': 0.812, 'link_pos': [821, 462]}
2026-05-25 14:05:33,569 INFO __main__: state={'hearts_full': 13, 'hearts_half': 0, 'health_ratio': 0.812, 'link_pos': [821, 462]}
2026-05-25 14:05:33,726 INFO __main__: state={'hearts_full': 13, 'hearts_half': 0, 'health_ratio': 0.812, 'link_pos': [821, 462]}
2026-05-25 14:05:33,874 INFO __main__: state={'hearts_full': 13, 'hearts_half': 0, 'health_ratio': 0.812, 'link_pos': [821, 462]}
2026-05-25 14:05:34,025 INFO __main__: state={'hearts_full': 13, 'hearts_half': 0, 'health_ratio': 0.812, 'link_pos': [821, 462]}
2026-05-25 14:05:34,173 INFO __main__: state={'hearts_full': 13, 'hearts_half': 0, 'health_ratio': 0.812, 'link_pos': [821, 462]}
2026-05-25 14:05:34,308 INFO __main__: state={'hearts_full': 13, 'hearts_half': 0, 'health_ratio': 0.812, 'link_pos': [821, 462]}
2026-05-25 14:05:34,460 INFO __main__: state={'hearts_full': 13, 'hearts_half': 0, 'health_ratio': 0.812, 'link_pos': [821, 462]}
2026-05-25 14:05:34,623 INFO __main__: state={'hearts_full': 13, 'hearts_half': 0, 'health_ratio': 0.812, 'link_pos': [821, 462]}
2026-05-25 14:05:34,771 INFO __main__: state={'hearts_full': 13, 'hearts_half': 0, 'health_ratio': 0.812, 'link_pos': [821, 462]}
2026-05-25 14:05:34,926 INFO __main__: state={'hearts_full': 13, 'hearts_half': 0, 'health_ratio': 0.812, 'link_pos': [821, 462]}
2026-05-25 14:05:35,074 INFO __main__: state={'hearts_full': 13, 'hearts_half': 0, 'health_ratio': 0.812, 'link_pos': [821, 462]}
2026-05-25 14:05:35,224 INFO __main__: state={'hearts_full': 13, 'hearts_half': 0, 'health_ratio': 0.812, 'link_pos': [821, 462]}
2026-05-25 14:05:35,378 INFO __main__: state={'hearts_full': 13, 'hearts_half': 0, 'health_ratio': 0.812, 'link_pos': [821, 462]}
2026-05-25 14:05:35,524 INFO __main__: state={'hearts_full': 13, 'hearts_half': 0, 'health_ratio': 0.812, 'link_pos': [821, 462]}
2026-05-25 14:05:35,673 INFO __main__: state={'hearts_full': 13, 'hearts_half': 0, 'health_ratio': 0.812, 'link_pos': [821, 462]}
2026-05-25 14:05:35,824 INFO __main__: state={'hearts_full': 13, 'hearts_half': 0, 'health_ratio': 0.812, 'link_pos': [821, 462]}
2026-05-25 14:05:35,972 INFO __main__: state={'hearts_full': 13, 'hearts_half': 0, 'health_ratio': 0.812, 'link_pos': [821, 462]}
2026-05-25 14:05:36,123 INFO __main__: state={'hearts_full': 13, 'hearts_half': 0, 'health_ratio': 0.812, 'link_pos': [821, 462]}
2026-05-25 14:05:36,289 INFO __main__: state={'hearts_full': 13, 'hearts_half': 0, 'health_ratio': 0.812, 'link_pos': [821, 462]}
2026-05-25 14:05:36,456 INFO __main__: state={'hearts_full': 13, 'hearts_half': 0, 'health_ratio': 0.812, 'link_pos': [821, 462]}
2026-05-25 14:05:36,639 INFO __main__: state={'hearts_full': 13, 'hearts_half': 0, 'health_ratio': 0.812, 'link_pos': [821, 462]}
2026-05-25 14:05:36,792 INFO __main__: state={'hearts_full': 13, 'hearts_half': 0, 'health_ratio': 0.812, 'link_pos': [821, 462]}
2026-05-25 14:05:36,938 INFO __main__: state={'hearts_full': 13, 'hearts_half': 0, 'health_ratio': 0.812, 'link_pos': [821, 462]}
2026-05-25 14:05:37,076 INFO __main__: state={'hearts_full': 13, 'hearts_half': 0, 'health_ratio': 0.812, 'link_pos': [821, 462]}
2026-05-25 14:05:37,225 INFO __main__: state={'hearts_full': 13, 'hearts_half': 0, 'health_ratio': 0.812, 'link_pos': [821, 462]}
2026-05-25 14:05:37,375 INFO __main__: state={'hearts_full': 13, 'hearts_half': 0, 'health_ratio': 0.812, 'link_pos': [821, 462]}
2026-05-25 14:05:37,526 INFO __main__: state={'hearts_full': 13, 'hearts_half': 0, 'health_ratio': 0.812, 'link_pos': [821, 462]}
2026-05-25 14:05:37,675 INFO __main__: state={'hearts_full': 13, 'hearts_half': 0, 'health_ratio': 0.812, 'link_pos': [821, 462]}
2026-05-25 14:05:37,823 INFO __main__: state={'hearts_full': 13, 'hearts_half': 0, 'health_ratio': 0.812, 'link_pos': [821, 462]}
2026-05-25 14:05:37,974 INFO __main__: state={'hearts_full': 13, 'hearts_half': 0, 'health_ratio': 0.812, 'link_pos': [821, 462]}
2026-05-25 14:05:38,122 INFO __main__: state={'hearts_full': 13, 'hearts_half': 0, 'health_ratio': 0.812, 'link_pos': [821, 462]}
2026-05-25 14:05:38,271 INFO __main__: state={'hearts_full': 13, 'hearts_half': 0, 'health_ratio': 0.812, 'link_pos': [821, 462]}
2026-05-25 14:05:38,424 INFO __main__: state={'hearts_full': 13, 'hearts_half': 0, 'health_ratio': 0.812, 'link_pos': [821, 462]}
2026-05-25 14:05:38,574 INFO __main__: state={'hearts_full': 13, 'hearts_half': 0, 'health_ratio': 0.812, 'link_pos': [821, 462]}
2026-05-25 14:05:38,742 INFO __main__: state={'hearts_full': 13, 'hearts_half': 0, 'health_ratio': 0.812, 'link_pos': [821, 462]}
2026-05-25 14:05:38,890 INFO __main__: state={'hearts_full': 13, 'hearts_half': 0, 'health_ratio': 0.812, 'link_pos': [821, 462]}
2026-05-25 14:05:39,045 INFO __main__: state={'hearts_full': 13, 'hearts_half': 0, 'health_ratio': 0.812, 'link_pos': [821, 462]}
2026-05-25 14:05:39,190 INFO __main__: state={'hearts_full': 13, 'hearts_half': 0, 'health_ratio': 0.812, 'link_pos': [821, 462]}
2026-05-25 14:05:39,343 INFO __main__: state={'hearts_full': 13, 'hearts_half': 0, 'health_ratio': 0.812, 'link_pos': [821, 462]}
2026-05-25 14:05:39,488 INFO __main__: state={'hearts_full': 13, 'hearts_half': 0, 'health_ratio': 0.812, 'link_pos': [821, 462]}
2026-05-25 14:05:39,624 INFO __main__: state={'hearts_full': 13, 'hearts_half': 0, 'health_ratio': 0.812, 'link_pos': [821, 462]}
2026-05-25 14:05:39,790 INFO __main__: state={'hearts_full': 13, 'hearts_half': 0, 'health_ratio': 0.812, 'link_pos': [821, 462]}
2026-05-25 14:05:39,943 INFO __main__: state={'hearts_full': 13, 'hearts_half': 0, 'health_ratio': 0.812, 'link_pos': [821, 462]}
2026-05-25 14:05:40,134 INFO __main__: state={'hearts_full': 13, 'hearts_half': 0, 'health_ratio': 0.812, 'link_pos': [821, 462]}
2026-05-25 14:05:40,273 INFO __main__: state={'hearts_full': 13, 'hearts_half': 0, 'health_ratio': 0.812, 'link_pos': [821, 462]}
2026-05-25 14:05:40,422 INFO __main__: state={'hearts_full': 13, 'hearts_half': 0, 'health_ratio': 0.812, 'link_pos': [821, 462]}
2026-05-25 14:05:40,574 INFO __main__: state={'hearts_full': 13, 'hearts_half': 0, 'health_ratio': 0.812, 'link_pos': [821, 462]}
2026-05-25 14:05:40,732 INFO __main__: state={'hearts_full': 13, 'hearts_half': 0, 'health_ratio': 0.812, 'link_pos': [821, 462]}
2026-05-25 14:05:40,873 INFO __main__: state={'hearts_full': 13, 'hearts_half': 0, 'health_ratio': 0.812, 'link_pos': [821, 462]}
2026-05-25 14:05:41,028 INFO __main__: state={'hearts_full': 13, 'hearts_half': 0, 'health_ratio': 0.812, 'link_pos': [821, 462]}
2026-05-25 14:05:41,210 INFO __main__: state={'hearts_full': 13, 'hearts_half': 0, 'health_ratio': 0.812, 'link_pos': [821, 462]}
2026-05-25 14:05:41,358 INFO __main__: state={'hearts_full': 13, 'hearts_half': 0, 'health_ratio': 0.812, 'link_pos': [821, 462]}
2026-05-25 14:05:41,508 INFO __main__: state={'hearts_full': 8, 'hearts_half': 0, 'health_ratio': 0.5, 'link_pos': [273, 600]}
2026-05-25 14:05:41,650 INFO __main__: state={'hearts_full': 0, 'hearts_half': 0, 'health_ratio': 0.0, 'link_pos': None}
2026-05-25 14:05:41,650 WARNING games.zelda.policy: Low health | health_ratio=0.00 | task=Task(name='get_wooden_sword')
2026-05-25 14:05:41,801 INFO __main__: state={'hearts_full': 0, 'hearts_half': 0, 'health_ratio': 0.0, 'link_pos': None}
2026-05-25 14:05:41,802 WARNING games.zelda.policy: Low health | health_ratio=0.00 | task=Task(name='get_wooden_sword')
2026-05-25 14:05:41,943 INFO __main__: state={'hearts_full': 0, 'hearts_half': 0, 'health_ratio': 0.0, 'link_pos': None}
2026-05-25 14:05:41,944 WARNING games.zelda.policy: Low health | health_ratio=0.00 | task=Task(name='get_wooden_sword')
2026-05-25 14:05:42,092 INFO __main__: state={'hearts_full': 0, 'hearts_half': 0, 'health_ratio': 0.0, 'link_pos': None}
2026-05-25 14:05:42,093 WARNING games.zelda.policy: Low health | health_ratio=0.00 | task=Task(name='get_wooden_sword')
2026-05-25 14:05:42,235 INFO __main__: state={'hearts_full': 0, 'hearts_half': 0, 'health_ratio': 0.0, 'link_pos': None}
2026-05-25 14:05:42,235 WARNING games.zelda.policy: Low health | health_ratio=0.00 | task=Task(name='get_wooden_sword')
2026-05-25 14:05:42,381 INFO __main__: state={'hearts_full': 0, 'hearts_half': 0, 'health_ratio': 0.0, 'link_pos': None}
2026-05-25 14:05:42,381 WARNING games.zelda.policy: Low health | health_ratio=0.00 | task=Task(name='get_wooden_sword')
2026-05-25 14:05:42,531 INFO __main__: state={'hearts_full': 0, 'hearts_half': 0, 'health_ratio': 0.0, 'link_pos': None}
2026-05-25 14:05:42,531 WARNING games.zelda.policy: Low health | health_ratio=0.00 | task=Task(name='get_wooden_sword')
2026-05-25 14:05:42,669 INFO __main__: state={'hearts_full': 0, 'hearts_half': 0, 'health_ratio': 0.0, 'link_pos': None}
2026-05-25 14:05:42,669 WARNING games.zelda.policy: Low health | health_ratio=0.00 | task=Task(name='get_wooden_sword')
2026-05-25 14:05:42,798 INFO __main__: state={'hearts_full': 0, 'hearts_half': 0, 'health_ratio': 0.0, 'link_pos': None}
2026-05-25 14:05:42,798 WARNING games.zelda.policy: Low health | health_ratio=0.00 | task=Task(name='get_wooden_sword')
2026-05-25 14:05:42,935 INFO __main__: state={'hearts_full': 0, 'hearts_half': 0, 'health_ratio': 0.0, 'link_pos': None}
2026-05-25 14:05:42,935 WARNING games.zelda.policy: Low health | health_ratio=0.00 | task=Task(name='get_wooden_sword')
2026-05-25 14:05:43,087 INFO __main__: state={'hearts_full': 0, 'hearts_half': 0, 'health_ratio': 0.0, 'link_pos': None}
2026-05-25 14:05:43,087 WARNING games.zelda.policy: Low health | health_ratio=0.00 | task=Task(name='get_wooden_sword')
2026-05-25 14:05:43,236 INFO __main__: state={'hearts_full': 0, 'hearts_half': 0, 'health_ratio': 0.0, 'link_pos': None}
2026-05-25 14:05:43,237 WARNING games.zelda.policy: Low health | health_ratio=0.00 | task=Task(name='get_wooden_sword')
2026-05-25 14:05:43,369 INFO __main__: state={'hearts_full': 0, 'hearts_half': 0, 'health_ratio': 0.0, 'link_pos': None}
2026-05-25 14:05:43,369 WARNING games.zelda.policy: Low health | health_ratio=0.00 | task=Task(name='get_wooden_sword')
2026-05-25 14:05:43,500 INFO __main__: state={'hearts_full': 0, 'hearts_half': 0, 'health_ratio': 0.0, 'link_pos': None}
2026-05-25 14:05:43,500 WARNING games.zelda.policy: Low health | health_ratio=0.00 | task=Task(name='get_wooden_sword')
2026-05-25 14:05:43,635 INFO __main__: state={'hearts_full': 0, 'hearts_half': 0, 'health_ratio': 0.0, 'link_pos': None}
2026-05-25 14:05:43,635 WARNING games.zelda.policy: Low health | health_ratio=0.00 | task=Task(name='get_wooden_sword')
2026-05-25 14:05:43,772 INFO __main__: state={'hearts_full': 0, 'hearts_half': 0, 'health_ratio': 0.0, 'link_pos': None}
2026-05-25 14:05:43,772 WARNING games.zelda.policy: Low health | health_ratio=0.00 | task=Task(name='get_wooden_sword')
2026-05-25 14:05:43,900 INFO __main__: state={'hearts_full': 0, 'hearts_half': 0, 'health_ratio': 0.0, 'link_pos': None}
2026-05-25 14:05:43,900 WARNING games.zelda.policy: Low health | health_ratio=0.00 | task=Task(name='get_wooden_sword')
2026-05-25 14:05:44,086 INFO __main__: state={'hearts_full': 0, 'hearts_half': 0, 'health_ratio': 0.0, 'link_pos': None}
2026-05-25 14:05:44,086 WARNING games.zelda.policy: Low health | health_ratio=0.00 | task=Task(name='get_wooden_sword')
2026-05-25 14:05:44,287 INFO __main__: state={'hearts_full': 0, 'hearts_half': 0, 'health_ratio': 0.0, 'link_pos': None}
2026-05-25 14:05:44,288 WARNING games.zelda.policy: Low health | health_ratio=0.00 | task=Task(name='get_wooden_sword')
2026-05-25 14:05:44,436 INFO __main__: state={'hearts_full': 0, 'hearts_half': 0, 'health_ratio': 0.0, 'link_pos': None}
2026-05-25 14:05:44,436 WARNING games.zelda.policy: Low health | health_ratio=0.00 | task=Task(name='get_wooden_sword')
2026-05-25 14:05:44,567 INFO __main__: state={'hearts_full': 0, 'hearts_half': 0, 'health_ratio': 0.0, 'link_pos': None}
2026-05-25 14:05:44,568 WARNING games.zelda.policy: Low health | health_ratio=0.00 | task=Task(name='get_wooden_sword')
2026-05-25 14:05:44,717 INFO __main__: state={'hearts_full': 0, 'hearts_half': 0, 'health_ratio': 0.0, 'link_pos': None}
2026-05-25 14:05:44,717 WARNING games.zelda.policy: Low health | health_ratio=0.00 | task=Task(name='get_wooden_sword')
2026-05-25 14:05:44,850 INFO __main__: state={'hearts_full': 0, 'hearts_half': 0, 'health_ratio': 0.0, 'link_pos': None}
2026-05-25 14:05:44,851 WARNING games.zelda.policy: Low health | health_ratio=0.00 | task=Task(name='get_wooden_sword')
2026-05-25 14:05:45,009 INFO __main__: state={'hearts_full': 0, 'hearts_half': 0, 'health_ratio': 0.0, 'link_pos': None}
2026-05-25 14:05:45,009 WARNING games.zelda.policy: Low health | health_ratio=0.00 | task=Task(name='get_wooden_sword')
2026-05-25 14:05:45,159 INFO __main__: state={'hearts_full': 0, 'hearts_half': 0, 'health_ratio': 0.0, 'link_pos': None}
2026-05-25 14:05:45,160 WARNING games.zelda.policy: Low health | health_ratio=0.00 | task=Task(name='get_wooden_sword')
2026-05-25 14:07:39,310 INFO games.zelda.policy: ZeldaPolicy initialized | [zelda_opening] 1/4: get_wooden_sword
2026-05-25 14:07:39,415 INFO __main__: Detected region: x=32, y=334, w=879, h=672
2026-05-25 14:07:39,415 INFO __main__: Detected 'RetroArch QuickNES 1.0-WIP 7178256' at region (32, 334, 879, 672)
2026-05-25 14:07:39,418 INFO __main__: ScreenCapture region: (32, 334, 879, 672)
2026-05-25 14:07:39,418 INFO __main__: Starting loop at 30 FPS
2026-05-25 14:07:39,569 INFO __main__: state={'hearts_full': 3, 'hearts_half': 0, 'health_ratio': 0.188, 'link_pos': [824, 488]}
2026-05-25 14:07:39,570 WARNING games.zelda.policy: Low health | health_ratio=0.19 | task=Task(name='get_wooden_sword')
2026-05-25 14:07:39,776 INFO __main__: state={'hearts_full': 3, 'hearts_half': 0, 'health_ratio': 0.188, 'link_pos': [824, 488]}
2026-05-25 14:07:39,777 WARNING games.zelda.policy: Low health | health_ratio=0.19 | task=Task(name='get_wooden_sword')
2026-05-25 14:07:39,926 INFO __main__: state={'hearts_full': 3, 'hearts_half': 0, 'health_ratio': 0.188, 'link_pos': [824, 488]}
2026-05-25 14:07:39,927 WARNING games.zelda.policy: Low health | health_ratio=0.19 | task=Task(name='get_wooden_sword')
2026-05-25 14:07:40,088 INFO __main__: state={'hearts_full': 3, 'hearts_half': 0, 'health_ratio': 0.188, 'link_pos': [824, 488]}
2026-05-25 14:07:40,088 WARNING games.zelda.policy: Low health | health_ratio=0.19 | task=Task(name='get_wooden_sword')
2026-05-25 14:07:40,252 INFO __main__: state={'hearts_full': 3, 'hearts_half': 0, 'health_ratio': 0.188, 'link_pos': [824, 488]}
2026-05-25 14:07:40,252 WARNING games.zelda.policy: Low health | health_ratio=0.19 | task=Task(name='get_wooden_sword')
2026-05-25 14:07:40,420 INFO __main__: state={'hearts_full': 3, 'hearts_half': 0, 'health_ratio': 0.188, 'link_pos': [824, 488]}
2026-05-25 14:07:40,420 WARNING games.zelda.policy: Low health | health_ratio=0.19 | task=Task(name='get_wooden_sword')
2026-05-25 14:07:40,571 INFO __main__: state={'hearts_full': 3, 'hearts_half': 0, 'health_ratio': 0.188, 'link_pos': [824, 488]}
2026-05-25 14:07:40,571 WARNING games.zelda.policy: Low health | health_ratio=0.19 | task=Task(name='get_wooden_sword')
2026-05-25 14:07:40,725 INFO __main__: state={'hearts_full': 3, 'hearts_half': 0, 'health_ratio': 0.188, 'link_pos': [824, 488]}
2026-05-25 14:07:40,725 WARNING games.zelda.policy: Low health | health_ratio=0.19 | task=Task(name='get_wooden_sword')
2026-05-25 14:07:40,892 INFO __main__: state={'hearts_full': 3, 'hearts_half': 0, 'health_ratio': 0.188, 'link_pos': [824, 488]}
2026-05-25 14:07:40,892 WARNING games.zelda.policy: Low health | health_ratio=0.19 | task=Task(name='get_wooden_sword')
2026-05-25 14:07:41,079 INFO __main__: state={'hearts_full': 3, 'hearts_half': 0, 'health_ratio': 0.188, 'link_pos': [824, 488]}
2026-05-25 14:07:41,079 WARNING games.zelda.policy: Low health | health_ratio=0.19 | task=Task(name='get_wooden_sword')
2026-05-25 14:07:41,249 INFO __main__: state={'hearts_full': 3, 'hearts_half': 0, 'health_ratio': 0.188, 'link_pos': [824, 488]}
2026-05-25 14:07:41,249 WARNING games.zelda.policy: Low health | health_ratio=0.19 | task=Task(name='get_wooden_sword')
2026-05-25 14:07:41,410 INFO __main__: state={'hearts_full': 3, 'hearts_half': 0, 'health_ratio': 0.188, 'link_pos': [824, 488]}
2026-05-25 14:07:41,410 WARNING games.zelda.policy: Low health | health_ratio=0.19 | task=Task(name='get_wooden_sword')
2026-05-25 14:07:41,578 INFO __main__: state={'hearts_full': 3, 'hearts_half': 0, 'health_ratio': 0.188, 'link_pos': [824, 488]}
2026-05-25 14:07:41,578 WARNING games.zelda.policy: Low health | health_ratio=0.19 | task=Task(name='get_wooden_sword')
2026-05-25 14:07:41,730 INFO __main__: state={'hearts_full': 3, 'hearts_half': 0, 'health_ratio': 0.188, 'link_pos': [824, 488]}
2026-05-25 14:07:41,731 WARNING games.zelda.policy: Low health | health_ratio=0.19 | task=Task(name='get_wooden_sword')
2026-05-25 14:07:41,892 INFO __main__: state={'hearts_full': 3, 'hearts_half': 0, 'health_ratio': 0.188, 'link_pos': [824, 488]}
2026-05-25 14:07:41,893 WARNING games.zelda.policy: Low health | health_ratio=0.19 | task=Task(name='get_wooden_sword')
2026-05-25 14:07:42,043 INFO __main__: state={'hearts_full': 3, 'hearts_half': 0, 'health_ratio': 0.188, 'link_pos': [824, 488]}
2026-05-25 14:07:42,043 WARNING games.zelda.policy: Low health | health_ratio=0.19 | task=Task(name='get_wooden_sword')
2026-05-25 14:07:42,218 INFO __main__: state={'hearts_full': 3, 'hearts_half': 0, 'health_ratio': 0.188, 'link_pos': [824, 488]}
2026-05-25 14:07:42,218 WARNING games.zelda.policy: Low health | health_ratio=0.19 | task=Task(name='get_wooden_sword')
2026-05-25 14:07:42,385 INFO __main__: state={'hearts_full': 3, 'hearts_half': 0, 'health_ratio': 0.188, 'link_pos': [824, 488]}
2026-05-25 14:07:42,385 WARNING games.zelda.policy: Low health | health_ratio=0.19 | task=Task(name='get_wooden_sword')
2026-05-25 14:07:42,543 INFO __main__: state={'hearts_full': 3, 'hearts_half': 0, 'health_ratio': 0.188, 'link_pos': [824, 488]}
2026-05-25 14:07:42,544 WARNING games.zelda.policy: Low health | health_ratio=0.19 | task=Task(name='get_wooden_sword')
2026-05-25 14:07:42,697 INFO __main__: state={'hearts_full': 3, 'hearts_half': 0, 'health_ratio': 0.188, 'link_pos': [824, 488]}
2026-05-25 14:07:42,698 WARNING games.zelda.policy: Low health | health_ratio=0.19 | task=Task(name='get_wooden_sword')
2026-05-25 14:07:42,847 INFO __main__: state={'hearts_full': 3, 'hearts_half': 0, 'health_ratio': 0.188, 'link_pos': [824, 488]}
2026-05-25 14:07:42,847 WARNING games.zelda.policy: Low health | health_ratio=0.19 | task=Task(name='get_wooden_sword')
2026-05-25 14:07:42,995 INFO __main__: state={'hearts_full': 3, 'hearts_half': 0, 'health_ratio': 0.188, 'link_pos': [824, 488]}
2026-05-25 14:07:42,996 WARNING games.zelda.policy: Low health | health_ratio=0.19 | task=Task(name='get_wooden_sword')
2026-05-25 14:07:43,163 INFO __main__: state={'hearts_full': 3, 'hearts_half': 0, 'health_ratio': 0.188, 'link_pos': [824, 488]}
2026-05-25 14:07:43,163 WARNING games.zelda.policy: Low health | health_ratio=0.19 | task=Task(name='get_wooden_sword')
2026-05-25 14:07:43,317 INFO __main__: state={'hearts_full': 3, 'hearts_half': 0, 'health_ratio': 0.188, 'link_pos': [824, 488]}
2026-05-25 14:07:43,317 WARNING games.zelda.policy: Low health | health_ratio=0.19 | task=Task(name='get_wooden_sword')
2026-05-25 14:07:43,480 INFO __main__: state={'hearts_full': 3, 'hearts_half': 0, 'health_ratio': 0.188, 'link_pos': [824, 488]}
2026-05-25 14:07:43,481 WARNING games.zelda.policy: Low health | health_ratio=0.19 | task=Task(name='get_wooden_sword')
2026-05-25 14:07:43,631 INFO __main__: state={'hearts_full': 3, 'hearts_half': 0, 'health_ratio': 0.188, 'link_pos': [824, 488]}
2026-05-25 14:07:43,631 WARNING games.zelda.policy: Low health | health_ratio=0.19 | task=Task(name='get_wooden_sword')
2026-05-25 14:07:43,799 INFO __main__: state={'hearts_full': 3, 'hearts_half': 0, 'health_ratio': 0.188, 'link_pos': [824, 488]}
2026-05-25 14:07:43,799 WARNING games.zelda.policy: Low health | health_ratio=0.19 | task=Task(name='get_wooden_sword')
2026-05-25 14:07:43,959 INFO __main__: state={'hearts_full': 3, 'hearts_half': 0, 'health_ratio': 0.188, 'link_pos': [824, 488]}
2026-05-25 14:07:43,959 WARNING games.zelda.policy: Low health | health_ratio=0.19 | task=Task(name='get_wooden_sword')
2026-05-25 14:07:44,112 INFO __main__: state={'hearts_full': 3, 'hearts_half': 0, 'health_ratio': 0.188, 'link_pos': [824, 488]}
2026-05-25 14:07:44,113 WARNING games.zelda.policy: Low health | health_ratio=0.19 | task=Task(name='get_wooden_sword')
2026-05-25 14:07:44,262 INFO __main__: state={'hearts_full': 3, 'hearts_half': 0, 'health_ratio': 0.188, 'link_pos': [824, 488]}
2026-05-25 14:07:44,262 WARNING games.zelda.policy: Low health | health_ratio=0.19 | task=Task(name='get_wooden_sword')
2026-05-25 14:07:44,433 INFO __main__: state={'hearts_full': 3, 'hearts_half': 0, 'health_ratio': 0.188, 'link_pos': [824, 488]}
2026-05-25 14:07:44,434 WARNING games.zelda.policy: Low health | health_ratio=0.19 | task=Task(name='get_wooden_sword')
2026-05-25 14:07:44,623 INFO __main__: state={'hearts_full': 3, 'hearts_half': 0, 'health_ratio': 0.188, 'link_pos': [824, 488]}
2026-05-25 14:07:44,623 WARNING games.zelda.policy: Low health | health_ratio=0.19 | task=Task(name='get_wooden_sword')
2026-05-25 14:07:44,770 INFO __main__: state={'hearts_full': 3, 'hearts_half': 0, 'health_ratio': 0.188, 'link_pos': [824, 488]}
2026-05-25 14:07:44,770 WARNING games.zelda.policy: Low health | health_ratio=0.19 | task=Task(name='get_wooden_sword')
2026-05-25 14:07:44,932 INFO __main__: state={'hearts_full': 3, 'hearts_half': 0, 'health_ratio': 0.188, 'link_pos': [824, 488]}
2026-05-25 14:07:44,932 WARNING games.zelda.policy: Low health | health_ratio=0.19 | task=Task(name='get_wooden_sword')
2026-05-25 14:07:45,084 INFO __main__: state={'hearts_full': 3, 'hearts_half': 0, 'health_ratio': 0.188, 'link_pos': [824, 488]}
2026-05-25 14:07:45,085 WARNING games.zelda.policy: Low health | health_ratio=0.19 | task=Task(name='get_wooden_sword')
2026-05-25 14:07:45,234 INFO __main__: state={'hearts_full': 3, 'hearts_half': 0, 'health_ratio': 0.188, 'link_pos': [824, 488]}
2026-05-25 14:07:45,235 WARNING games.zelda.policy: Low health | health_ratio=0.19 | task=Task(name='get_wooden_sword')
2026-05-25 14:07:45,388 INFO __main__: state={'hearts_full': 3, 'hearts_half': 0, 'health_ratio': 0.188, 'link_pos': [824, 488]}
2026-05-25 14:07:45,388 WARNING games.zelda.policy: Low health | health_ratio=0.19 | task=Task(name='get_wooden_sword')
2026-05-25 14:07:45,535 INFO __main__: state={'hearts_full': 3, 'hearts_half': 0, 'health_ratio': 0.188, 'link_pos': [824, 488]}
2026-05-25 14:07:45,536 WARNING games.zelda.policy: Low health | health_ratio=0.19 | task=Task(name='get_wooden_sword')
2026-05-25 14:07:45,689 INFO __main__: state={'hearts_full': 3, 'hearts_half': 0, 'health_ratio': 0.188, 'link_pos': [824, 488]}
2026-05-25 14:07:45,689 WARNING games.zelda.policy: Low health | health_ratio=0.19 | task=Task(name='get_wooden_sword')
2026-05-25 14:07:45,834 INFO __main__: state={'hearts_full': 3, 'hearts_half': 0, 'health_ratio': 0.188, 'link_pos': [824, 488]}
2026-05-25 14:07:45,835 WARNING games.zelda.policy: Low health | health_ratio=0.19 | task=Task(name='get_wooden_sword')
2026-05-25 14:07:45,992 INFO __main__: state={'hearts_full': 3, 'hearts_half': 0, 'health_ratio': 0.188, 'link_pos': [824, 488]}
2026-05-25 14:07:45,993 WARNING games.zelda.policy: Low health | health_ratio=0.19 | task=Task(name='get_wooden_sword')
2026-05-25 14:07:46,155 INFO __main__: state={'hearts_full': 3, 'hearts_half': 0, 'health_ratio': 0.188, 'link_pos': [824, 488]}
2026-05-25 14:07:46,155 WARNING games.zelda.policy: Low health | health_ratio=0.19 | task=Task(name='get_wooden_sword')
2026-05-25 14:07:46,317 INFO __main__: state={'hearts_full': 3, 'hearts_half': 0, 'health_ratio': 0.188, 'link_pos': [824, 488]}
2026-05-25 14:07:46,318 WARNING games.zelda.policy: Low health | health_ratio=0.19 | task=Task(name='get_wooden_sword')
2026-05-25 14:07:46,467 INFO __main__: state={'hearts_full': 3, 'hearts_half': 0, 'health_ratio': 0.188, 'link_pos': [824, 488]}
2026-05-25 14:07:46,467 WARNING games.zelda.policy: Low health | health_ratio=0.19 | task=Task(name='get_wooden_sword')
2026-05-25 14:07:46,620 INFO __main__: state={'hearts_full': 3, 'hearts_half': 0, 'health_ratio': 0.188, 'link_pos': [824, 488]}
2026-05-25 14:07:46,620 WARNING games.zelda.policy: Low health | health_ratio=0.19 | task=Task(name='get_wooden_sword')
2026-05-25 14:07:46,785 INFO __main__: state={'hearts_full': 3, 'hearts_half': 0, 'health_ratio': 0.188, 'link_pos': [824, 488]}
2026-05-25 14:07:46,786 WARNING games.zelda.policy: Low health | health_ratio=0.19 | task=Task(name='get_wooden_sword')
2026-05-25 14:07:46,936 INFO __main__: state={'hearts_full': 3, 'hearts_half': 0, 'health_ratio': 0.188, 'link_pos': [824, 488]}
2026-05-25 14:07:46,936 WARNING games.zelda.policy: Low health | health_ratio=0.19 | task=Task(name='get_wooden_sword')
2026-05-25 14:07:47,086 INFO __main__: state={'hearts_full': 3, 'hearts_half': 0, 'health_ratio': 0.188, 'link_pos': [824, 488]}
2026-05-25 14:07:47,087 WARNING games.zelda.policy: Low health | health_ratio=0.19 | task=Task(name='get_wooden_sword')
2026-05-25 14:07:47,237 INFO __main__: state={'hearts_full': 3, 'hearts_half': 0, 'health_ratio': 0.188, 'link_pos': [824, 488]}
2026-05-25 14:07:47,237 WARNING games.zelda.policy: Low health | health_ratio=0.19 | task=Task(name='get_wooden_sword')
2026-05-25 14:07:47,387 INFO __main__: state={'hearts_full': 3, 'hearts_half': 0, 'health_ratio': 0.188, 'link_pos': [824, 488]}
2026-05-25 14:07:47,387 WARNING games.zelda.policy: Low health | health_ratio=0.19 | task=Task(name='get_wooden_sword')
2026-05-25 14:07:47,537 INFO __main__: state={'hearts_full': 3, 'hearts_half': 0, 'health_ratio': 0.188, 'link_pos': [824, 488]}
2026-05-25 14:07:47,538 WARNING games.zelda.policy: Low health | health_ratio=0.19 | task=Task(name='get_wooden_sword')
2026-05-25 14:07:47,695 INFO __main__: state={'hearts_full': 3, 'hearts_half': 0, 'health_ratio': 0.188, 'link_pos': [824, 488]}
2026-05-25 14:07:47,695 WARNING games.zelda.policy: Low health | health_ratio=0.19 | task=Task(name='get_wooden_sword')
2026-05-25 14:07:47,850 INFO __main__: state={'hearts_full': 3, 'hearts_half': 0, 'health_ratio': 0.188, 'link_pos': [824, 488]}
2026-05-25 14:07:47,851 WARNING games.zelda.policy: Low health | health_ratio=0.19 | task=Task(name='get_wooden_sword')
2026-05-25 14:07:48,005 INFO __main__: state={'hearts_full': 3, 'hearts_half': 0, 'health_ratio': 0.188, 'link_pos': [824, 488]}
2026-05-25 14:07:48,005 WARNING games.zelda.policy: Low health | health_ratio=0.19 | task=Task(name='get_wooden_sword')
2026-05-25 14:07:48,159 INFO __main__: state={'hearts_full': 3, 'hearts_half': 0, 'health_ratio': 0.188, 'link_pos': [824, 488]}
2026-05-25 14:07:48,160 WARNING games.zelda.policy: Low health | health_ratio=0.19 | task=Task(name='get_wooden_sword')
2026-05-25 14:07:48,316 INFO __main__: state={'hearts_full': 3, 'hearts_half': 0, 'health_ratio': 0.188, 'link_pos': [824, 488]}
2026-05-25 14:07:48,317 WARNING games.zelda.policy: Low health | health_ratio=0.19 | task=Task(name='get_wooden_sword')
2026-05-25 14:07:48,472 INFO __main__: state={'hearts_full': 3, 'hearts_half': 0, 'health_ratio': 0.188, 'link_pos': [824, 488]}
2026-05-25 14:07:48,472 WARNING games.zelda.policy: Low health | health_ratio=0.19 | task=Task(name='get_wooden_sword')
2026-05-25 14:07:48,618 INFO __main__: state={'hearts_full': 3, 'hearts_half': 0, 'health_ratio': 0.188, 'link_pos': [824, 488]}
2026-05-25 14:07:48,618 WARNING games.zelda.policy: Low health | health_ratio=0.19 | task=Task(name='get_wooden_sword')
2026-05-25 14:07:48,770 INFO __main__: state={'hearts_full': 3, 'hearts_half': 0, 'health_ratio': 0.188, 'link_pos': [824, 488]}
2026-05-25 14:07:48,771 WARNING games.zelda.policy: Low health | health_ratio=0.19 | task=Task(name='get_wooden_sword')
2026-05-25 14:07:48,925 INFO __main__: state={'hearts_full': 3, 'hearts_half': 0, 'health_ratio': 0.188, 'link_pos': [824, 488]}
2026-05-25 14:07:48,926 WARNING games.zelda.policy: Low health | health_ratio=0.19 | task=Task(name='get_wooden_sword')
2026-05-25 14:07:49,073 INFO __main__: state={'hearts_full': 3, 'hearts_half': 0, 'health_ratio': 0.188, 'link_pos': [824, 488]}
2026-05-25 14:07:49,074 WARNING games.zelda.policy: Low health | health_ratio=0.19 | task=Task(name='get_wooden_sword')
2026-05-25 14:07:49,219 INFO __main__: state={'hearts_full': 3, 'hearts_half': 0, 'health_ratio': 0.188, 'link_pos': [824, 488]}
2026-05-25 14:07:49,219 WARNING games.zelda.policy: Low health | health_ratio=0.19 | task=Task(name='get_wooden_sword')
2026-05-25 14:07:49,370 INFO __main__: state={'hearts_full': 3, 'hearts_half': 0, 'health_ratio': 0.188, 'link_pos': [824, 488]}
2026-05-25 14:07:49,370 WARNING games.zelda.policy: Low health | health_ratio=0.19 | task=Task(name='get_wooden_sword')
2026-05-25 14:07:49,537 INFO __main__: state={'hearts_full': 3, 'hearts_half': 0, 'health_ratio': 0.188, 'link_pos': [824, 488]}
2026-05-25 14:07:49,538 WARNING games.zelda.policy: Low health | health_ratio=0.19 | task=Task(name='get_wooden_sword')
2026-05-25 14:07:49,708 INFO __main__: state={'hearts_full': 3, 'hearts_half': 0, 'health_ratio': 0.188, 'link_pos': [824, 488]}
2026-05-25 14:07:49,708 WARNING games.zelda.policy: Low health | health_ratio=0.19 | task=Task(name='get_wooden_sword')
2026-05-25 14:07:49,856 INFO __main__: state={'hearts_full': 3, 'hearts_half': 0, 'health_ratio': 0.188, 'link_pos': [824, 488]}
2026-05-25 14:07:49,856 WARNING games.zelda.policy: Low health | health_ratio=0.19 | task=Task(name='get_wooden_sword')
2026-05-25 14:07:50,020 INFO __main__: state={'hearts_full': 3, 'hearts_half': 0, 'health_ratio': 0.188, 'link_pos': [824, 488]}
2026-05-25 14:07:50,020 WARNING games.zelda.policy: Low health | health_ratio=0.19 | task=Task(name='get_wooden_sword')
2026-05-25 14:07:50,170 INFO __main__: state={'hearts_full': 3, 'hearts_half': 0, 'health_ratio': 0.188, 'link_pos': [824, 488]}
2026-05-25 14:07:50,170 WARNING games.zelda.policy: Low health | health_ratio=0.19 | task=Task(name='get_wooden_sword')
2026-05-25 14:07:50,319 INFO __main__: state={'hearts_full': 3, 'hearts_half': 0, 'health_ratio': 0.188, 'link_pos': [824, 488]}
2026-05-25 14:07:50,319 WARNING games.zelda.policy: Low health | health_ratio=0.19 | task=Task(name='get_wooden_sword')
2026-05-25 14:07:50,471 INFO __main__: state={'hearts_full': 3, 'hearts_half': 0, 'health_ratio': 0.188, 'link_pos': [824, 488]}
2026-05-25 14:07:50,471 WARNING games.zelda.policy: Low health | health_ratio=0.19 | task=Task(name='get_wooden_sword')
2026-05-25 14:07:50,624 INFO __main__: state={'hearts_full': 3, 'hearts_half': 0, 'health_ratio': 0.188, 'link_pos': [824, 488]}
2026-05-25 14:07:50,624 WARNING games.zelda.policy: Low health | health_ratio=0.19 | task=Task(name='get_wooden_sword')
2026-05-25 14:07:50,769 INFO __main__: state={'hearts_full': 3, 'hearts_half': 0, 'health_ratio': 0.188, 'link_pos': [824, 488]}
2026-05-25 14:07:50,769 WARNING games.zelda.policy: Low health | health_ratio=0.19 | task=Task(name='get_wooden_sword')
2026-05-25 14:07:50,927 INFO __main__: state={'hearts_full': 3, 'hearts_half': 0, 'health_ratio': 0.188, 'link_pos': [824, 488]}
2026-05-25 14:07:50,928 WARNING games.zelda.policy: Low health | health_ratio=0.19 | task=Task(name='get_wooden_sword')
2026-05-25 14:07:51,070 INFO __main__: state={'hearts_full': 3, 'hearts_half': 0, 'health_ratio': 0.188, 'link_pos': [824, 488]}
2026-05-25 14:07:51,071 WARNING games.zelda.policy: Low health | health_ratio=0.19 | task=Task(name='get_wooden_sword')
2026-05-25 14:07:51,220 INFO __main__: state={'hearts_full': 3, 'hearts_half': 0, 'health_ratio': 0.188, 'link_pos': [824, 488]}
2026-05-25 14:07:51,221 WARNING games.zelda.policy: Low health | health_ratio=0.19 | task=Task(name='get_wooden_sword')
2026-05-25 14:07:51,369 INFO __main__: state={'hearts_full': 3, 'hearts_half': 0, 'health_ratio': 0.188, 'link_pos': [824, 488]}
2026-05-25 14:07:51,370 WARNING games.zelda.policy: Low health | health_ratio=0.19 | task=Task(name='get_wooden_sword')
2026-05-25 14:07:51,521 INFO __main__: state={'hearts_full': 3, 'hearts_half': 0, 'health_ratio': 0.188, 'link_pos': [824, 488]}
2026-05-25 14:07:51,521 WARNING games.zelda.policy: Low health | health_ratio=0.19 | task=Task(name='get_wooden_sword')
2026-05-25 14:07:51,669 INFO __main__: state={'hearts_full': 3, 'hearts_half': 0, 'health_ratio': 0.188, 'link_pos': [824, 488]}
2026-05-25 14:07:51,669 WARNING games.zelda.policy: Low health | health_ratio=0.19 | task=Task(name='get_wooden_sword')
2026-05-25 14:07:51,817 INFO __main__: state={'hearts_full': 3, 'hearts_half': 0, 'health_ratio': 0.188, 'link_pos': [824, 488]}
2026-05-25 14:07:51,818 WARNING games.zelda.policy: Low health | health_ratio=0.19 | task=Task(name='get_wooden_sword')
2026-05-25 14:07:51,975 INFO __main__: state={'hearts_full': 3, 'hearts_half': 0, 'health_ratio': 0.188, 'link_pos': [824, 488]}
2026-05-25 14:07:51,975 WARNING games.zelda.policy: Low health | health_ratio=0.19 | task=Task(name='get_wooden_sword')
2026-05-25 14:07:52,142 INFO __main__: state={'hearts_full': 3, 'hearts_half': 0, 'health_ratio': 0.188, 'link_pos': [824, 488]}
2026-05-25 14:07:52,142 WARNING games.zelda.policy: Low health | health_ratio=0.19 | task=Task(name='get_wooden_sword')
2026-05-25 14:07:52,300 INFO __main__: state={'hearts_full': 3, 'hearts_half': 0, 'health_ratio': 0.188, 'link_pos': [824, 488]}
2026-05-25 14:07:52,301 WARNING games.zelda.policy: Low health | health_ratio=0.19 | task=Task(name='get_wooden_sword')
2026-05-25 14:07:52,451 INFO __main__: state={'hearts_full': 3, 'hearts_half': 0, 'health_ratio': 0.188, 'link_pos': [824, 488]}
2026-05-25 14:07:52,451 WARNING games.zelda.policy: Low health | health_ratio=0.19 | task=Task(name='get_wooden_sword')
2026-05-25 14:07:52,603 INFO __main__: state={'hearts_full': 3, 'hearts_half': 0, 'health_ratio': 0.188, 'link_pos': [824, 488]}
2026-05-25 14:07:52,603 WARNING games.zelda.policy: Low health | health_ratio=0.19 | task=Task(name='get_wooden_sword')
2026-05-25 14:07:52,760 INFO __main__: state={'hearts_full': 3, 'hearts_half': 0, 'health_ratio': 0.188, 'link_pos': [824, 488]}
2026-05-25 14:07:52,761 WARNING games.zelda.policy: Low health | health_ratio=0.19 | task=Task(name='get_wooden_sword')
2026-05-25 14:07:52,917 INFO __main__: state={'hearts_full': 3, 'hearts_half': 0, 'health_ratio': 0.188, 'link_pos': [824, 488]}
2026-05-25 14:07:52,917 WARNING games.zelda.policy: Low health | health_ratio=0.19 | task=Task(name='get_wooden_sword')
2026-05-25 14:07:53,072 INFO __main__: state={'hearts_full': 3, 'hearts_half': 0, 'health_ratio': 0.188, 'link_pos': [824, 488]}
2026-05-25 14:07:53,072 WARNING games.zelda.policy: Low health | health_ratio=0.19 | task=Task(name='get_wooden_sword')
2026-05-25 14:07:53,227 INFO __main__: state={'hearts_full': 3, 'hearts_half': 0, 'health_ratio': 0.188, 'link_pos': [824, 488]}
2026-05-25 14:07:53,227 WARNING games.zelda.policy: Low health | health_ratio=0.19 | task=Task(name='get_wooden_sword')
2026-05-25 14:07:53,383 INFO __main__: state={'hearts_full': 3, 'hearts_half': 0, 'health_ratio': 0.188, 'link_pos': [824, 488]}
2026-05-25 14:07:53,383 WARNING games.zelda.policy: Low health | health_ratio=0.19 | task=Task(name='get_wooden_sword')
2026-05-25 14:07:53,542 INFO __main__: state={'hearts_full': 3, 'hearts_half': 0, 'health_ratio': 0.188, 'link_pos': [824, 488]}
2026-05-25 14:07:53,542 WARNING games.zelda.policy: Low health | health_ratio=0.19 | task=Task(name='get_wooden_sword')
2026-05-25 14:07:53,709 INFO __main__: state={'hearts_full': 3, 'hearts_half': 0, 'health_ratio': 0.188, 'link_pos': [824, 488]}
2026-05-25 14:07:53,709 WARNING games.zelda.policy: Low health | health_ratio=0.19 | task=Task(name='get_wooden_sword')
2026-05-25 14:07:53,860 INFO __main__: state={'hearts_full': 3, 'hearts_half': 0, 'health_ratio': 0.188, 'link_pos': [824, 488]}
2026-05-25 14:07:53,860 WARNING games.zelda.policy: Low health | health_ratio=0.19 | task=Task(name='get_wooden_sword')
2026-05-25 14:07:54,006 INFO __main__: state={'hearts_full': 3, 'hearts_half': 0, 'health_ratio': 0.188, 'link_pos': [824, 488]}
2026-05-25 14:07:54,006 WARNING games.zelda.policy: Low health | health_ratio=0.19 | task=Task(name='get_wooden_sword')
2026-05-25 14:07:54,173 INFO __main__: state={'hearts_full': 3, 'hearts_half': 0, 'health_ratio': 0.188, 'link_pos': [824, 488]}
2026-05-25 14:07:54,173 WARNING games.zelda.policy: Low health | health_ratio=0.19 | task=Task(name='get_wooden_sword')
2026-05-25 14:07:54,329 INFO __main__: state={'hearts_full': 3, 'hearts_half': 0, 'health_ratio': 0.188, 'link_pos': [824, 488]}
2026-05-25 14:07:54,329 WARNING games.zelda.policy: Low health | health_ratio=0.19 | task=Task(name='get_wooden_sword')
2026-05-25 14:07:54,487 INFO __main__: state={'hearts_full': 3, 'hearts_half': 0, 'health_ratio': 0.188, 'link_pos': [824, 488]}
2026-05-25 14:07:54,488 WARNING games.zelda.policy: Low health | health_ratio=0.19 | task=Task(name='get_wooden_sword')
2026-05-25 14:07:54,641 INFO __main__: state={'hearts_full': 3, 'hearts_half': 0, 'health_ratio': 0.188, 'link_pos': [824, 488]}
2026-05-25 14:07:54,642 WARNING games.zelda.policy: Low health | health_ratio=0.19 | task=Task(name='get_wooden_sword')
2026-05-25 14:07:54,800 INFO __main__: state={'hearts_full': 3, 'hearts_half': 0, 'health_ratio': 0.188, 'link_pos': [824, 488]}
2026-05-25 14:07:54,800 WARNING games.zelda.policy: Low health | health_ratio=0.19 | task=Task(name='get_wooden_sword')
2026-05-25 14:07:54,957 INFO __main__: state={'hearts_full': 3, 'hearts_half': 0, 'health_ratio': 0.188, 'link_pos': [824, 488]}
2026-05-25 14:07:54,958 WARNING games.zelda.policy: Low health | health_ratio=0.19 | task=Task(name='get_wooden_sword')
2026-05-25 14:07:55,118 INFO __main__: state={'hearts_full': 3, 'hearts_half': 0, 'health_ratio': 0.188, 'link_pos': [824, 488]}
2026-05-25 14:07:55,118 WARNING games.zelda.policy: Low health | health_ratio=0.19 | task=Task(name='get_wooden_sword')
2026-05-25 14:07:55,269 INFO __main__: state={'hearts_full': 3, 'hearts_half': 0, 'health_ratio': 0.188, 'link_pos': [824, 488]}
2026-05-25 14:07:55,269 WARNING games.zelda.policy: Low health | health_ratio=0.19 | task=Task(name='get_wooden_sword')
2026-05-25 14:07:55,435 INFO __main__: state={'hearts_full': 3, 'hearts_half': 0, 'health_ratio': 0.188, 'link_pos': [824, 488]}
2026-05-25 14:07:55,436 WARNING games.zelda.policy: Low health | health_ratio=0.19 | task=Task(name='get_wooden_sword')
2026-05-25 14:10:45,323 INFO games.zelda.policy: ZeldaPolicy initialized | [zelda_opening] 1/4: get_wooden_sword
2026-05-25 14:10:45,428 INFO __main__: Detected region: x=32, y=334, w=879, h=672
2026-05-25 14:10:45,428 INFO __main__: Detected 'RetroArch QuickNES 1.0-WIP 7178256' at region (32, 334, 879, 672)
2026-05-25 14:10:45,432 INFO __main__: ScreenCapture region: (32, 334, 879, 672)
2026-05-25 14:10:45,432 INFO __main__: Starting loop at 30 FPS
2026-05-25 14:10:45,574 INFO __main__: link_blobs={'region': None, 'blobs_found': 249, 'mask_coverage': 0.2225}
2026-05-25 14:10:45,575 WARNING games.zelda.policy: Low health | health_ratio=0.19 | task=Task(name='get_wooden_sword')
2026-05-25 14:10:45,766 INFO __main__: link_blobs={'region': None, 'blobs_found': 249, 'mask_coverage': 0.2225}
2026-05-25 14:10:45,766 WARNING games.zelda.policy: Low health | health_ratio=0.19 | task=Task(name='get_wooden_sword')
2026-05-25 14:10:45,915 INFO __main__: link_blobs={'region': None, 'blobs_found': 249, 'mask_coverage': 0.2225}
2026-05-25 14:10:45,915 WARNING games.zelda.policy: Low health | health_ratio=0.19 | task=Task(name='get_wooden_sword')
2026-05-25 14:10:46,062 INFO __main__: link_blobs={'region': None, 'blobs_found': 249, 'mask_coverage': 0.2225}
2026-05-25 14:10:46,062 WARNING games.zelda.policy: Low health | health_ratio=0.19 | task=Task(name='get_wooden_sword')
2026-05-25 14:10:46,211 INFO __main__: link_blobs={'region': None, 'blobs_found': 249, 'mask_coverage': 0.2225}
2026-05-25 14:10:46,212 WARNING games.zelda.policy: Low health | health_ratio=0.19 | task=Task(name='get_wooden_sword')
2026-05-25 14:10:46,361 INFO __main__: link_blobs={'region': None, 'blobs_found': 249, 'mask_coverage': 0.2225}
2026-05-25 14:10:46,361 WARNING games.zelda.policy: Low health | health_ratio=0.19 | task=Task(name='get_wooden_sword')
2026-05-25 14:10:46,510 INFO __main__: link_blobs={'region': None, 'blobs_found': 249, 'mask_coverage': 0.2225}
2026-05-25 14:10:46,511 WARNING games.zelda.policy: Low health | health_ratio=0.19 | task=Task(name='get_wooden_sword')
2026-05-25 14:10:46,661 INFO __main__: link_blobs={'region': None, 'blobs_found': 249, 'mask_coverage': 0.2225}
2026-05-25 14:10:46,661 WARNING games.zelda.policy: Low health | health_ratio=0.19 | task=Task(name='get_wooden_sword')
2026-05-25 14:10:46,803 INFO __main__: link_blobs={'region': None, 'blobs_found': 249, 'mask_coverage': 0.2225}
2026-05-25 14:10:46,804 WARNING games.zelda.policy: Low health | health_ratio=0.19 | task=Task(name='get_wooden_sword')
2026-05-25 14:10:46,969 INFO __main__: link_blobs={'region': None, 'blobs_found': 249, 'mask_coverage': 0.2225}
2026-05-25 14:10:46,971 WARNING games.zelda.policy: Low health | health_ratio=0.19 | task=Task(name='get_wooden_sword')
2026-05-25 14:10:47,117 INFO __main__: link_blobs={'region': None, 'blobs_found': 249, 'mask_coverage': 0.2225}
2026-05-25 14:10:47,117 WARNING games.zelda.policy: Low health | health_ratio=0.19 | task=Task(name='get_wooden_sword')
2026-05-25 14:10:47,281 INFO __main__: link_blobs={'region': None, 'blobs_found': 249, 'mask_coverage': 0.2225}
2026-05-25 14:10:47,281 WARNING games.zelda.policy: Low health | health_ratio=0.19 | task=Task(name='get_wooden_sword')
2026-05-25 14:10:47,443 INFO __main__: link_blobs={'region': None, 'blobs_found': 249, 'mask_coverage': 0.2225}
2026-05-25 14:10:47,443 WARNING games.zelda.policy: Low health | health_ratio=0.19 | task=Task(name='get_wooden_sword')
2026-05-25 14:10:47,619 INFO __main__: link_blobs={'region': None, 'blobs_found': 249, 'mask_coverage': 0.2225}
2026-05-25 14:10:47,620 WARNING games.zelda.policy: Low health | health_ratio=0.19 | task=Task(name='get_wooden_sword')
2026-05-25 14:10:47,782 INFO __main__: link_blobs={'region': None, 'blobs_found': 249, 'mask_coverage': 0.2225}
2026-05-25 14:10:47,782 WARNING games.zelda.policy: Low health | health_ratio=0.19 | task=Task(name='get_wooden_sword')
2026-05-25 14:10:47,928 INFO __main__: link_blobs={'region': None, 'blobs_found': 249, 'mask_coverage': 0.2225}
2026-05-25 14:10:47,928 WARNING games.zelda.policy: Low health | health_ratio=0.19 | task=Task(name='get_wooden_sword')
2026-05-25 14:10:48,068 INFO __main__: link_blobs={'region': None, 'blobs_found': 249, 'mask_coverage': 0.2225}
2026-05-25 14:10:48,069 WARNING games.zelda.policy: Low health | health_ratio=0.19 | task=Task(name='get_wooden_sword')
2026-05-25 14:10:48,229 INFO __main__: link_blobs={'region': None, 'blobs_found': 249, 'mask_coverage': 0.2225}
2026-05-25 14:10:48,230 WARNING games.zelda.policy: Low health | health_ratio=0.19 | task=Task(name='get_wooden_sword')
2026-05-25 14:10:48,380 INFO __main__: link_blobs={'region': None, 'blobs_found': 249, 'mask_coverage': 0.2225}
2026-05-25 14:10:48,381 WARNING games.zelda.policy: Low health | health_ratio=0.19 | task=Task(name='get_wooden_sword')
2026-05-25 14:10:48,555 INFO __main__: link_blobs={'region': None, 'blobs_found': 249, 'mask_coverage': 0.2225}
2026-05-25 14:10:48,556 WARNING games.zelda.policy: Low health | health_ratio=0.19 | task=Task(name='get_wooden_sword')
2026-05-25 14:10:48,707 INFO __main__: link_blobs={'region': None, 'blobs_found': 249, 'mask_coverage': 0.2225}
2026-05-25 14:10:48,708 WARNING games.zelda.policy: Low health | health_ratio=0.19 | task=Task(name='get_wooden_sword')
2026-05-25 14:10:48,869 INFO __main__: link_blobs={'region': None, 'blobs_found': 249, 'mask_coverage': 0.2225}
2026-05-25 14:10:48,870 WARNING games.zelda.policy: Low health | health_ratio=0.19 | task=Task(name='get_wooden_sword')
2026-05-25 14:10:49,019 INFO __main__: link_blobs={'region': None, 'blobs_found': 249, 'mask_coverage': 0.2225}
2026-05-25 14:10:49,020 WARNING games.zelda.policy: Low health | health_ratio=0.19 | task=Task(name='get_wooden_sword')
2026-05-25 14:10:49,175 INFO __main__: link_blobs={'region': None, 'blobs_found': 249, 'mask_coverage': 0.2225}
2026-05-25 14:10:49,176 WARNING games.zelda.policy: Low health | health_ratio=0.19 | task=Task(name='get_wooden_sword')
2026-05-25 14:10:49,322 INFO __main__: link_blobs={'region': None, 'blobs_found': 249, 'mask_coverage': 0.2225}
2026-05-25 14:10:49,323 WARNING games.zelda.policy: Low health | health_ratio=0.19 | task=Task(name='get_wooden_sword')
2026-05-25 14:10:49,466 INFO __main__: link_blobs={'region': None, 'blobs_found': 249, 'mask_coverage': 0.2225}
2026-05-25 14:10:49,466 WARNING games.zelda.policy: Low health | health_ratio=0.19 | task=Task(name='get_wooden_sword')
2026-05-25 14:10:49,618 INFO __main__: link_blobs={'region': None, 'blobs_found': 249, 'mask_coverage': 0.2225}
2026-05-25 14:10:49,618 WARNING games.zelda.policy: Low health | health_ratio=0.19 | task=Task(name='get_wooden_sword')
2026-05-25 14:10:49,773 INFO __main__: link_blobs={'region': None, 'blobs_found': 249, 'mask_coverage': 0.2225}
2026-05-25 14:10:49,773 WARNING games.zelda.policy: Low health | health_ratio=0.19 | task=Task(name='get_wooden_sword')
2026-05-25 14:10:49,929 INFO __main__: link_blobs={'region': None, 'blobs_found': 249, 'mask_coverage': 0.2225}
2026-05-25 14:10:49,929 WARNING games.zelda.policy: Low health | health_ratio=0.19 | task=Task(name='get_wooden_sword')
2026-05-25 14:10:50,081 INFO __main__: link_blobs={'region': None, 'blobs_found': 249, 'mask_coverage': 0.2225}
2026-05-25 14:10:50,082 WARNING games.zelda.policy: Low health | health_ratio=0.19 | task=Task(name='get_wooden_sword')
2026-05-25 14:10:50,240 INFO __main__: link_blobs={'region': None, 'blobs_found': 249, 'mask_coverage': 0.2225}
2026-05-25 14:10:50,240 WARNING games.zelda.policy: Low health | health_ratio=0.19 | task=Task(name='get_wooden_sword')
2026-05-25 14:11:17,330 INFO games.zelda.policy: ZeldaPolicy initialized | [zelda_opening] 1/4: get_wooden_sword
2026-05-25 14:11:17,435 INFO __main__: Detected region: x=32, y=334, w=879, h=672
2026-05-25 14:11:17,435 INFO __main__: Detected 'RetroArch QuickNES 1.0-WIP 7178256' at region (32, 334, 879, 672)
2026-05-25 14:11:17,440 INFO __main__: ScreenCapture region: (32, 334, 879, 672)
2026-05-25 14:11:17,440 INFO __main__: Starting loop at 30 FPS
2026-05-25 14:11:17,591 INFO __main__: link_blobs={'region': None, 'blobs_found': 249, 'mask_coverage': 0.2225}
2026-05-25 14:11:17,591 WARNING games.zelda.policy: Low health | health_ratio=0.19 | task=Task(name='get_wooden_sword')
2026-05-25 14:11:17,783 INFO __main__: link_blobs={'region': None, 'blobs_found': 249, 'mask_coverage': 0.2225}
2026-05-25 14:11:17,783 WARNING games.zelda.policy: Low health | health_ratio=0.19 | task=Task(name='get_wooden_sword')
2026-05-25 14:11:17,947 INFO __main__: link_blobs={'region': None, 'blobs_found': 249, 'mask_coverage': 0.2225}
2026-05-25 14:11:17,947 WARNING games.zelda.policy: Low health | health_ratio=0.19 | task=Task(name='get_wooden_sword')
2026-05-25 14:11:18,100 INFO __main__: link_blobs={'region': None, 'blobs_found': 249, 'mask_coverage': 0.2225}
2026-05-25 14:11:18,101 WARNING games.zelda.policy: Low health | health_ratio=0.19 | task=Task(name='get_wooden_sword')
2026-05-25 14:11:18,244 INFO __main__: link_blobs={'region': None, 'blobs_found': 249, 'mask_coverage': 0.2225}
2026-05-25 14:11:18,245 WARNING games.zelda.policy: Low health | health_ratio=0.19 | task=Task(name='get_wooden_sword')
2026-05-25 14:11:18,397 INFO __main__: link_blobs={'region': None, 'blobs_found': 249, 'mask_coverage': 0.2225}
2026-05-25 14:11:18,397 WARNING games.zelda.policy: Low health | health_ratio=0.19 | task=Task(name='get_wooden_sword')
2026-05-25 14:11:18,549 INFO __main__: link_blobs={'region': None, 'blobs_found': 249, 'mask_coverage': 0.2225}
2026-05-25 14:11:18,550 WARNING games.zelda.policy: Low health | health_ratio=0.19 | task=Task(name='get_wooden_sword')
2026-05-25 14:11:18,703 INFO __main__: link_blobs={'region': None, 'blobs_found': 249, 'mask_coverage': 0.2225}
2026-05-25 14:11:18,703 WARNING games.zelda.policy: Low health | health_ratio=0.19 | task=Task(name='get_wooden_sword')
2026-05-25 14:11:18,858 INFO __main__: link_blobs={'region': None, 'blobs_found': 249, 'mask_coverage': 0.2225}
2026-05-25 14:11:18,858 WARNING games.zelda.policy: Low health | health_ratio=0.19 | task=Task(name='get_wooden_sword')
2026-05-25 14:11:19,004 INFO __main__: link_blobs={'region': None, 'blobs_found': 249, 'mask_coverage': 0.2225}
2026-05-25 14:11:19,005 WARNING games.zelda.policy: Low health | health_ratio=0.19 | task=Task(name='get_wooden_sword')
2026-05-25 14:11:19,148 INFO __main__: link_blobs={'region': None, 'blobs_found': 249, 'mask_coverage': 0.2225}
2026-05-25 14:11:19,149 WARNING games.zelda.policy: Low health | health_ratio=0.19 | task=Task(name='get_wooden_sword')
2026-05-25 14:11:19,306 INFO __main__: link_blobs={'region': None, 'blobs_found': 249, 'mask_coverage': 0.2225}
2026-05-25 14:11:19,306 WARNING games.zelda.policy: Low health | health_ratio=0.19 | task=Task(name='get_wooden_sword')
2026-05-25 14:11:19,463 INFO __main__: link_blobs={'region': None, 'blobs_found': 249, 'mask_coverage': 0.2225}
2026-05-25 14:11:19,464 WARNING games.zelda.policy: Low health | health_ratio=0.19 | task=Task(name='get_wooden_sword')
2026-05-25 14:11:19,615 INFO __main__: link_blobs={'region': None, 'blobs_found': 249, 'mask_coverage': 0.2225}
2026-05-25 14:11:19,615 WARNING games.zelda.policy: Low health | health_ratio=0.19 | task=Task(name='get_wooden_sword')
2026-05-25 14:11:19,771 INFO __main__: link_blobs={'region': None, 'blobs_found': 249, 'mask_coverage': 0.2225}
2026-05-25 14:11:19,771 WARNING games.zelda.policy: Low health | health_ratio=0.19 | task=Task(name='get_wooden_sword')
2026-05-25 14:11:19,932 INFO __main__: link_blobs={'region': None, 'blobs_found': 249, 'mask_coverage': 0.2225}
2026-05-25 14:11:19,932 WARNING games.zelda.policy: Low health | health_ratio=0.19 | task=Task(name='get_wooden_sword')
2026-05-25 14:11:20,085 INFO __main__: link_blobs={'region': None, 'blobs_found': 249, 'mask_coverage': 0.2225}
2026-05-25 14:11:20,086 WARNING games.zelda.policy: Low health | health_ratio=0.19 | task=Task(name='get_wooden_sword')
2026-05-25 14:11:20,242 INFO __main__: link_blobs={'region': None, 'blobs_found': 249, 'mask_coverage': 0.2225}
2026-05-25 14:11:20,243 WARNING games.zelda.policy: Low health | health_ratio=0.19 | task=Task(name='get_wooden_sword')
2026-05-25 14:11:20,403 INFO __main__: link_blobs={'region': None, 'blobs_found': 249, 'mask_coverage': 0.2225}
2026-05-25 14:11:20,403 WARNING games.zelda.policy: Low health | health_ratio=0.19 | task=Task(name='get_wooden_sword')
2026-05-25 14:11:20,556 INFO __main__: link_blobs={'region': None, 'blobs_found': 249, 'mask_coverage': 0.2225}
2026-05-25 14:11:20,557 WARNING games.zelda.policy: Low health | health_ratio=0.19 | task=Task(name='get_wooden_sword')
2026-05-25 14:11:20,714 INFO __main__: link_blobs={'region': None, 'blobs_found': 249, 'mask_coverage': 0.2225}
2026-05-25 14:11:20,714 WARNING games.zelda.policy: Low health | health_ratio=0.19 | task=Task(name='get_wooden_sword')
2026-05-25 14:11:20,874 INFO __main__: link_blobs={'region': None, 'blobs_found': 249, 'mask_coverage': 0.2225}
2026-05-25 14:11:20,874 WARNING games.zelda.policy: Low health | health_ratio=0.19 | task=Task(name='get_wooden_sword')
2026-05-25 14:11:21,021 INFO __main__: link_blobs={'region': None, 'blobs_found': 249, 'mask_coverage': 0.2225}
2026-05-25 14:11:21,021 WARNING games.zelda.policy: Low health | health_ratio=0.19 | task=Task(name='get_wooden_sword')
2026-05-25 14:11:21,171 INFO __main__: link_blobs={'region': None, 'blobs_found': 249, 'mask_coverage': 0.2225}
2026-05-25 14:11:21,171 WARNING games.zelda.policy: Low health | health_ratio=0.19 | task=Task(name='get_wooden_sword')
2026-05-25 14:11:21,322 INFO __main__: link_blobs={'region': None, 'blobs_found': 249, 'mask_coverage': 0.2225}
2026-05-25 14:11:21,322 WARNING games.zelda.policy: Low health | health_ratio=0.19 | task=Task(name='get_wooden_sword')
2026-05-25 14:11:21,489 INFO __main__: link_blobs={'region': None, 'blobs_found': 249, 'mask_coverage': 0.2225}
2026-05-25 14:11:21,489 WARNING games.zelda.policy: Low health | health_ratio=0.19 | task=Task(name='get_wooden_sword')
2026-05-25 14:11:21,633 INFO __main__: link_blobs={'region': None, 'blobs_found': 249, 'mask_coverage': 0.2225}
2026-05-25 14:11:21,633 WARNING games.zelda.policy: Low health | health_ratio=0.19 | task=Task(name='get_wooden_sword')
2026-05-25 14:11:21,789 INFO __main__: link_blobs={'region': None, 'blobs_found': 249, 'mask_coverage': 0.2225}
2026-05-25 14:11:21,790 WARNING games.zelda.policy: Low health | health_ratio=0.19 | task=Task(name='get_wooden_sword')
2026-05-25 14:11:21,937 INFO __main__: link_blobs={'region': None, 'blobs_found': 249, 'mask_coverage': 0.2225}
2026-05-25 14:11:21,937 WARNING games.zelda.policy: Low health | health_ratio=0.19 | task=Task(name='get_wooden_sword')
2026-05-25 14:11:22,091 INFO __main__: link_blobs={'region': None, 'blobs_found': 249, 'mask_coverage': 0.2225}
2026-05-25 14:11:22,092 WARNING games.zelda.policy: Low health | health_ratio=0.19 | task=Task(name='get_wooden_sword')
2026-05-25 14:11:22,261 INFO __main__: link_blobs={'region': None, 'blobs_found': 249, 'mask_coverage': 0.2225}
2026-05-25 14:11:22,262 WARNING games.zelda.policy: Low health | health_ratio=0.19 | task=Task(name='get_wooden_sword')
2026-05-25 14:11:22,415 INFO __main__: link_blobs={'region': None, 'blobs_found': 249, 'mask_coverage': 0.2225}
2026-05-25 14:11:22,415 WARNING games.zelda.policy: Low health | health_ratio=0.19 | task=Task(name='get_wooden_sword')
2026-05-25 14:11:22,573 INFO __main__: link_blobs={'region': None, 'blobs_found': 249, 'mask_coverage': 0.2225}
2026-05-25 14:11:22,573 WARNING games.zelda.policy: Low health | health_ratio=0.19 | task=Task(name='get_wooden_sword')
2026-05-25 14:11:22,717 INFO __main__: link_blobs={'region': None, 'blobs_found': 249, 'mask_coverage': 0.2225}
2026-05-25 14:11:22,717 WARNING games.zelda.policy: Low health | health_ratio=0.19 | task=Task(name='get_wooden_sword')
2026-05-25 14:11:22,866 INFO __main__: link_blobs={'region': None, 'blobs_found': 249, 'mask_coverage': 0.2225}
2026-05-25 14:11:22,867 WARNING games.zelda.policy: Low health | health_ratio=0.19 | task=Task(name='get_wooden_sword')
2026-05-25 14:11:23,033 INFO __main__: link_blobs={'region': None, 'blobs_found': 249, 'mask_coverage': 0.2225}
2026-05-25 14:11:23,034 WARNING games.zelda.policy: Low health | health_ratio=0.19 | task=Task(name='get_wooden_sword')
2026-05-25 14:11:23,183 INFO __main__: link_blobs={'region': None, 'blobs_found': 249, 'mask_coverage': 0.2225}
2026-05-25 14:11:23,184 WARNING games.zelda.policy: Low health | health_ratio=0.19 | task=Task(name='get_wooden_sword')
2026-05-25 14:11:23,339 INFO __main__: link_blobs={'region': None, 'blobs_found': 249, 'mask_coverage': 0.2225}
2026-05-25 14:11:23,340 WARNING games.zelda.policy: Low health | health_ratio=0.19 | task=Task(name='get_wooden_sword')
2026-05-25 14:11:23,500 INFO __main__: link_blobs={'region': None, 'blobs_found': 249, 'mask_coverage': 0.2225}
2026-05-25 14:11:23,500 WARNING games.zelda.policy: Low health | health_ratio=0.19 | task=Task(name='get_wooden_sword')
2026-05-25 14:11:23,653 INFO __main__: link_blobs={'region': None, 'blobs_found': 249, 'mask_coverage': 0.2225}
2026-05-25 14:11:23,654 WARNING games.zelda.policy: Low health | health_ratio=0.19 | task=Task(name='get_wooden_sword')
2026-05-25 14:11:23,809 INFO __main__: link_blobs={'region': None, 'blobs_found': 249, 'mask_coverage': 0.2225}
2026-05-25 14:11:23,810 WARNING games.zelda.policy: Low health | health_ratio=0.19 | task=Task(name='get_wooden_sword')
2026-05-25 14:11:23,958 INFO __main__: link_blobs={'region': None, 'blobs_found': 249, 'mask_coverage': 0.2225}
2026-05-25 14:11:23,959 WARNING games.zelda.policy: Low health | health_ratio=0.19 | task=Task(name='get_wooden_sword')
2026-05-25 14:11:24,122 INFO __main__: link_blobs={'region': None, 'blobs_found': 249, 'mask_coverage': 0.2225}
2026-05-25 14:11:24,123 WARNING games.zelda.policy: Low health | health_ratio=0.19 | task=Task(name='get_wooden_sword')
2026-05-25 14:11:24,283 INFO __main__: link_blobs={'region': None, 'blobs_found': 249, 'mask_coverage': 0.2225}
2026-05-25 14:11:24,284 WARNING games.zelda.policy: Low health | health_ratio=0.19 | task=Task(name='get_wooden_sword')
2026-05-25 14:11:24,430 INFO __main__: link_blobs={'region': None, 'blobs_found': 249, 'mask_coverage': 0.2225}
2026-05-25 14:11:24,431 WARNING games.zelda.policy: Low health | health_ratio=0.19 | task=Task(name='get_wooden_sword')
2026-05-25 14:11:24,582 INFO __main__: link_blobs={'region': None, 'blobs_found': 249, 'mask_coverage': 0.2225}
2026-05-25 14:11:24,582 WARNING games.zelda.policy: Low health | health_ratio=0.19 | task=Task(name='get_wooden_sword')
2026-05-25 14:11:24,740 INFO __main__: link_blobs={'region': None, 'blobs_found': 249, 'mask_coverage': 0.2225}
2026-05-25 14:11:24,740 WARNING games.zelda.policy: Low health | health_ratio=0.19 | task=Task(name='get_wooden_sword')
2026-05-25 14:11:24,900 INFO __main__: link_blobs={'region': None, 'blobs_found': 249, 'mask_coverage': 0.2225}
2026-05-25 14:11:24,901 WARNING games.zelda.policy: Low health | health_ratio=0.19 | task=Task(name='get_wooden_sword')
2026-05-25 14:11:25,054 INFO __main__: link_blobs={'region': None, 'blobs_found': 249, 'mask_coverage': 0.2225}
2026-05-25 14:11:25,055 WARNING games.zelda.policy: Low health | health_ratio=0.19 | task=Task(name='get_wooden_sword')
2026-05-25 14:11:25,200 INFO __main__: link_blobs={'region': None, 'blobs_found': 249, 'mask_coverage': 0.2225}
2026-05-25 14:11:25,200 WARNING games.zelda.policy: Low health | health_ratio=0.19 | task=Task(name='get_wooden_sword')
2026-05-25 14:11:25,354 INFO __main__: link_blobs={'region': None, 'blobs_found': 249, 'mask_coverage': 0.2225}
2026-05-25 14:11:25,354 WARNING games.zelda.policy: Low health | health_ratio=0.19 | task=Task(name='get_wooden_sword')
2026-05-25 14:11:25,501 INFO __main__: link_blobs={'region': None, 'blobs_found': 249, 'mask_coverage': 0.2225}
2026-05-25 14:11:25,501 WARNING games.zelda.policy: Low health | health_ratio=0.19 | task=Task(name='get_wooden_sword')
2026-05-25 14:11:25,648 INFO __main__: link_blobs={'region': None, 'blobs_found': 249, 'mask_coverage': 0.2225}
2026-05-25 14:11:25,649 WARNING games.zelda.policy: Low health | health_ratio=0.19 | task=Task(name='get_wooden_sword')
2026-05-25 14:11:25,783 INFO __main__: link_blobs={'region': None, 'blobs_found': 249, 'mask_coverage': 0.2225}
2026-05-25 14:11:25,784 WARNING games.zelda.policy: Low health | health_ratio=0.19 | task=Task(name='get_wooden_sword')
2026-05-25 14:11:25,932 INFO __main__: link_blobs={'region': None, 'blobs_found': 249, 'mask_coverage': 0.2225}
2026-05-25 14:11:25,932 WARNING games.zelda.policy: Low health | health_ratio=0.19 | task=Task(name='get_wooden_sword')
2026-05-25 14:11:26,097 INFO __main__: link_blobs={'region': None, 'blobs_found': 249, 'mask_coverage': 0.2225}
2026-05-25 14:11:26,098 WARNING games.zelda.policy: Low health | health_ratio=0.19 | task=Task(name='get_wooden_sword')
2026-05-25 14:11:26,251 INFO __main__: link_blobs={'region': None, 'blobs_found': 249, 'mask_coverage': 0.2225}
2026-05-25 14:11:26,252 WARNING games.zelda.policy: Low health | health_ratio=0.19 | task=Task(name='get_wooden_sword')
2026-05-25 14:11:26,397 INFO __main__: link_blobs={'region': None, 'blobs_found': 249, 'mask_coverage': 0.2225}
2026-05-25 14:11:26,398 WARNING games.zelda.policy: Low health | health_ratio=0.19 | task=Task(name='get_wooden_sword')
2026-05-25 14:11:26,534 INFO __main__: link_blobs={'region': None, 'blobs_found': 249, 'mask_coverage': 0.2225}
2026-05-25 14:11:26,534 WARNING games.zelda.policy: Low health | health_ratio=0.19 | task=Task(name='get_wooden_sword')
2026-05-25 14:11:26,683 INFO __main__: link_blobs={'region': None, 'blobs_found': 249, 'mask_coverage': 0.2225}
2026-05-25 14:11:26,683 WARNING games.zelda.policy: Low health | health_ratio=0.19 | task=Task(name='get_wooden_sword')
2026-05-25 14:11:26,836 INFO __main__: link_blobs={'region': None, 'blobs_found': 249, 'mask_coverage': 0.2225}
2026-05-25 14:11:26,837 WARNING games.zelda.policy: Low health | health_ratio=0.19 | task=Task(name='get_wooden_sword')
2026-05-25 14:11:27,028 INFO __main__: link_blobs={'region': None, 'blobs_found': 249, 'mask_coverage': 0.2225}
2026-05-25 14:11:27,028 WARNING games.zelda.policy: Low health | health_ratio=0.19 | task=Task(name='get_wooden_sword')
2026-05-25 14:11:27,165 INFO __main__: link_blobs={'region': None, 'blobs_found': 249, 'mask_coverage': 0.2225}
2026-05-25 14:11:27,165 WARNING games.zelda.policy: Low health | health_ratio=0.19 | task=Task(name='get_wooden_sword')
2026-05-25 14:11:27,328 INFO __main__: link_blobs={'region': None, 'blobs_found': 249, 'mask_coverage': 0.2225}
2026-05-25 14:11:27,328 WARNING games.zelda.policy: Low health | health_ratio=0.19 | task=Task(name='get_wooden_sword')
2026-05-25 14:11:27,474 INFO __main__: link_blobs={'region': None, 'blobs_found': 249, 'mask_coverage': 0.2225}
2026-05-25 14:11:27,475 WARNING games.zelda.policy: Low health | health_ratio=0.19 | task=Task(name='get_wooden_sword')
2026-05-25 14:11:27,634 INFO __main__: link_blobs={'region': None, 'blobs_found': 249, 'mask_coverage': 0.2225}
2026-05-25 14:11:27,634 WARNING games.zelda.policy: Low health | health_ratio=0.19 | task=Task(name='get_wooden_sword')
2026-05-25 14:11:27,783 INFO __main__: link_blobs={'region': None, 'blobs_found': 249, 'mask_coverage': 0.2225}
2026-05-25 14:11:27,783 WARNING games.zelda.policy: Low health | health_ratio=0.19 | task=Task(name='get_wooden_sword')
2026-05-25 14:11:27,932 INFO __main__: link_blobs={'region': None, 'blobs_found': 249, 'mask_coverage': 0.2225}
2026-05-25 14:11:27,932 WARNING games.zelda.policy: Low health | health_ratio=0.19 | task=Task(name='get_wooden_sword')
2026-05-25 14:11:28,091 INFO __main__: link_blobs={'region': None, 'blobs_found': 249, 'mask_coverage': 0.2225}
2026-05-25 14:11:28,091 WARNING games.zelda.policy: Low health | health_ratio=0.19 | task=Task(name='get_wooden_sword')
2026-05-25 14:11:28,248 INFO __main__: link_blobs={'region': None, 'blobs_found': 249, 'mask_coverage': 0.2225}
2026-05-25 14:11:28,248 WARNING games.zelda.policy: Low health | health_ratio=0.19 | task=Task(name='get_wooden_sword')
2026-05-25 14:11:28,399 INFO __main__: link_blobs={'region': None, 'blobs_found': 249, 'mask_coverage': 0.2225}
2026-05-25 14:11:28,399 WARNING games.zelda.policy: Low health | health_ratio=0.19 | task=Task(name='get_wooden_sword')
2026-05-25 14:11:28,548 INFO __main__: link_blobs={'region': None, 'blobs_found': 249, 'mask_coverage': 0.2225}
2026-05-25 14:11:28,548 WARNING games.zelda.policy: Low health | health_ratio=0.19 | task=Task(name='get_wooden_sword')
2026-05-25 14:11:28,684 INFO __main__: link_blobs={'region': None, 'blobs_found': 249, 'mask_coverage': 0.2225}
2026-05-25 14:11:28,685 WARNING games.zelda.policy: Low health | health_ratio=0.19 | task=Task(name='get_wooden_sword')
2026-05-25 14:11:28,833 INFO __main__: link_blobs={'region': None, 'blobs_found': 249, 'mask_coverage': 0.2225}
2026-05-25 14:11:28,834 WARNING games.zelda.policy: Low health | health_ratio=0.19 | task=Task(name='get_wooden_sword')
2026-05-25 14:11:28,983 INFO __main__: link_blobs={'region': None, 'blobs_found': 249, 'mask_coverage': 0.2225}
2026-05-25 14:11:28,983 WARNING games.zelda.policy: Low health | health_ratio=0.19 | task=Task(name='get_wooden_sword')
2026-05-25 14:11:29,149 INFO __main__: link_blobs={'region': None, 'blobs_found': 249, 'mask_coverage': 0.2225}
2026-05-25 14:11:29,149 WARNING games.zelda.policy: Low health | health_ratio=0.19 | task=Task(name='get_wooden_sword')
2026-05-25 14:11:29,304 INFO __main__: link_blobs={'region': None, 'blobs_found': 249, 'mask_coverage': 0.2225}
2026-05-25 14:11:29,305 WARNING games.zelda.policy: Low health | health_ratio=0.19 | task=Task(name='get_wooden_sword')
2026-05-25 14:11:38,678 INFO games.zelda.policy: ZeldaPolicy initialized | [zelda_opening] 1/4: get_wooden_sword
2026-05-25 14:11:38,783 INFO __main__: Detected region: x=32, y=334, w=879, h=672
2026-05-25 14:11:38,783 INFO __main__: Detected 'RetroArch QuickNES 1.0-WIP 7178256' at region (32, 334, 879, 672)
2026-05-25 14:11:38,786 INFO __main__: ScreenCapture region: (32, 334, 879, 672)
2026-05-25 14:11:38,788 INFO __main__: Starting loop at 30 FPS
2026-05-25 14:11:38,927 INFO __main__: link_blobs={'region': None, 'blobs_found': 249, 'mask_coverage': 0.2225}
2026-05-25 14:11:38,927 INFO __main__: state={'hearts_full': 3, 'hearts_half': 0, 'health_ratio': 0.188, 'link_pos': [824, 488]}
2026-05-25 14:11:38,928 WARNING games.zelda.policy: Low health | health_ratio=0.19 | task=Task(name='get_wooden_sword')
2026-05-25 14:11:39,120 INFO __main__: link_blobs={'region': None, 'blobs_found': 249, 'mask_coverage': 0.2225}
2026-05-25 14:11:39,121 INFO __main__: state={'hearts_full': 3, 'hearts_half': 0, 'health_ratio': 0.188, 'link_pos': [824, 488]}
2026-05-25 14:11:39,121 WARNING games.zelda.policy: Low health | health_ratio=0.19 | task=Task(name='get_wooden_sword')
2026-05-25 14:11:39,268 INFO __main__: link_blobs={'region': None, 'blobs_found': 249, 'mask_coverage': 0.2225}
2026-05-25 14:11:39,268 INFO __main__: state={'hearts_full': 3, 'hearts_half': 0, 'health_ratio': 0.188, 'link_pos': [824, 488]}
2026-05-25 14:11:39,268 WARNING games.zelda.policy: Low health | health_ratio=0.19 | task=Task(name='get_wooden_sword')
2026-05-25 14:11:39,421 INFO __main__: link_blobs={'region': None, 'blobs_found': 249, 'mask_coverage': 0.2225}
2026-05-25 14:11:39,422 INFO __main__: state={'hearts_full': 3, 'hearts_half': 0, 'health_ratio': 0.188, 'link_pos': [824, 488]}
2026-05-25 14:11:39,422 WARNING games.zelda.policy: Low health | health_ratio=0.19 | task=Task(name='get_wooden_sword')
2026-05-25 14:11:39,563 INFO __main__: link_blobs={'region': None, 'blobs_found': 249, 'mask_coverage': 0.2225}
2026-05-25 14:11:39,564 INFO __main__: state={'hearts_full': 3, 'hearts_half': 0, 'health_ratio': 0.188, 'link_pos': [824, 488]}
2026-05-25 14:11:39,564 WARNING games.zelda.policy: Low health | health_ratio=0.19 | task=Task(name='get_wooden_sword')
2026-05-25 14:11:39,714 INFO __main__: link_blobs={'region': None, 'blobs_found': 249, 'mask_coverage': 0.2225}
2026-05-25 14:11:39,714 INFO __main__: state={'hearts_full': 3, 'hearts_half': 0, 'health_ratio': 0.188, 'link_pos': [824, 488]}
2026-05-25 14:11:39,714 WARNING games.zelda.policy: Low health | health_ratio=0.19 | task=Task(name='get_wooden_sword')
2026-05-25 14:11:39,864 INFO __main__: link_blobs={'region': None, 'blobs_found': 249, 'mask_coverage': 0.2225}
2026-05-25 14:11:39,864 INFO __main__: state={'hearts_full': 3, 'hearts_half': 0, 'health_ratio': 0.188, 'link_pos': [824, 488]}
2026-05-25 14:11:39,864 WARNING games.zelda.policy: Low health | health_ratio=0.19 | task=Task(name='get_wooden_sword')
2026-05-25 14:11:40,021 INFO __main__: link_blobs={'region': None, 'blobs_found': 249, 'mask_coverage': 0.2225}
2026-05-25 14:11:40,022 INFO __main__: state={'hearts_full': 3, 'hearts_half': 0, 'health_ratio': 0.188, 'link_pos': [824, 488]}
2026-05-25 14:11:40,022 WARNING games.zelda.policy: Low health | health_ratio=0.19 | task=Task(name='get_wooden_sword')
2026-05-25 14:11:40,177 INFO __main__: link_blobs={'region': None, 'blobs_found': 249, 'mask_coverage': 0.2225}
2026-05-25 14:11:40,179 INFO __main__: state={'hearts_full': 3, 'hearts_half': 0, 'health_ratio': 0.188, 'link_pos': [824, 488]}
2026-05-25 14:11:40,179 WARNING games.zelda.policy: Low health | health_ratio=0.19 | task=Task(name='get_wooden_sword')
2026-05-25 14:11:40,338 INFO __main__: link_blobs={'region': None, 'blobs_found': 249, 'mask_coverage': 0.2225}
2026-05-25 14:11:40,338 INFO __main__: state={'hearts_full': 3, 'hearts_half': 0, 'health_ratio': 0.188, 'link_pos': [824, 488]}
2026-05-25 14:11:40,338 WARNING games.zelda.policy: Low health | health_ratio=0.19 | task=Task(name='get_wooden_sword')
2026-05-25 14:11:40,493 INFO __main__: link_blobs={'region': None, 'blobs_found': 249, 'mask_coverage': 0.2225}
2026-05-25 14:11:40,494 INFO __main__: state={'hearts_full': 3, 'hearts_half': 0, 'health_ratio': 0.188, 'link_pos': [824, 488]}
2026-05-25 14:11:40,494 WARNING games.zelda.policy: Low health | health_ratio=0.19 | task=Task(name='get_wooden_sword')
2026-05-25 14:11:40,655 INFO __main__: link_blobs={'region': None, 'blobs_found': 249, 'mask_coverage': 0.2225}
2026-05-25 14:11:40,655 INFO __main__: state={'hearts_full': 3, 'hearts_half': 0, 'health_ratio': 0.188, 'link_pos': [824, 488]}
2026-05-25 14:11:40,656 WARNING games.zelda.policy: Low health | health_ratio=0.19 | task=Task(name='get_wooden_sword')
2026-05-25 14:11:40,816 INFO __main__: link_blobs={'region': None, 'blobs_found': 249, 'mask_coverage': 0.2225}
2026-05-25 14:11:40,817 INFO __main__: state={'hearts_full': 3, 'hearts_half': 0, 'health_ratio': 0.188, 'link_pos': [824, 488]}
2026-05-25 14:11:40,817 WARNING games.zelda.policy: Low health | health_ratio=0.19 | task=Task(name='get_wooden_sword')
2026-05-25 14:11:40,965 INFO __main__: link_blobs={'region': None, 'blobs_found': 249, 'mask_coverage': 0.2225}
2026-05-25 14:11:40,966 INFO __main__: state={'hearts_full': 3, 'hearts_half': 0, 'health_ratio': 0.188, 'link_pos': [824, 488]}
2026-05-25 14:11:40,966 WARNING games.zelda.policy: Low health | health_ratio=0.19 | task=Task(name='get_wooden_sword')
2026-05-25 14:11:41,124 INFO __main__: link_blobs={'region': None, 'blobs_found': 249, 'mask_coverage': 0.2225}
2026-05-25 14:11:41,124 INFO __main__: state={'hearts_full': 3, 'hearts_half': 0, 'health_ratio': 0.188, 'link_pos': [824, 488]}
2026-05-25 14:11:41,125 WARNING games.zelda.policy: Low health | health_ratio=0.19 | task=Task(name='get_wooden_sword')
2026-05-25 14:11:41,269 INFO __main__: link_blobs={'region': None, 'blobs_found': 249, 'mask_coverage': 0.2225}
2026-05-25 14:11:41,270 INFO __main__: state={'hearts_full': 3, 'hearts_half': 0, 'health_ratio': 0.188, 'link_pos': [824, 488]}
2026-05-25 14:11:41,270 WARNING games.zelda.policy: Low health | health_ratio=0.19 | task=Task(name='get_wooden_sword')
2026-05-25 14:11:41,415 INFO __main__: link_blobs={'region': None, 'blobs_found': 249, 'mask_coverage': 0.2225}
2026-05-25 14:11:41,415 INFO __main__: state={'hearts_full': 3, 'hearts_half': 0, 'health_ratio': 0.188, 'link_pos': [824, 488]}
2026-05-25 14:11:41,415 WARNING games.zelda.policy: Low health | health_ratio=0.19 | task=Task(name='get_wooden_sword')
2026-05-25 14:11:41,568 INFO __main__: link_blobs={'region': None, 'blobs_found': 249, 'mask_coverage': 0.2225}
2026-05-25 14:11:41,568 INFO __main__: state={'hearts_full': 3, 'hearts_half': 0, 'health_ratio': 0.188, 'link_pos': [824, 488]}
2026-05-25 14:11:41,568 WARNING games.zelda.policy: Low health | health_ratio=0.19 | task=Task(name='get_wooden_sword')
2026-05-25 14:11:41,732 INFO __main__: link_blobs={'region': None, 'blobs_found': 249, 'mask_coverage': 0.2225}
2026-05-25 14:11:41,733 INFO __main__: state={'hearts_full': 3, 'hearts_half': 0, 'health_ratio': 0.188, 'link_pos': [824, 488]}
2026-05-25 14:11:41,733 WARNING games.zelda.policy: Low health | health_ratio=0.19 | task=Task(name='get_wooden_sword')
2026-05-25 14:11:41,883 INFO __main__: link_blobs={'region': None, 'blobs_found': 249, 'mask_coverage': 0.2225}
2026-05-25 14:11:41,884 INFO __main__: state={'hearts_full': 3, 'hearts_half': 0, 'health_ratio': 0.188, 'link_pos': [824, 488]}
2026-05-25 14:11:41,884 WARNING games.zelda.policy: Low health | health_ratio=0.19 | task=Task(name='get_wooden_sword')
2026-05-25 14:11:42,038 INFO __main__: link_blobs={'region': None, 'blobs_found': 249, 'mask_coverage': 0.2225}
2026-05-25 14:11:42,038 INFO __main__: state={'hearts_full': 3, 'hearts_half': 0, 'health_ratio': 0.188, 'link_pos': [824, 488]}
2026-05-25 14:11:42,038 WARNING games.zelda.policy: Low health | health_ratio=0.19 | task=Task(name='get_wooden_sword')
2026-05-25 14:11:42,191 INFO __main__: link_blobs={'region': None, 'blobs_found': 249, 'mask_coverage': 0.2225}
2026-05-25 14:11:42,192 INFO __main__: state={'hearts_full': 3, 'hearts_half': 0, 'health_ratio': 0.188, 'link_pos': [824, 488]}
2026-05-25 14:11:42,192 WARNING games.zelda.policy: Low health | health_ratio=0.19 | task=Task(name='get_wooden_sword')
2026-05-25 14:11:42,342 INFO __main__: link_blobs={'region': None, 'blobs_found': 249, 'mask_coverage': 0.2225}
2026-05-25 14:11:42,342 INFO __main__: state={'hearts_full': 3, 'hearts_half': 0, 'health_ratio': 0.188, 'link_pos': [824, 488]}
2026-05-25 14:11:42,343 WARNING games.zelda.policy: Low health | health_ratio=0.19 | task=Task(name='get_wooden_sword')
2026-05-25 14:11:42,520 INFO __main__: link_blobs={'region': None, 'blobs_found': 249, 'mask_coverage': 0.2225}
2026-05-25 14:11:42,520 INFO __main__: state={'hearts_full': 3, 'hearts_half': 0, 'health_ratio': 0.188, 'link_pos': [824, 488]}
2026-05-25 14:11:42,521 WARNING games.zelda.policy: Low health | health_ratio=0.19 | task=Task(name='get_wooden_sword')
2026-05-25 14:11:42,669 INFO __main__: link_blobs={'region': None, 'blobs_found': 249, 'mask_coverage': 0.2225}
2026-05-25 14:11:42,670 INFO __main__: state={'hearts_full': 3, 'hearts_half': 0, 'health_ratio': 0.188, 'link_pos': [824, 488]}
2026-05-25 14:11:42,670 WARNING games.zelda.policy: Low health | health_ratio=0.19 | task=Task(name='get_wooden_sword')
2026-05-25 14:11:42,818 INFO __main__: link_blobs={'region': None, 'blobs_found': 249, 'mask_coverage': 0.2225}
2026-05-25 14:11:42,818 INFO __main__: state={'hearts_full': 3, 'hearts_half': 0, 'health_ratio': 0.188, 'link_pos': [824, 488]}
2026-05-25 14:11:42,819 WARNING games.zelda.policy: Low health | health_ratio=0.19 | task=Task(name='get_wooden_sword')
2026-05-25 14:11:42,983 INFO __main__: link_blobs={'region': None, 'blobs_found': 249, 'mask_coverage': 0.2225}
2026-05-25 14:11:42,983 INFO __main__: state={'hearts_full': 3, 'hearts_half': 0, 'health_ratio': 0.188, 'link_pos': [824, 488]}
2026-05-25 14:11:42,983 WARNING games.zelda.policy: Low health | health_ratio=0.19 | task=Task(name='get_wooden_sword')
2026-05-25 14:11:43,143 INFO __main__: link_blobs={'region': None, 'blobs_found': 249, 'mask_coverage': 0.2225}
2026-05-25 14:11:43,143 INFO __main__: state={'hearts_full': 3, 'hearts_half': 0, 'health_ratio': 0.188, 'link_pos': [824, 488]}
2026-05-25 14:11:43,144 WARNING games.zelda.policy: Low health | health_ratio=0.19 | task=Task(name='get_wooden_sword')
2026-05-25 14:11:43,290 INFO __main__: link_blobs={'region': None, 'blobs_found': 249, 'mask_coverage': 0.2225}
2026-05-25 14:11:43,290 INFO __main__: state={'hearts_full': 3, 'hearts_half': 0, 'health_ratio': 0.188, 'link_pos': [824, 488]}
2026-05-25 14:11:43,290 WARNING games.zelda.policy: Low health | health_ratio=0.19 | task=Task(name='get_wooden_sword')
2026-05-25 14:11:43,438 INFO __main__: link_blobs={'region': None, 'blobs_found': 249, 'mask_coverage': 0.2225}
2026-05-25 14:11:43,438 INFO __main__: state={'hearts_full': 3, 'hearts_half': 0, 'health_ratio': 0.188, 'link_pos': [824, 488]}
2026-05-25 14:11:43,438 WARNING games.zelda.policy: Low health | health_ratio=0.19 | task=Task(name='get_wooden_sword')
2026-05-25 14:11:43,586 INFO __main__: link_blobs={'region': None, 'blobs_found': 249, 'mask_coverage': 0.2225}
2026-05-25 14:11:43,586 INFO __main__: state={'hearts_full': 3, 'hearts_half': 0, 'health_ratio': 0.188, 'link_pos': [824, 488]}
2026-05-25 14:11:43,586 WARNING games.zelda.policy: Low health | health_ratio=0.19 | task=Task(name='get_wooden_sword')
2026-05-25 14:11:43,751 INFO __main__: link_blobs={'region': None, 'blobs_found': 249, 'mask_coverage': 0.2225}
2026-05-25 14:11:43,751 INFO __main__: state={'hearts_full': 3, 'hearts_half': 0, 'health_ratio': 0.188, 'link_pos': [824, 488]}
2026-05-25 14:11:43,751 WARNING games.zelda.policy: Low health | health_ratio=0.19 | task=Task(name='get_wooden_sword')
2026-05-25 14:11:43,905 INFO __main__: link_blobs={'region': None, 'blobs_found': 249, 'mask_coverage': 0.2225}
2026-05-25 14:11:43,906 INFO __main__: state={'hearts_full': 3, 'hearts_half': 0, 'health_ratio': 0.188, 'link_pos': [824, 488]}
2026-05-25 14:11:43,906 WARNING games.zelda.policy: Low health | health_ratio=0.19 | task=Task(name='get_wooden_sword')
2026-05-25 14:11:44,052 INFO __main__: link_blobs={'region': None, 'blobs_found': 249, 'mask_coverage': 0.2225}
2026-05-25 14:11:44,053 INFO __main__: state={'hearts_full': 3, 'hearts_half': 0, 'health_ratio': 0.188, 'link_pos': [824, 488]}
2026-05-25 14:11:44,053 WARNING games.zelda.policy: Low health | health_ratio=0.19 | task=Task(name='get_wooden_sword')
2026-05-25 14:11:44,200 INFO __main__: link_blobs={'region': None, 'blobs_found': 249, 'mask_coverage': 0.2225}
2026-05-25 14:11:44,200 INFO __main__: state={'hearts_full': 3, 'hearts_half': 0, 'health_ratio': 0.188, 'link_pos': [824, 488]}
2026-05-25 14:11:44,200 WARNING games.zelda.policy: Low health | health_ratio=0.19 | task=Task(name='get_wooden_sword')
2026-05-25 14:11:44,349 INFO __main__: link_blobs={'region': None, 'blobs_found': 249, 'mask_coverage': 0.2225}
2026-05-25 14:11:44,350 INFO __main__: state={'hearts_full': 3, 'hearts_half': 0, 'health_ratio': 0.188, 'link_pos': [824, 488]}
2026-05-25 14:11:44,350 WARNING games.zelda.policy: Low health | health_ratio=0.19 | task=Task(name='get_wooden_sword')
2026-05-25 14:11:44,501 INFO __main__: link_blobs={'region': None, 'blobs_found': 249, 'mask_coverage': 0.2225}
2026-05-25 14:11:44,502 INFO __main__: state={'hearts_full': 3, 'hearts_half': 0, 'health_ratio': 0.188, 'link_pos': [824, 488]}
2026-05-25 14:11:44,502 WARNING games.zelda.policy: Low health | health_ratio=0.19 | task=Task(name='get_wooden_sword')
2026-05-25 14:11:44,653 INFO __main__: link_blobs={'region': None, 'blobs_found': 249, 'mask_coverage': 0.2225}
2026-05-25 14:11:44,654 INFO __main__: state={'hearts_full': 3, 'hearts_half': 0, 'health_ratio': 0.188, 'link_pos': [824, 488]}
2026-05-25 14:11:44,654 WARNING games.zelda.policy: Low health | health_ratio=0.19 | task=Task(name='get_wooden_sword')
2026-05-25 14:11:44,814 INFO __main__: link_blobs={'region': None, 'blobs_found': 249, 'mask_coverage': 0.2225}
2026-05-25 14:11:44,814 INFO __main__: state={'hearts_full': 3, 'hearts_half': 0, 'health_ratio': 0.188, 'link_pos': [824, 488]}
2026-05-25 14:11:44,814 WARNING games.zelda.policy: Low health | health_ratio=0.19 | task=Task(name='get_wooden_sword')
2026-05-25 14:11:44,966 INFO __main__: link_blobs={'region': None, 'blobs_found': 249, 'mask_coverage': 0.2225}
2026-05-25 14:11:44,967 INFO __main__: state={'hearts_full': 3, 'hearts_half': 0, 'health_ratio': 0.188, 'link_pos': [824, 488]}
2026-05-25 14:11:44,967 WARNING games.zelda.policy: Low health | health_ratio=0.19 | task=Task(name='get_wooden_sword')
2026-05-25 14:11:45,117 INFO __main__: link_blobs={'region': None, 'blobs_found': 249, 'mask_coverage': 0.2225}
2026-05-25 14:11:45,118 INFO __main__: state={'hearts_full': 3, 'hearts_half': 0, 'health_ratio': 0.188, 'link_pos': [824, 488]}
2026-05-25 14:11:45,118 WARNING games.zelda.policy: Low health | health_ratio=0.19 | task=Task(name='get_wooden_sword')
2026-05-25 14:11:45,274 INFO __main__: link_blobs={'region': None, 'blobs_found': 249, 'mask_coverage': 0.2225}
2026-05-25 14:11:45,274 INFO __main__: state={'hearts_full': 3, 'hearts_half': 0, 'health_ratio': 0.188, 'link_pos': [824, 488]}
2026-05-25 14:11:45,274 WARNING games.zelda.policy: Low health | health_ratio=0.19 | task=Task(name='get_wooden_sword')
2026-05-25 14:11:45,425 INFO __main__: link_blobs={'region': None, 'blobs_found': 249, 'mask_coverage': 0.2225}
2026-05-25 14:11:45,426 INFO __main__: state={'hearts_full': 3, 'hearts_half': 0, 'health_ratio': 0.188, 'link_pos': [824, 488]}
2026-05-25 14:11:45,426 WARNING games.zelda.policy: Low health | health_ratio=0.19 | task=Task(name='get_wooden_sword')
2026-05-25 14:11:45,584 INFO __main__: link_blobs={'region': None, 'blobs_found': 249, 'mask_coverage': 0.2225}
2026-05-25 14:11:45,585 INFO __main__: state={'hearts_full': 3, 'hearts_half': 0, 'health_ratio': 0.188, 'link_pos': [824, 488]}
2026-05-25 14:11:45,585 WARNING games.zelda.policy: Low health | health_ratio=0.19 | task=Task(name='get_wooden_sword')
2026-05-25 14:11:45,745 INFO __main__: link_blobs={'region': None, 'blobs_found': 249, 'mask_coverage': 0.2225}
2026-05-25 14:11:45,746 INFO __main__: state={'hearts_full': 3, 'hearts_half': 0, 'health_ratio': 0.188, 'link_pos': [824, 488]}
2026-05-25 14:11:45,746 WARNING games.zelda.policy: Low health | health_ratio=0.19 | task=Task(name='get_wooden_sword')
2026-05-25 14:11:45,921 INFO __main__: link_blobs={'region': None, 'blobs_found': 249, 'mask_coverage': 0.2225}
2026-05-25 14:11:45,921 INFO __main__: state={'hearts_full': 3, 'hearts_half': 0, 'health_ratio': 0.188, 'link_pos': [824, 488]}
2026-05-25 14:11:45,922 WARNING games.zelda.policy: Low health | health_ratio=0.19 | task=Task(name='get_wooden_sword')
2026-05-25 14:11:46,072 INFO __main__: link_blobs={'region': None, 'blobs_found': 249, 'mask_coverage': 0.2225}
2026-05-25 14:11:46,073 INFO __main__: state={'hearts_full': 3, 'hearts_half': 0, 'health_ratio': 0.188, 'link_pos': [824, 488]}
2026-05-25 14:11:46,073 WARNING games.zelda.policy: Low health | health_ratio=0.19 | task=Task(name='get_wooden_sword')
2026-05-25 14:11:46,231 INFO __main__: link_blobs={'region': None, 'blobs_found': 249, 'mask_coverage': 0.2225}
2026-05-25 14:11:46,232 INFO __main__: state={'hearts_full': 3, 'hearts_half': 0, 'health_ratio': 0.188, 'link_pos': [824, 488]}
2026-05-25 14:11:46,232 WARNING games.zelda.policy: Low health | health_ratio=0.19 | task=Task(name='get_wooden_sword')
2026-05-25 14:11:46,372 INFO __main__: link_blobs={'region': None, 'blobs_found': 249, 'mask_coverage': 0.2225}
2026-05-25 14:11:46,372 INFO __main__: state={'hearts_full': 3, 'hearts_half': 0, 'health_ratio': 0.188, 'link_pos': [824, 488]}
2026-05-25 14:11:46,373 WARNING games.zelda.policy: Low health | health_ratio=0.19 | task=Task(name='get_wooden_sword')
2026-05-25 14:11:46,516 INFO __main__: link_blobs={'region': None, 'blobs_found': 249, 'mask_coverage': 0.2225}
2026-05-25 14:11:46,516 INFO __main__: state={'hearts_full': 3, 'hearts_half': 0, 'health_ratio': 0.188, 'link_pos': [824, 488]}
2026-05-25 14:11:46,516 WARNING games.zelda.policy: Low health | health_ratio=0.19 | task=Task(name='get_wooden_sword')
2026-05-25 14:11:46,673 INFO __main__: link_blobs={'region': None, 'blobs_found': 249, 'mask_coverage': 0.2225}
2026-05-25 14:11:46,673 INFO __main__: state={'hearts_full': 3, 'hearts_half': 0, 'health_ratio': 0.188, 'link_pos': [824, 488]}
2026-05-25 14:11:46,673 WARNING games.zelda.policy: Low health | health_ratio=0.19 | task=Task(name='get_wooden_sword')
2026-05-25 14:11:46,824 INFO __main__: link_blobs={'region': None, 'blobs_found': 249, 'mask_coverage': 0.2225}
2026-05-25 14:11:46,825 INFO __main__: state={'hearts_full': 3, 'hearts_half': 0, 'health_ratio': 0.188, 'link_pos': [824, 488]}
2026-05-25 14:11:46,825 WARNING games.zelda.policy: Low health | health_ratio=0.19 | task=Task(name='get_wooden_sword')
2026-05-25 14:11:46,975 INFO __main__: link_blobs={'region': None, 'blobs_found': 249, 'mask_coverage': 0.2225}
2026-05-25 14:11:46,976 INFO __main__: state={'hearts_full': 3, 'hearts_half': 0, 'health_ratio': 0.188, 'link_pos': [824, 488]}
2026-05-25 14:11:46,976 WARNING games.zelda.policy: Low health | health_ratio=0.19 | task=Task(name='get_wooden_sword')
2026-05-25 14:11:47,126 INFO __main__: link_blobs={'region': None, 'blobs_found': 249, 'mask_coverage': 0.2225}
2026-05-25 14:11:47,128 INFO __main__: state={'hearts_full': 3, 'hearts_half': 0, 'health_ratio': 0.188, 'link_pos': [824, 488]}
2026-05-25 14:11:47,128 WARNING games.zelda.policy: Low health | health_ratio=0.19 | task=Task(name='get_wooden_sword')
2026-05-25 14:11:47,287 INFO __main__: link_blobs={'region': None, 'blobs_found': 249, 'mask_coverage': 0.2225}
2026-05-25 14:11:47,288 INFO __main__: state={'hearts_full': 3, 'hearts_half': 0, 'health_ratio': 0.188, 'link_pos': [824, 488]}
2026-05-25 14:11:47,288 WARNING games.zelda.policy: Low health | health_ratio=0.19 | task=Task(name='get_wooden_sword')
2026-05-25 14:11:47,442 INFO __main__: link_blobs={'region': None, 'blobs_found': 249, 'mask_coverage': 0.2225}
2026-05-25 14:11:47,443 INFO __main__: state={'hearts_full': 3, 'hearts_half': 0, 'health_ratio': 0.188, 'link_pos': [824, 488]}
2026-05-25 14:11:47,443 WARNING games.zelda.policy: Low health | health_ratio=0.19 | task=Task(name='get_wooden_sword')
2026-05-25 14:11:47,591 INFO __main__: link_blobs={'region': None, 'blobs_found': 249, 'mask_coverage': 0.2225}
2026-05-25 14:11:47,592 INFO __main__: state={'hearts_full': 3, 'hearts_half': 0, 'health_ratio': 0.188, 'link_pos': [824, 488]}
2026-05-25 14:11:47,592 WARNING games.zelda.policy: Low health | health_ratio=0.19 | task=Task(name='get_wooden_sword')
2026-05-25 14:11:47,752 INFO __main__: link_blobs={'region': None, 'blobs_found': 249, 'mask_coverage': 0.2225}
2026-05-25 14:11:47,752 INFO __main__: state={'hearts_full': 3, 'hearts_half': 0, 'health_ratio': 0.188, 'link_pos': [824, 488]}
2026-05-25 14:11:47,752 WARNING games.zelda.policy: Low health | health_ratio=0.19 | task=Task(name='get_wooden_sword')
2026-05-25 14:11:47,901 INFO __main__: link_blobs={'region': None, 'blobs_found': 249, 'mask_coverage': 0.2225}
2026-05-25 14:11:47,901 INFO __main__: state={'hearts_full': 3, 'hearts_half': 0, 'health_ratio': 0.188, 'link_pos': [824, 488]}
2026-05-25 14:11:47,901 WARNING games.zelda.policy: Low health | health_ratio=0.19 | task=Task(name='get_wooden_sword')
2026-05-25 14:11:48,052 INFO __main__: link_blobs={'region': None, 'blobs_found': 249, 'mask_coverage': 0.2225}
2026-05-25 14:11:48,053 INFO __main__: state={'hearts_full': 3, 'hearts_half': 0, 'health_ratio': 0.188, 'link_pos': [824, 488]}
2026-05-25 14:11:48,053 WARNING games.zelda.policy: Low health | health_ratio=0.19 | task=Task(name='get_wooden_sword')
2026-05-25 14:11:48,203 INFO __main__: link_blobs={'region': None, 'blobs_found': 249, 'mask_coverage': 0.2225}
2026-05-25 14:11:48,204 INFO __main__: state={'hearts_full': 3, 'hearts_half': 0, 'health_ratio': 0.188, 'link_pos': [824, 488]}
2026-05-25 14:11:48,204 WARNING games.zelda.policy: Low health | health_ratio=0.19 | task=Task(name='get_wooden_sword')
2026-05-25 14:11:48,352 INFO __main__: link_blobs={'region': None, 'blobs_found': 249, 'mask_coverage': 0.2225}
2026-05-25 14:11:48,352 INFO __main__: state={'hearts_full': 3, 'hearts_half': 0, 'health_ratio': 0.188, 'link_pos': [824, 488]}
2026-05-25 14:11:48,352 WARNING games.zelda.policy: Low health | health_ratio=0.19 | task=Task(name='get_wooden_sword')
2026-05-25 14:11:48,505 INFO __main__: link_blobs={'region': None, 'blobs_found': 249, 'mask_coverage': 0.2225}
2026-05-25 14:11:48,506 INFO __main__: state={'hearts_full': 3, 'hearts_half': 0, 'health_ratio': 0.188, 'link_pos': [824, 488]}
2026-05-25 14:11:48,506 WARNING games.zelda.policy: Low health | health_ratio=0.19 | task=Task(name='get_wooden_sword')
2026-05-25 14:11:48,666 INFO __main__: link_blobs={'region': None, 'blobs_found': 249, 'mask_coverage': 0.2225}
2026-05-25 14:11:48,666 INFO __main__: state={'hearts_full': 3, 'hearts_half': 0, 'health_ratio': 0.188, 'link_pos': [824, 488]}
2026-05-25 14:11:48,667 WARNING games.zelda.policy: Low health | health_ratio=0.19 | task=Task(name='get_wooden_sword')
2026-05-25 14:11:48,828 INFO __main__: link_blobs={'region': None, 'blobs_found': 249, 'mask_coverage': 0.2225}
2026-05-25 14:11:48,829 INFO __main__: state={'hearts_full': 3, 'hearts_half': 0, 'health_ratio': 0.188, 'link_pos': [824, 488]}
2026-05-25 14:11:48,829 WARNING games.zelda.policy: Low health | health_ratio=0.19 | task=Task(name='get_wooden_sword')
2026-05-25 14:11:48,975 INFO __main__: link_blobs={'region': None, 'blobs_found': 249, 'mask_coverage': 0.2225}
2026-05-25 14:11:48,976 INFO __main__: state={'hearts_full': 3, 'hearts_half': 0, 'health_ratio': 0.188, 'link_pos': [824, 488]}
2026-05-25 14:11:48,976 WARNING games.zelda.policy: Low health | health_ratio=0.19 | task=Task(name='get_wooden_sword')
2026-05-25 14:11:49,122 INFO __main__: link_blobs={'region': None, 'blobs_found': 249, 'mask_coverage': 0.2225}
2026-05-25 14:11:49,122 INFO __main__: state={'hearts_full': 3, 'hearts_half': 0, 'health_ratio': 0.188, 'link_pos': [824, 488]}
2026-05-25 14:11:49,123 WARNING games.zelda.policy: Low health | health_ratio=0.19 | task=Task(name='get_wooden_sword')
2026-05-25 14:11:49,268 INFO __main__: link_blobs={'region': None, 'blobs_found': 249, 'mask_coverage': 0.2225}
2026-05-25 14:11:49,268 INFO __main__: state={'hearts_full': 3, 'hearts_half': 0, 'health_ratio': 0.188, 'link_pos': [824, 488]}
2026-05-25 14:11:49,268 WARNING games.zelda.policy: Low health | health_ratio=0.19 | task=Task(name='get_wooden_sword')
2026-05-25 14:11:49,417 INFO __main__: link_blobs={'region': None, 'blobs_found': 249, 'mask_coverage': 0.2225}
2026-05-25 14:11:49,418 INFO __main__: state={'hearts_full': 3, 'hearts_half': 0, 'health_ratio': 0.188, 'link_pos': [824, 488]}
2026-05-25 14:11:49,418 WARNING games.zelda.policy: Low health | health_ratio=0.19 | task=Task(name='get_wooden_sword')
2026-05-25 14:11:49,580 INFO __main__: link_blobs={'region': None, 'blobs_found': 249, 'mask_coverage': 0.2225}
2026-05-25 14:11:49,580 INFO __main__: state={'hearts_full': 3, 'hearts_half': 0, 'health_ratio': 0.188, 'link_pos': [824, 488]}
2026-05-25 14:11:49,580 WARNING games.zelda.policy: Low health | health_ratio=0.19 | task=Task(name='get_wooden_sword')
2026-05-25 14:11:49,752 INFO __main__: link_blobs={'region': None, 'blobs_found': 249, 'mask_coverage': 0.2225}
2026-05-25 14:11:49,753 INFO __main__: state={'hearts_full': 3, 'hearts_half': 0, 'health_ratio': 0.188, 'link_pos': [824, 488]}
2026-05-25 14:11:49,753 WARNING games.zelda.policy: Low health | health_ratio=0.19 | task=Task(name='get_wooden_sword')
2026-05-25 14:11:49,901 INFO __main__: link_blobs={'region': None, 'blobs_found': 249, 'mask_coverage': 0.2225}
2026-05-25 14:11:49,901 INFO __main__: state={'hearts_full': 3, 'hearts_half': 0, 'health_ratio': 0.188, 'link_pos': [824, 488]}
2026-05-25 14:11:49,901 WARNING games.zelda.policy: Low health | health_ratio=0.19 | task=Task(name='get_wooden_sword')
2026-05-25 14:11:50,051 INFO __main__: link_blobs={'region': None, 'blobs_found': 249, 'mask_coverage': 0.2225}
2026-05-25 14:11:50,052 INFO __main__: state={'hearts_full': 3, 'hearts_half': 0, 'health_ratio': 0.188, 'link_pos': [824, 488]}
2026-05-25 14:11:50,052 WARNING games.zelda.policy: Low health | health_ratio=0.19 | task=Task(name='get_wooden_sword')
2026-05-25 14:11:50,201 INFO __main__: link_blobs={'region': None, 'blobs_found': 249, 'mask_coverage': 0.2225}
2026-05-25 14:11:50,202 INFO __main__: state={'hearts_full': 3, 'hearts_half': 0, 'health_ratio': 0.188, 'link_pos': [824, 488]}
2026-05-25 14:11:50,202 WARNING games.zelda.policy: Low health | health_ratio=0.19 | task=Task(name='get_wooden_sword')
2026-05-25 14:11:50,355 INFO __main__: link_blobs={'region': None, 'blobs_found': 249, 'mask_coverage': 0.2225}
2026-05-25 14:11:50,355 INFO __main__: state={'hearts_full': 3, 'hearts_half': 0, 'health_ratio': 0.188, 'link_pos': [824, 488]}
2026-05-25 14:11:50,355 WARNING games.zelda.policy: Low health | health_ratio=0.19 | task=Task(name='get_wooden_sword')
2026-05-25 14:11:50,501 INFO __main__: link_blobs={'region': None, 'blobs_found': 249, 'mask_coverage': 0.2225}
2026-05-25 14:11:50,501 INFO __main__: state={'hearts_full': 3, 'hearts_half': 0, 'health_ratio': 0.188, 'link_pos': [824, 488]}
2026-05-25 14:11:50,501 WARNING games.zelda.policy: Low health | health_ratio=0.19 | task=Task(name='get_wooden_sword')
2026-05-25 14:11:50,649 INFO __main__: link_blobs={'region': None, 'blobs_found': 249, 'mask_coverage': 0.2225}
2026-05-25 14:11:50,650 INFO __main__: state={'hearts_full': 3, 'hearts_half': 0, 'health_ratio': 0.188, 'link_pos': [824, 488]}
2026-05-25 14:11:50,650 WARNING games.zelda.policy: Low health | health_ratio=0.19 | task=Task(name='get_wooden_sword')
2026-05-25 14:11:50,803 INFO __main__: link_blobs={'region': None, 'blobs_found': 249, 'mask_coverage': 0.2225}
2026-05-25 14:11:50,803 INFO __main__: state={'hearts_full': 3, 'hearts_half': 0, 'health_ratio': 0.188, 'link_pos': [824, 488]}
2026-05-25 14:11:50,803 WARNING games.zelda.policy: Low health | health_ratio=0.19 | task=Task(name='get_wooden_sword')
2026-05-25 14:11:50,958 INFO __main__: link_blobs={'region': None, 'blobs_found': 249, 'mask_coverage': 0.2225}
2026-05-25 14:11:50,959 INFO __main__: state={'hearts_full': 3, 'hearts_half': 0, 'health_ratio': 0.188, 'link_pos': [824, 488]}
2026-05-25 14:11:50,959 WARNING games.zelda.policy: Low health | health_ratio=0.19 | task=Task(name='get_wooden_sword')
2026-05-25 14:11:51,105 INFO __main__: link_blobs={'region': None, 'blobs_found': 249, 'mask_coverage': 0.2225}
2026-05-25 14:11:51,105 INFO __main__: state={'hearts_full': 3, 'hearts_half': 0, 'health_ratio': 0.188, 'link_pos': [824, 488]}
2026-05-25 14:11:51,106 WARNING games.zelda.policy: Low health | health_ratio=0.19 | task=Task(name='get_wooden_sword')
2026-05-25 14:11:51,266 INFO __main__: link_blobs={'region': None, 'blobs_found': 249, 'mask_coverage': 0.2225}
2026-05-25 14:11:51,267 INFO __main__: state={'hearts_full': 3, 'hearts_half': 0, 'health_ratio': 0.188, 'link_pos': [824, 488]}
2026-05-25 14:11:51,267 WARNING games.zelda.policy: Low health | health_ratio=0.19 | task=Task(name='get_wooden_sword')
2026-05-25 14:11:51,421 INFO __main__: link_blobs={'region': None, 'blobs_found': 249, 'mask_coverage': 0.2225}
2026-05-25 14:11:51,421 INFO __main__: state={'hearts_full': 3, 'hearts_half': 0, 'health_ratio': 0.188, 'link_pos': [824, 488]}
2026-05-25 14:11:51,421 WARNING games.zelda.policy: Low health | health_ratio=0.19 | task=Task(name='get_wooden_sword')
2026-05-25 14:11:51,571 INFO __main__: link_blobs={'region': None, 'blobs_found': 249, 'mask_coverage': 0.2225}
2026-05-25 14:11:51,571 INFO __main__: state={'hearts_full': 3, 'hearts_half': 0, 'health_ratio': 0.188, 'link_pos': [824, 488]}
2026-05-25 14:11:51,571 WARNING games.zelda.policy: Low health | health_ratio=0.19 | task=Task(name='get_wooden_sword')
2026-05-25 14:11:51,722 INFO __main__: link_blobs={'region': None, 'blobs_found': 249, 'mask_coverage': 0.2225}
2026-05-25 14:11:51,723 INFO __main__: state={'hearts_full': 3, 'hearts_half': 0, 'health_ratio': 0.188, 'link_pos': [824, 488]}
2026-05-25 14:11:51,723 WARNING games.zelda.policy: Low health | health_ratio=0.19 | task=Task(name='get_wooden_sword')
2026-05-25 14:11:51,873 INFO __main__: link_blobs={'region': None, 'blobs_found': 249, 'mask_coverage': 0.2225}
2026-05-25 14:11:51,873 INFO __main__: state={'hearts_full': 3, 'hearts_half': 0, 'health_ratio': 0.188, 'link_pos': [824, 488]}
2026-05-25 14:11:51,873 WARNING games.zelda.policy: Low health | health_ratio=0.19 | task=Task(name='get_wooden_sword')
2026-05-25 14:11:52,045 INFO __main__: link_blobs={'region': None, 'blobs_found': 249, 'mask_coverage': 0.2225}
2026-05-25 14:11:52,045 INFO __main__: state={'hearts_full': 3, 'hearts_half': 0, 'health_ratio': 0.188, 'link_pos': [824, 488]}
2026-05-25 14:11:52,045 WARNING games.zelda.policy: Low health | health_ratio=0.19 | task=Task(name='get_wooden_sword')
2026-05-25 14:20:32,784 INFO games.zelda.policy: ZeldaPolicy initialized | [zelda_opening] 1/4: get_wooden_sword
2026-05-25 14:20:32,889 INFO __main__: Detected region: x=32, y=334, w=879, h=672
2026-05-25 14:20:32,889 INFO __main__: Detected 'RetroArch QuickNES 1.0-WIP 7178256' at region (32, 334, 879, 672)
2026-05-25 14:20:32,893 INFO __main__: ScreenCapture region: (32, 334, 879, 672)
2026-05-25 14:20:32,893 INFO __main__: Starting loop at 30 FPS
2026-05-25 14:20:33,066 INFO __main__: link_blobs={'region': None, 'blobs_found': 3, 'mask_coverage': 0.0036}
2026-05-25 14:20:33,066 INFO __main__: state={'hearts_full': 3, 'hearts_half': 0, 'health_ratio': 0.188, 'link_pos': [439, 430]}
2026-05-25 14:20:33,066 WARNING games.zelda.policy: Low health | health_ratio=0.19 | task=Task(name='get_wooden_sword')
2026-05-25 14:20:33,270 INFO __main__: link_blobs={'region': None, 'blobs_found': 3, 'mask_coverage': 0.0036}
2026-05-25 14:20:33,271 INFO __main__: state={'hearts_full': 3, 'hearts_half': 0, 'health_ratio': 0.188, 'link_pos': [439, 430]}
2026-05-25 14:20:33,271 WARNING games.zelda.policy: Low health | health_ratio=0.19 | task=Task(name='get_wooden_sword')
2026-05-25 14:20:33,431 INFO __main__: link_blobs={'region': None, 'blobs_found': 3, 'mask_coverage': 0.0036}
2026-05-25 14:20:33,431 INFO __main__: state={'hearts_full': 3, 'hearts_half': 0, 'health_ratio': 0.188, 'link_pos': [439, 430]}
2026-05-25 14:20:33,431 WARNING games.zelda.policy: Low health | health_ratio=0.19 | task=Task(name='get_wooden_sword')
2026-05-25 14:20:33,575 INFO __main__: link_blobs={'region': None, 'blobs_found': 3, 'mask_coverage': 0.0036}
2026-05-25 14:20:33,575 INFO __main__: state={'hearts_full': 3, 'hearts_half': 0, 'health_ratio': 0.188, 'link_pos': [439, 430]}
2026-05-25 14:20:33,575 WARNING games.zelda.policy: Low health | health_ratio=0.19 | task=Task(name='get_wooden_sword')
2026-05-25 14:20:33,720 INFO __main__: link_blobs={'region': None, 'blobs_found': 3, 'mask_coverage': 0.0036}
2026-05-25 14:20:33,721 INFO __main__: state={'hearts_full': 3, 'hearts_half': 0, 'health_ratio': 0.188, 'link_pos': [439, 430]}
2026-05-25 14:20:33,721 WARNING games.zelda.policy: Low health | health_ratio=0.19 | task=Task(name='get_wooden_sword')
2026-05-25 14:20:33,874 INFO __main__: link_blobs={'region': None, 'blobs_found': 3, 'mask_coverage': 0.0036}
2026-05-25 14:20:33,874 INFO __main__: state={'hearts_full': 3, 'hearts_half': 0, 'health_ratio': 0.188, 'link_pos': [439, 430]}
2026-05-25 14:20:33,874 WARNING games.zelda.policy: Low health | health_ratio=0.19 | task=Task(name='get_wooden_sword')
2026-05-25 14:20:34,024 INFO __main__: link_blobs={'region': None, 'blobs_found': 3, 'mask_coverage': 0.0036}
2026-05-25 14:20:34,024 INFO __main__: state={'hearts_full': 3, 'hearts_half': 0, 'health_ratio': 0.188, 'link_pos': [439, 430]}
2026-05-25 14:20:34,025 WARNING games.zelda.policy: Low health | health_ratio=0.19 | task=Task(name='get_wooden_sword')
2026-05-25 14:20:34,199 INFO __main__: link_blobs={'region': None, 'blobs_found': 3, 'mask_coverage': 0.0036}
2026-05-25 14:20:34,199 INFO __main__: state={'hearts_full': 3, 'hearts_half': 0, 'health_ratio': 0.188, 'link_pos': [439, 430]}
2026-05-25 14:20:34,201 WARNING games.zelda.policy: Low health | health_ratio=0.19 | task=Task(name='get_wooden_sword')
2026-05-25 14:20:34,370 INFO __main__: link_blobs={'region': None, 'blobs_found': 3, 'mask_coverage': 0.0036}
2026-05-25 14:20:34,370 INFO __main__: state={'hearts_full': 3, 'hearts_half': 0, 'health_ratio': 0.188, 'link_pos': [439, 430]}
2026-05-25 14:20:34,370 WARNING games.zelda.policy: Low health | health_ratio=0.19 | task=Task(name='get_wooden_sword')
2026-05-25 14:20:34,545 INFO __main__: link_blobs={'region': None, 'blobs_found': 3, 'mask_coverage': 0.0036}
2026-05-25 14:20:34,545 INFO __main__: state={'hearts_full': 3, 'hearts_half': 0, 'health_ratio': 0.188, 'link_pos': [439, 430]}
2026-05-25 14:20:34,545 WARNING games.zelda.policy: Low health | health_ratio=0.19 | task=Task(name='get_wooden_sword')
2026-05-25 14:20:34,704 INFO __main__: link_blobs={'region': None, 'blobs_found': 3, 'mask_coverage': 0.0036}
2026-05-25 14:20:34,705 INFO __main__: state={'hearts_full': 3, 'hearts_half': 0, 'health_ratio': 0.188, 'link_pos': [439, 430]}
2026-05-25 14:20:34,705 WARNING games.zelda.policy: Low health | health_ratio=0.19 | task=Task(name='get_wooden_sword')
2026-05-25 14:20:34,851 INFO __main__: link_blobs={'region': None, 'blobs_found': 3, 'mask_coverage': 0.0036}
2026-05-25 14:20:34,851 INFO __main__: state={'hearts_full': 3, 'hearts_half': 0, 'health_ratio': 0.188, 'link_pos': [439, 430]}
2026-05-25 14:20:34,851 WARNING games.zelda.policy: Low health | health_ratio=0.19 | task=Task(name='get_wooden_sword')
2026-05-25 14:20:35,024 INFO __main__: link_blobs={'region': None, 'blobs_found': 3, 'mask_coverage': 0.0036}
2026-05-25 14:20:35,024 INFO __main__: state={'hearts_full': 3, 'hearts_half': 0, 'health_ratio': 0.188, 'link_pos': [439, 430]}
2026-05-25 14:20:35,024 WARNING games.zelda.policy: Low health | health_ratio=0.19 | task=Task(name='get_wooden_sword')
2026-05-25 14:20:35,198 INFO __main__: link_blobs={'region': None, 'blobs_found': 3, 'mask_coverage': 0.0036}
2026-05-25 14:20:35,198 INFO __main__: state={'hearts_full': 3, 'hearts_half': 0, 'health_ratio': 0.188, 'link_pos': [439, 430]}
2026-05-25 14:20:35,198 WARNING games.zelda.policy: Low health | health_ratio=0.19 | task=Task(name='get_wooden_sword')
2026-05-25 14:20:35,375 INFO __main__: link_blobs={'region': None, 'blobs_found': 3, 'mask_coverage': 0.0036}
2026-05-25 14:20:35,375 INFO __main__: state={'hearts_full': 3, 'hearts_half': 0, 'health_ratio': 0.188, 'link_pos': [439, 430]}
2026-05-25 14:20:35,376 WARNING games.zelda.policy: Low health | health_ratio=0.19 | task=Task(name='get_wooden_sword')
2026-05-25 14:20:35,532 INFO __main__: link_blobs={'region': None, 'blobs_found': 3, 'mask_coverage': 0.0036}
2026-05-25 14:20:35,532 INFO __main__: state={'hearts_full': 3, 'hearts_half': 0, 'health_ratio': 0.188, 'link_pos': [439, 430]}
2026-05-25 14:20:35,533 WARNING games.zelda.policy: Low health | health_ratio=0.19 | task=Task(name='get_wooden_sword')
2026-05-25 14:20:35,690 INFO __main__: link_blobs={'region': None, 'blobs_found': 3, 'mask_coverage': 0.0036}
2026-05-25 14:20:35,691 INFO __main__: state={'hearts_full': 3, 'hearts_half': 0, 'health_ratio': 0.188, 'link_pos': [439, 430]}
2026-05-25 14:20:35,691 WARNING games.zelda.policy: Low health | health_ratio=0.19 | task=Task(name='get_wooden_sword')
2026-05-25 14:20:35,838 INFO __main__: link_blobs={'region': None, 'blobs_found': 3, 'mask_coverage': 0.0036}
2026-05-25 14:20:35,840 INFO __main__: state={'hearts_full': 3, 'hearts_half': 0, 'health_ratio': 0.188, 'link_pos': [439, 430]}
2026-05-25 14:20:35,840 WARNING games.zelda.policy: Low health | health_ratio=0.19 | task=Task(name='get_wooden_sword')
2026-05-25 14:20:36,010 INFO __main__: link_blobs={'region': None, 'blobs_found': 3, 'mask_coverage': 0.0036}
2026-05-25 14:20:36,010 INFO __main__: state={'hearts_full': 3, 'hearts_half': 0, 'health_ratio': 0.188, 'link_pos': [439, 430]}
2026-05-25 14:20:36,010 WARNING games.zelda.policy: Low health | health_ratio=0.19 | task=Task(name='get_wooden_sword')
2026-05-25 14:20:36,171 INFO __main__: link_blobs={'region': None, 'blobs_found': 3, 'mask_coverage': 0.0036}
2026-05-25 14:20:36,172 INFO __main__: state={'hearts_full': 3, 'hearts_half': 0, 'health_ratio': 0.188, 'link_pos': [439, 430]}
2026-05-25 14:20:36,172 WARNING games.zelda.policy: Low health | health_ratio=0.19 | task=Task(name='get_wooden_sword')
2026-05-25 14:20:36,322 INFO __main__: link_blobs={'region': None, 'blobs_found': 3, 'mask_coverage': 0.0036}
2026-05-25 14:20:36,323 INFO __main__: state={'hearts_full': 3, 'hearts_half': 0, 'health_ratio': 0.188, 'link_pos': [439, 430]}
2026-05-25 14:20:36,323 WARNING games.zelda.policy: Low health | health_ratio=0.19 | task=Task(name='get_wooden_sword')
2026-05-25 14:20:36,522 INFO __main__: link_blobs={'region': None, 'blobs_found': 3, 'mask_coverage': 0.0036}
2026-05-25 14:20:36,522 INFO __main__: state={'hearts_full': 3, 'hearts_half': 0, 'health_ratio': 0.188, 'link_pos': [439, 430]}
2026-05-25 14:20:36,522 WARNING games.zelda.policy: Low health | health_ratio=0.19 | task=Task(name='get_wooden_sword')
2026-05-25 14:20:36,734 INFO __main__: link_blobs={'region': None, 'blobs_found': 3, 'mask_coverage': 0.0036}
2026-05-25 14:20:36,734 INFO __main__: state={'hearts_full': 3, 'hearts_half': 0, 'health_ratio': 0.188, 'link_pos': [439, 430]}
2026-05-25 14:20:36,735 WARNING games.zelda.policy: Low health | health_ratio=0.19 | task=Task(name='get_wooden_sword')
2026-05-25 14:20:36,932 INFO __main__: link_blobs={'region': None, 'blobs_found': 3, 'mask_coverage': 0.0036}
2026-05-25 14:20:36,932 INFO __main__: state={'hearts_full': 3, 'hearts_half': 0, 'health_ratio': 0.188, 'link_pos': [439, 430]}
2026-05-25 14:20:36,933 WARNING games.zelda.policy: Low health | health_ratio=0.19 | task=Task(name='get_wooden_sword')
2026-05-25 14:20:37,113 INFO __main__: link_blobs={'region': None, 'blobs_found': 3, 'mask_coverage': 0.0036}
2026-05-25 14:20:37,114 INFO __main__: state={'hearts_full': 3, 'hearts_half': 0, 'health_ratio': 0.188, 'link_pos': [439, 430]}
2026-05-25 14:20:37,114 WARNING games.zelda.policy: Low health | health_ratio=0.19 | task=Task(name='get_wooden_sword')
2026-05-25 14:20:37,283 INFO __main__: link_blobs={'region': None, 'blobs_found': 3, 'mask_coverage': 0.0036}
2026-05-25 14:20:37,284 INFO __main__: state={'hearts_full': 3, 'hearts_half': 0, 'health_ratio': 0.188, 'link_pos': [439, 430]}
2026-05-25 14:20:37,284 WARNING games.zelda.policy: Low health | health_ratio=0.19 | task=Task(name='get_wooden_sword')
2026-05-25 14:20:37,452 INFO __main__: link_blobs={'region': None, 'blobs_found': 3, 'mask_coverage': 0.0036}
2026-05-25 14:20:37,452 INFO __main__: state={'hearts_full': 3, 'hearts_half': 0, 'health_ratio': 0.188, 'link_pos': [439, 430]}
2026-05-25 14:20:37,452 WARNING games.zelda.policy: Low health | health_ratio=0.19 | task=Task(name='get_wooden_sword')
2026-05-25 14:20:37,613 INFO __main__: link_blobs={'region': None, 'blobs_found': 3, 'mask_coverage': 0.0036}
2026-05-25 14:20:37,613 INFO __main__: state={'hearts_full': 3, 'hearts_half': 0, 'health_ratio': 0.188, 'link_pos': [439, 430]}
2026-05-25 14:20:37,613 WARNING games.zelda.policy: Low health | health_ratio=0.19 | task=Task(name='get_wooden_sword')
2026-05-25 14:20:37,773 INFO __main__: link_blobs={'region': None, 'blobs_found': 3, 'mask_coverage': 0.0036}
2026-05-25 14:20:37,773 INFO __main__: state={'hearts_full': 3, 'hearts_half': 0, 'health_ratio': 0.188, 'link_pos': [439, 430]}
2026-05-25 14:20:37,773 WARNING games.zelda.policy: Low health | health_ratio=0.19 | task=Task(name='get_wooden_sword')
2026-05-25 14:20:37,949 INFO __main__: link_blobs={'region': None, 'blobs_found': 3, 'mask_coverage': 0.0036}
2026-05-25 14:20:37,949 INFO __main__: state={'hearts_full': 3, 'hearts_half': 0, 'health_ratio': 0.188, 'link_pos': [439, 430]}
2026-05-25 14:20:37,949 WARNING games.zelda.policy: Low health | health_ratio=0.19 | task=Task(name='get_wooden_sword')
2026-05-25 14:20:38,109 INFO __main__: link_blobs={'region': None, 'blobs_found': 3, 'mask_coverage': 0.0036}
2026-05-25 14:20:38,109 INFO __main__: state={'hearts_full': 3, 'hearts_half': 0, 'health_ratio': 0.188, 'link_pos': [439, 430]}
2026-05-25 14:20:38,109 WARNING games.zelda.policy: Low health | health_ratio=0.19 | task=Task(name='get_wooden_sword')
2026-05-25 14:20:38,273 INFO __main__: link_blobs={'region': None, 'blobs_found': 3, 'mask_coverage': 0.0036}
2026-05-25 14:20:38,273 INFO __main__: state={'hearts_full': 3, 'hearts_half': 0, 'health_ratio': 0.188, 'link_pos': [439, 430]}
2026-05-25 14:20:38,273 WARNING games.zelda.policy: Low health | health_ratio=0.19 | task=Task(name='get_wooden_sword')
2026-05-25 14:20:38,420 INFO __main__: link_blobs={'region': None, 'blobs_found': 3, 'mask_coverage': 0.0036}
2026-05-25 14:20:38,422 INFO __main__: state={'hearts_full': 3, 'hearts_half': 0, 'health_ratio': 0.188, 'link_pos': [439, 430]}
2026-05-25 14:20:38,422 WARNING games.zelda.policy: Low health | health_ratio=0.19 | task=Task(name='get_wooden_sword')
2026-05-25 14:20:38,574 INFO __main__: link_blobs={'region': None, 'blobs_found': 3, 'mask_coverage': 0.0036}
2026-05-25 14:20:38,574 INFO __main__: state={'hearts_full': 3, 'hearts_half': 0, 'health_ratio': 0.188, 'link_pos': [439, 430]}
2026-05-25 14:20:38,575 WARNING games.zelda.policy: Low health | health_ratio=0.19 | task=Task(name='get_wooden_sword')
2026-05-25 14:20:38,738 INFO __main__: link_blobs={'region': None, 'blobs_found': 3, 'mask_coverage': 0.0036}
2026-05-25 14:20:38,738 INFO __main__: state={'hearts_full': 3, 'hearts_half': 0, 'health_ratio': 0.188, 'link_pos': [439, 430]}
2026-05-25 14:20:38,739 WARNING games.zelda.policy: Low health | health_ratio=0.19 | task=Task(name='get_wooden_sword')
2026-05-25 14:20:38,887 INFO __main__: link_blobs={'region': None, 'blobs_found': 3, 'mask_coverage': 0.0036}
2026-05-25 14:20:38,887 INFO __main__: state={'hearts_full': 3, 'hearts_half': 0, 'health_ratio': 0.188, 'link_pos': [439, 430]}
2026-05-25 14:20:38,887 WARNING games.zelda.policy: Low health | health_ratio=0.19 | task=Task(name='get_wooden_sword')
2026-05-25 14:20:39,058 INFO __main__: link_blobs={'region': None, 'blobs_found': 3, 'mask_coverage': 0.0036}
2026-05-25 14:20:39,058 INFO __main__: state={'hearts_full': 3, 'hearts_half': 0, 'health_ratio': 0.188, 'link_pos': [439, 430]}
2026-05-25 14:20:39,058 WARNING games.zelda.policy: Low health | health_ratio=0.19 | task=Task(name='get_wooden_sword')
2026-05-25 14:20:39,225 INFO __main__: link_blobs={'region': None, 'blobs_found': 3, 'mask_coverage': 0.0036}
2026-05-25 14:20:39,226 INFO __main__: state={'hearts_full': 3, 'hearts_half': 0, 'health_ratio': 0.188, 'link_pos': [439, 430]}
2026-05-25 14:20:39,226 WARNING games.zelda.policy: Low health | health_ratio=0.19 | task=Task(name='get_wooden_sword')
2026-05-25 14:20:39,404 INFO __main__: link_blobs={'region': None, 'blobs_found': 3, 'mask_coverage': 0.0036}
2026-05-25 14:20:39,404 INFO __main__: state={'hearts_full': 3, 'hearts_half': 0, 'health_ratio': 0.188, 'link_pos': [439, 430]}
2026-05-25 14:20:39,404 WARNING games.zelda.policy: Low health | health_ratio=0.19 | task=Task(name='get_wooden_sword')
2026-05-25 14:20:39,565 INFO __main__: link_blobs={'region': None, 'blobs_found': 3, 'mask_coverage': 0.0036}
2026-05-25 14:20:39,565 INFO __main__: state={'hearts_full': 3, 'hearts_half': 0, 'health_ratio': 0.188, 'link_pos': [439, 430]}
2026-05-25 14:20:39,565 WARNING games.zelda.policy: Low health | health_ratio=0.19 | task=Task(name='get_wooden_sword')
2026-05-25 14:20:39,725 INFO __main__: link_blobs={'region': None, 'blobs_found': 3, 'mask_coverage': 0.0036}
2026-05-25 14:20:39,726 INFO __main__: state={'hearts_full': 3, 'hearts_half': 0, 'health_ratio': 0.188, 'link_pos': [439, 430]}
2026-05-25 14:20:39,726 WARNING games.zelda.policy: Low health | health_ratio=0.19 | task=Task(name='get_wooden_sword')
2026-05-25 14:20:39,885 INFO __main__: link_blobs={'region': None, 'blobs_found': 3, 'mask_coverage': 0.0036}
2026-05-25 14:20:39,885 INFO __main__: state={'hearts_full': 3, 'hearts_half': 0, 'health_ratio': 0.188, 'link_pos': [439, 430]}
2026-05-25 14:20:39,885 WARNING games.zelda.policy: Low health | health_ratio=0.19 | task=Task(name='get_wooden_sword')
2026-05-25 14:20:40,054 INFO __main__: link_blobs={'region': None, 'blobs_found': 3, 'mask_coverage': 0.0036}
2026-05-25 14:20:40,054 INFO __main__: state={'hearts_full': 3, 'hearts_half': 0, 'health_ratio': 0.188, 'link_pos': [439, 430]}
2026-05-25 14:20:40,054 WARNING games.zelda.policy: Low health | health_ratio=0.19 | task=Task(name='get_wooden_sword')
2026-05-25 14:20:40,208 INFO __main__: link_blobs={'region': None, 'blobs_found': 3, 'mask_coverage': 0.0036}
2026-05-25 14:20:40,208 INFO __main__: state={'hearts_full': 3, 'hearts_half': 0, 'health_ratio': 0.188, 'link_pos': [439, 430]}
2026-05-25 14:20:40,208 WARNING games.zelda.policy: Low health | health_ratio=0.19 | task=Task(name='get_wooden_sword')
2026-05-25 14:20:40,369 INFO __main__: link_blobs={'region': None, 'blobs_found': 3, 'mask_coverage': 0.0036}
2026-05-25 14:20:40,370 INFO __main__: state={'hearts_full': 3, 'hearts_half': 0, 'health_ratio': 0.188, 'link_pos': [439, 430]}
2026-05-25 14:20:40,370 WARNING games.zelda.policy: Low health | health_ratio=0.19 | task=Task(name='get_wooden_sword')
2026-05-25 14:20:40,536 INFO __main__: link_blobs={'region': None, 'blobs_found': 3, 'mask_coverage': 0.0036}
2026-05-25 14:20:40,536 INFO __main__: state={'hearts_full': 3, 'hearts_half': 0, 'health_ratio': 0.188, 'link_pos': [439, 430]}
2026-05-25 14:20:40,537 WARNING games.zelda.policy: Low health | health_ratio=0.19 | task=Task(name='get_wooden_sword')
2026-05-25 14:20:40,698 INFO __main__: link_blobs={'region': None, 'blobs_found': 3, 'mask_coverage': 0.0036}
2026-05-25 14:20:40,698 INFO __main__: state={'hearts_full': 3, 'hearts_half': 0, 'health_ratio': 0.188, 'link_pos': [439, 430]}
2026-05-25 14:20:40,698 WARNING games.zelda.policy: Low health | health_ratio=0.19 | task=Task(name='get_wooden_sword')
2026-05-25 14:20:40,854 INFO __main__: link_blobs={'region': None, 'blobs_found': 3, 'mask_coverage': 0.0036}
2026-05-25 14:20:40,854 INFO __main__: state={'hearts_full': 3, 'hearts_half': 0, 'health_ratio': 0.188, 'link_pos': [439, 430]}
2026-05-25 14:20:40,854 WARNING games.zelda.policy: Low health | health_ratio=0.19 | task=Task(name='get_wooden_sword')
2026-05-25 14:20:41,009 INFO __main__: link_blobs={'region': None, 'blobs_found': 3, 'mask_coverage': 0.0036}
2026-05-25 14:20:41,009 INFO __main__: state={'hearts_full': 3, 'hearts_half': 0, 'health_ratio': 0.188, 'link_pos': [439, 430]}
2026-05-25 14:20:41,009 WARNING games.zelda.policy: Low health | health_ratio=0.19 | task=Task(name='get_wooden_sword')
2026-05-25 14:20:41,186 INFO __main__: link_blobs={'region': None, 'blobs_found': 3, 'mask_coverage': 0.0036}
2026-05-25 14:20:41,186 INFO __main__: state={'hearts_full': 3, 'hearts_half': 0, 'health_ratio': 0.188, 'link_pos': [439, 430]}
2026-05-25 14:20:41,186 WARNING games.zelda.policy: Low health | health_ratio=0.19 | task=Task(name='get_wooden_sword')
2026-05-25 14:20:41,347 INFO __main__: link_blobs={'region': None, 'blobs_found': 3, 'mask_coverage': 0.0036}
2026-05-25 14:20:41,347 INFO __main__: state={'hearts_full': 3, 'hearts_half': 0, 'health_ratio': 0.188, 'link_pos': [439, 430]}
2026-05-25 14:20:41,347 WARNING games.zelda.policy: Low health | health_ratio=0.19 | task=Task(name='get_wooden_sword')
2026-05-25 14:20:41,515 INFO __main__: link_blobs={'region': None, 'blobs_found': 3, 'mask_coverage': 0.0036}
2026-05-25 14:20:41,515 INFO __main__: state={'hearts_full': 3, 'hearts_half': 0, 'health_ratio': 0.188, 'link_pos': [439, 430]}
2026-05-25 14:20:41,515 WARNING games.zelda.policy: Low health | health_ratio=0.19 | task=Task(name='get_wooden_sword')
2026-05-25 14:20:41,689 INFO __main__: link_blobs={'region': None, 'blobs_found': 3, 'mask_coverage': 0.0036}
2026-05-25 14:20:41,689 INFO __main__: state={'hearts_full': 3, 'hearts_half': 0, 'health_ratio': 0.188, 'link_pos': [439, 430]}
2026-05-25 14:20:41,689 WARNING games.zelda.policy: Low health | health_ratio=0.19 | task=Task(name='get_wooden_sword')
2026-05-25 14:20:41,841 INFO __main__: link_blobs={'region': None, 'blobs_found': 3, 'mask_coverage': 0.0036}
2026-05-25 14:20:41,841 INFO __main__: state={'hearts_full': 3, 'hearts_half': 0, 'health_ratio': 0.188, 'link_pos': [439, 430]}
2026-05-25 14:20:41,841 WARNING games.zelda.policy: Low health | health_ratio=0.19 | task=Task(name='get_wooden_sword')
2026-05-25 14:20:42,007 INFO __main__: link_blobs={'region': None, 'blobs_found': 3, 'mask_coverage': 0.0036}
2026-05-25 14:20:42,007 INFO __main__: state={'hearts_full': 3, 'hearts_half': 0, 'health_ratio': 0.188, 'link_pos': [439, 430]}
2026-05-25 14:20:42,007 WARNING games.zelda.policy: Low health | health_ratio=0.19 | task=Task(name='get_wooden_sword')
2026-05-25 14:20:42,174 INFO __main__: link_blobs={'region': None, 'blobs_found': 3, 'mask_coverage': 0.0036}
2026-05-25 14:20:42,175 INFO __main__: state={'hearts_full': 3, 'hearts_half': 0, 'health_ratio': 0.188, 'link_pos': [439, 430]}
2026-05-25 14:20:42,175 WARNING games.zelda.policy: Low health | health_ratio=0.19 | task=Task(name='get_wooden_sword')
2026-05-25 14:20:42,332 INFO __main__: link_blobs={'region': None, 'blobs_found': 3, 'mask_coverage': 0.0036}
2026-05-25 14:20:42,332 INFO __main__: state={'hearts_full': 3, 'hearts_half': 0, 'health_ratio': 0.188, 'link_pos': [439, 430]}
2026-05-25 14:20:42,333 WARNING games.zelda.policy: Low health | health_ratio=0.19 | task=Task(name='get_wooden_sword')
2026-05-25 14:20:42,487 INFO __main__: link_blobs={'region': None, 'blobs_found': 3, 'mask_coverage': 0.0036}
2026-05-25 14:20:42,488 INFO __main__: state={'hearts_full': 3, 'hearts_half': 0, 'health_ratio': 0.188, 'link_pos': [439, 430]}
2026-05-25 14:20:42,488 WARNING games.zelda.policy: Low health | health_ratio=0.19 | task=Task(name='get_wooden_sword')
2026-05-25 14:20:42,669 INFO __main__: link_blobs={'region': None, 'blobs_found': 3, 'mask_coverage': 0.0036}
2026-05-25 14:20:42,669 INFO __main__: state={'hearts_full': 3, 'hearts_half': 0, 'health_ratio': 0.188, 'link_pos': [439, 430]}
2026-05-25 14:20:42,669 WARNING games.zelda.policy: Low health | health_ratio=0.19 | task=Task(name='get_wooden_sword')
2026-05-25 14:20:42,820 INFO __main__: link_blobs={'region': None, 'blobs_found': 3, 'mask_coverage': 0.0036}
2026-05-25 14:20:42,821 INFO __main__: state={'hearts_full': 3, 'hearts_half': 0, 'health_ratio': 0.188, 'link_pos': [439, 430]}
2026-05-25 14:20:42,821 WARNING games.zelda.policy: Low health | health_ratio=0.19 | task=Task(name='get_wooden_sword')
2026-05-25 14:20:42,990 INFO __main__: link_blobs={'region': None, 'blobs_found': 3, 'mask_coverage': 0.0036}
2026-05-25 14:20:42,990 INFO __main__: state={'hearts_full': 3, 'hearts_half': 0, 'health_ratio': 0.188, 'link_pos': [439, 430]}
2026-05-25 14:20:42,991 WARNING games.zelda.policy: Low health | health_ratio=0.19 | task=Task(name='get_wooden_sword')
2026-05-25 14:20:43,173 INFO __main__: link_blobs={'region': None, 'blobs_found': 3, 'mask_coverage': 0.0036}
2026-05-25 14:20:43,174 INFO __main__: state={'hearts_full': 3, 'hearts_half': 0, 'health_ratio': 0.188, 'link_pos': [439, 430]}
2026-05-25 14:20:43,174 WARNING games.zelda.policy: Low health | health_ratio=0.19 | task=Task(name='get_wooden_sword')
2026-05-25 14:20:43,343 INFO __main__: link_blobs={'region': None, 'blobs_found': 3, 'mask_coverage': 0.0036}
2026-05-25 14:20:43,343 INFO __main__: state={'hearts_full': 3, 'hearts_half': 0, 'health_ratio': 0.188, 'link_pos': [439, 430]}
2026-05-25 14:20:43,343 WARNING games.zelda.policy: Low health | health_ratio=0.19 | task=Task(name='get_wooden_sword')
2026-05-25 14:20:43,489 INFO __main__: link_blobs={'region': None, 'blobs_found': 3, 'mask_coverage': 0.0036}
2026-05-25 14:20:43,489 INFO __main__: state={'hearts_full': 3, 'hearts_half': 0, 'health_ratio': 0.188, 'link_pos': [439, 430]}
2026-05-25 14:20:43,489 WARNING games.zelda.policy: Low health | health_ratio=0.19 | task=Task(name='get_wooden_sword')
2026-05-25 14:20:43,672 INFO __main__: link_blobs={'region': None, 'blobs_found': 3, 'mask_coverage': 0.0036}
2026-05-25 14:20:43,673 INFO __main__: state={'hearts_full': 3, 'hearts_half': 0, 'health_ratio': 0.188, 'link_pos': [439, 430]}
2026-05-25 14:20:43,673 WARNING games.zelda.policy: Low health | health_ratio=0.19 | task=Task(name='get_wooden_sword')
2026-05-25 14:20:43,848 INFO __main__: link_blobs={'region': None, 'blobs_found': 3, 'mask_coverage': 0.0036}
2026-05-25 14:20:43,848 INFO __main__: state={'hearts_full': 3, 'hearts_half': 0, 'health_ratio': 0.188, 'link_pos': [439, 430]}
2026-05-25 14:20:43,848 WARNING games.zelda.policy: Low health | health_ratio=0.19 | task=Task(name='get_wooden_sword')
2026-05-25 14:20:44,003 INFO __main__: link_blobs={'region': None, 'blobs_found': 3, 'mask_coverage': 0.0036}
2026-05-25 14:20:44,003 INFO __main__: state={'hearts_full': 3, 'hearts_half': 0, 'health_ratio': 0.188, 'link_pos': [439, 430]}
2026-05-25 14:20:44,004 WARNING games.zelda.policy: Low health | health_ratio=0.19 | task=Task(name='get_wooden_sword')
2026-05-25 14:20:44,187 INFO __main__: link_blobs={'region': None, 'blobs_found': 3, 'mask_coverage': 0.0036}
2026-05-25 14:20:44,187 INFO __main__: state={'hearts_full': 3, 'hearts_half': 0, 'health_ratio': 0.188, 'link_pos': [439, 430]}
2026-05-25 14:20:44,187 WARNING games.zelda.policy: Low health | health_ratio=0.19 | task=Task(name='get_wooden_sword')
2026-05-25 14:20:44,371 INFO __main__: link_blobs={'region': None, 'blobs_found': 3, 'mask_coverage': 0.0036}
2026-05-25 14:20:44,371 INFO __main__: state={'hearts_full': 3, 'hearts_half': 0, 'health_ratio': 0.188, 'link_pos': [439, 430]}
2026-05-25 14:20:44,372 WARNING games.zelda.policy: Low health | health_ratio=0.19 | task=Task(name='get_wooden_sword')
2026-05-25 14:20:44,525 INFO __main__: link_blobs={'region': None, 'blobs_found': 3, 'mask_coverage': 0.0036}
2026-05-25 14:20:44,525 INFO __main__: state={'hearts_full': 3, 'hearts_half': 0, 'health_ratio': 0.188, 'link_pos': [439, 430]}
2026-05-25 14:20:44,527 WARNING games.zelda.policy: Low health | health_ratio=0.19 | task=Task(name='get_wooden_sword')
2026-05-25 14:20:44,692 INFO __main__: link_blobs={'region': None, 'blobs_found': 3, 'mask_coverage': 0.0036}
2026-05-25 14:20:44,692 INFO __main__: state={'hearts_full': 3, 'hearts_half': 0, 'health_ratio': 0.188, 'link_pos': [439, 430]}
2026-05-25 14:20:44,692 WARNING games.zelda.policy: Low health | health_ratio=0.19 | task=Task(name='get_wooden_sword')
2026-05-25 14:20:44,842 INFO __main__: link_blobs={'region': None, 'blobs_found': 3, 'mask_coverage': 0.0036}
2026-05-25 14:20:44,842 INFO __main__: state={'hearts_full': 3, 'hearts_half': 0, 'health_ratio': 0.188, 'link_pos': [439, 430]}
2026-05-25 14:20:44,842 WARNING games.zelda.policy: Low health | health_ratio=0.19 | task=Task(name='get_wooden_sword')
2026-05-25 14:20:45,013 INFO __main__: link_blobs={'region': None, 'blobs_found': 3, 'mask_coverage': 0.0036}
2026-05-25 14:20:45,013 INFO __main__: state={'hearts_full': 3, 'hearts_half': 0, 'health_ratio': 0.188, 'link_pos': [439, 430]}
2026-05-25 14:20:45,013 WARNING games.zelda.policy: Low health | health_ratio=0.19 | task=Task(name='get_wooden_sword')
2026-05-25 14:20:45,162 INFO __main__: link_blobs={'region': None, 'blobs_found': 3, 'mask_coverage': 0.0036}
2026-05-25 14:20:45,162 INFO __main__: state={'hearts_full': 3, 'hearts_half': 0, 'health_ratio': 0.188, 'link_pos': [439, 430]}
2026-05-25 14:20:45,162 WARNING games.zelda.policy: Low health | health_ratio=0.19 | task=Task(name='get_wooden_sword')
2026-05-25 14:20:45,307 INFO __main__: link_blobs={'region': None, 'blobs_found': 3, 'mask_coverage': 0.0036}
2026-05-25 14:20:45,307 INFO __main__: state={'hearts_full': 3, 'hearts_half': 0, 'health_ratio': 0.188, 'link_pos': [439, 430]}
2026-05-25 14:20:45,307 WARNING games.zelda.policy: Low health | health_ratio=0.19 | task=Task(name='get_wooden_sword')
2026-05-25 14:20:45,480 INFO __main__: link_blobs={'region': None, 'blobs_found': 3, 'mask_coverage': 0.0036}
2026-05-25 14:20:45,481 INFO __main__: state={'hearts_full': 3, 'hearts_half': 0, 'health_ratio': 0.188, 'link_pos': [439, 430]}
2026-05-25 14:20:45,481 WARNING games.zelda.policy: Low health | health_ratio=0.19 | task=Task(name='get_wooden_sword')
2026-05-25 14:20:45,644 INFO __main__: link_blobs={'region': None, 'blobs_found': 3, 'mask_coverage': 0.0036}
2026-05-25 14:20:45,644 INFO __main__: state={'hearts_full': 3, 'hearts_half': 0, 'health_ratio': 0.188, 'link_pos': [439, 430]}
2026-05-25 14:20:45,645 WARNING games.zelda.policy: Low health | health_ratio=0.19 | task=Task(name='get_wooden_sword')
2026-05-25 14:20:45,823 INFO __main__: link_blobs={'region': None, 'blobs_found': 3, 'mask_coverage': 0.0036}
2026-05-25 14:20:45,823 INFO __main__: state={'hearts_full': 3, 'hearts_half': 0, 'health_ratio': 0.188, 'link_pos': [439, 430]}
2026-05-25 14:20:45,823 WARNING games.zelda.policy: Low health | health_ratio=0.19 | task=Task(name='get_wooden_sword')
2026-05-25 14:20:45,977 INFO __main__: link_blobs={'region': None, 'blobs_found': 3, 'mask_coverage': 0.0036}
2026-05-25 14:20:45,977 INFO __main__: state={'hearts_full': 3, 'hearts_half': 0, 'health_ratio': 0.188, 'link_pos': [439, 430]}
2026-05-25 14:20:45,978 WARNING games.zelda.policy: Low health | health_ratio=0.19 | task=Task(name='get_wooden_sword')
2026-05-25 14:20:46,153 INFO __main__: link_blobs={'region': None, 'blobs_found': 3, 'mask_coverage': 0.0036}
2026-05-25 14:20:46,153 INFO __main__: state={'hearts_full': 3, 'hearts_half': 0, 'health_ratio': 0.188, 'link_pos': [439, 430]}
2026-05-25 14:20:46,153 WARNING games.zelda.policy: Low health | health_ratio=0.19 | task=Task(name='get_wooden_sword')
2026-05-25 14:20:46,311 INFO __main__: link_blobs={'region': None, 'blobs_found': 3, 'mask_coverage': 0.0036}
2026-05-25 14:20:46,311 INFO __main__: state={'hearts_full': 3, 'hearts_half': 0, 'health_ratio': 0.188, 'link_pos': [439, 430]}
2026-05-25 14:20:46,312 WARNING games.zelda.policy: Low health | health_ratio=0.19 | task=Task(name='get_wooden_sword')
2026-05-25 14:20:46,479 INFO __main__: link_blobs={'region': None, 'blobs_found': 3, 'mask_coverage': 0.0036}
2026-05-25 14:20:46,479 INFO __main__: state={'hearts_full': 3, 'hearts_half': 0, 'health_ratio': 0.188, 'link_pos': [439, 430]}
2026-05-25 14:20:46,479 WARNING games.zelda.policy: Low health | health_ratio=0.19 | task=Task(name='get_wooden_sword')
2026-05-25 14:20:46,639 INFO __main__: link_blobs={'region': None, 'blobs_found': 3, 'mask_coverage': 0.0036}
2026-05-25 14:20:46,641 INFO __main__: state={'hearts_full': 3, 'hearts_half': 0, 'health_ratio': 0.188, 'link_pos': [439, 430]}
2026-05-25 14:20:46,641 WARNING games.zelda.policy: Low health | health_ratio=0.19 | task=Task(name='get_wooden_sword')
2026-05-25 14:20:46,793 INFO __main__: link_blobs={'region': None, 'blobs_found': 3, 'mask_coverage': 0.0036}
2026-05-25 14:20:46,794 INFO __main__: state={'hearts_full': 3, 'hearts_half': 0, 'health_ratio': 0.188, 'link_pos': [439, 430]}
2026-05-25 14:20:46,794 WARNING games.zelda.policy: Low health | health_ratio=0.19 | task=Task(name='get_wooden_sword')
2026-05-25 14:20:46,942 INFO __main__: link_blobs={'region': None, 'blobs_found': 3, 'mask_coverage': 0.0036}
2026-05-25 14:20:46,942 INFO __main__: state={'hearts_full': 3, 'hearts_half': 0, 'health_ratio': 0.188, 'link_pos': [439, 430]}
2026-05-25 14:20:46,942 WARNING games.zelda.policy: Low health | health_ratio=0.19 | task=Task(name='get_wooden_sword')
2026-05-25 14:20:47,099 INFO __main__: link_blobs={'region': None, 'blobs_found': 3, 'mask_coverage': 0.0036}
2026-05-25 14:20:47,099 INFO __main__: state={'hearts_full': 3, 'hearts_half': 0, 'health_ratio': 0.188, 'link_pos': [439, 430]}
2026-05-25 14:20:47,099 WARNING games.zelda.policy: Low health | health_ratio=0.19 | task=Task(name='get_wooden_sword')
2026-05-25 14:20:47,267 INFO __main__: link_blobs={'region': None, 'blobs_found': 3, 'mask_coverage': 0.0036}
2026-05-25 14:20:47,267 INFO __main__: state={'hearts_full': 3, 'hearts_half': 0, 'health_ratio': 0.188, 'link_pos': [439, 430]}
2026-05-25 14:20:47,269 WARNING games.zelda.policy: Low health | health_ratio=0.19 | task=Task(name='get_wooden_sword')
2026-05-25 14:20:47,433 INFO __main__: link_blobs={'region': None, 'blobs_found': 3, 'mask_coverage': 0.0036}
2026-05-25 14:20:47,433 INFO __main__: state={'hearts_full': 3, 'hearts_half': 0, 'health_ratio': 0.188, 'link_pos': [439, 430]}
2026-05-25 14:20:47,433 WARNING games.zelda.policy: Low health | health_ratio=0.19 | task=Task(name='get_wooden_sword')
2026-05-25 14:20:47,591 INFO __main__: link_blobs={'region': None, 'blobs_found': 3, 'mask_coverage': 0.0036}
2026-05-25 14:20:47,591 INFO __main__: state={'hearts_full': 3, 'hearts_half': 0, 'health_ratio': 0.188, 'link_pos': [439, 430]}
2026-05-25 14:20:47,591 WARNING games.zelda.policy: Low health | health_ratio=0.19 | task=Task(name='get_wooden_sword')
2026-05-25 14:20:47,763 INFO __main__: link_blobs={'region': None, 'blobs_found': 3, 'mask_coverage': 0.0036}
2026-05-25 14:20:47,763 INFO __main__: state={'hearts_full': 3, 'hearts_half': 0, 'health_ratio': 0.188, 'link_pos': [439, 430]}
2026-05-25 14:20:47,763 WARNING games.zelda.policy: Low health | health_ratio=0.19 | task=Task(name='get_wooden_sword')
2026-05-25 14:20:47,907 INFO __main__: link_blobs={'region': None, 'blobs_found': 3, 'mask_coverage': 0.0036}
2026-05-25 14:20:47,908 INFO __main__: state={'hearts_full': 3, 'hearts_half': 0, 'health_ratio': 0.188, 'link_pos': [439, 430]}
2026-05-25 14:20:47,908 WARNING games.zelda.policy: Low health | health_ratio=0.19 | task=Task(name='get_wooden_sword')
2026-05-25 14:20:48,068 INFO __main__: link_blobs={'region': None, 'blobs_found': 3, 'mask_coverage': 0.0036}
2026-05-25 14:20:48,069 INFO __main__: state={'hearts_full': 3, 'hearts_half': 0, 'health_ratio': 0.188, 'link_pos': [439, 430]}
2026-05-25 14:20:48,069 WARNING games.zelda.policy: Low health | health_ratio=0.19 | task=Task(name='get_wooden_sword')
2026-05-25 14:20:48,230 INFO __main__: link_blobs={'region': None, 'blobs_found': 3, 'mask_coverage': 0.0036}
2026-05-25 14:20:48,230 INFO __main__: state={'hearts_full': 3, 'hearts_half': 0, 'health_ratio': 0.188, 'link_pos': [439, 430]}
2026-05-25 14:20:48,230 WARNING games.zelda.policy: Low health | health_ratio=0.19 | task=Task(name='get_wooden_sword')
2026-05-25 14:20:48,399 INFO __main__: link_blobs={'region': None, 'blobs_found': 3, 'mask_coverage': 0.0036}
2026-05-25 14:20:48,399 INFO __main__: state={'hearts_full': 3, 'hearts_half': 0, 'health_ratio': 0.188, 'link_pos': [439, 430]}
2026-05-25 14:20:48,400 WARNING games.zelda.policy: Low health | health_ratio=0.19 | task=Task(name='get_wooden_sword')
2026-05-25 14:20:48,555 INFO __main__: link_blobs={'region': None, 'blobs_found': 3, 'mask_coverage': 0.0036}
2026-05-25 14:20:48,555 INFO __main__: state={'hearts_full': 3, 'hearts_half': 0, 'health_ratio': 0.188, 'link_pos': [439, 430]}
2026-05-25 14:20:48,556 WARNING games.zelda.policy: Low health | health_ratio=0.19 | task=Task(name='get_wooden_sword')
2026-05-25 14:20:48,713 INFO __main__: link_blobs={'region': None, 'blobs_found': 3, 'mask_coverage': 0.0036}
2026-05-25 14:20:48,714 INFO __main__: state={'hearts_full': 3, 'hearts_half': 0, 'health_ratio': 0.188, 'link_pos': [439, 430]}
2026-05-25 14:20:48,714 WARNING games.zelda.policy: Low health | health_ratio=0.19 | task=Task(name='get_wooden_sword')
2026-05-25 14:20:48,875 INFO __main__: link_blobs={'region': None, 'blobs_found': 3, 'mask_coverage': 0.0036}
2026-05-25 14:20:48,875 INFO __main__: state={'hearts_full': 3, 'hearts_half': 0, 'health_ratio': 0.188, 'link_pos': [439, 430]}
2026-05-25 14:20:48,876 WARNING games.zelda.policy: Low health | health_ratio=0.19 | task=Task(name='get_wooden_sword')
2026-05-25 14:20:49,053 INFO __main__: link_blobs={'region': None, 'blobs_found': 3, 'mask_coverage': 0.0036}
2026-05-25 14:20:49,053 INFO __main__: state={'hearts_full': 3, 'hearts_half': 0, 'health_ratio': 0.188, 'link_pos': [439, 430]}
2026-05-25 14:20:49,053 WARNING games.zelda.policy: Low health | health_ratio=0.19 | task=Task(name='get_wooden_sword')
2026-05-25 14:20:49,205 INFO __main__: link_blobs={'region': None, 'blobs_found': 3, 'mask_coverage': 0.0036}
2026-05-25 14:20:49,206 INFO __main__: state={'hearts_full': 3, 'hearts_half': 0, 'health_ratio': 0.188, 'link_pos': [439, 430]}
2026-05-25 14:20:49,206 WARNING games.zelda.policy: Low health | health_ratio=0.19 | task=Task(name='get_wooden_sword')
2026-05-25 14:20:49,375 INFO __main__: link_blobs={'region': None, 'blobs_found': 3, 'mask_coverage': 0.0036}
2026-05-25 14:20:49,375 INFO __main__: state={'hearts_full': 3, 'hearts_half': 0, 'health_ratio': 0.188, 'link_pos': [439, 430]}
2026-05-25 14:20:49,375 WARNING games.zelda.policy: Low health | health_ratio=0.19 | task=Task(name='get_wooden_sword')
2026-05-25 14:20:49,541 INFO __main__: link_blobs={'region': None, 'blobs_found': 3, 'mask_coverage': 0.0036}
2026-05-25 14:20:49,542 INFO __main__: state={'hearts_full': 3, 'hearts_half': 0, 'health_ratio': 0.188, 'link_pos': [439, 430]}
2026-05-25 14:20:49,542 WARNING games.zelda.policy: Low health | health_ratio=0.19 | task=Task(name='get_wooden_sword')
2026-05-25 14:20:49,698 INFO __main__: link_blobs={'region': None, 'blobs_found': 3, 'mask_coverage': 0.0036}
2026-05-25 14:20:49,699 INFO __main__: state={'hearts_full': 3, 'hearts_half': 0, 'health_ratio': 0.188, 'link_pos': [439, 430]}
2026-05-25 14:20:49,699 WARNING games.zelda.policy: Low health | health_ratio=0.19 | task=Task(name='get_wooden_sword')
2026-05-25 14:20:49,857 INFO __main__: link_blobs={'region': None, 'blobs_found': 3, 'mask_coverage': 0.0036}
2026-05-25 14:20:49,858 INFO __main__: state={'hearts_full': 3, 'hearts_half': 0, 'health_ratio': 0.188, 'link_pos': [439, 430]}
2026-05-25 14:20:49,858 WARNING games.zelda.policy: Low health | health_ratio=0.19 | task=Task(name='get_wooden_sword')
2026-05-25 14:20:50,028 INFO __main__: link_blobs={'region': None, 'blobs_found': 3, 'mask_coverage': 0.0036}
2026-05-25 14:20:50,029 INFO __main__: state={'hearts_full': 3, 'hearts_half': 0, 'health_ratio': 0.188, 'link_pos': [439, 430]}
2026-05-25 14:20:50,029 WARNING games.zelda.policy: Low health | health_ratio=0.19 | task=Task(name='get_wooden_sword')
2026-05-25 14:20:50,178 INFO __main__: link_blobs={'region': None, 'blobs_found': 3, 'mask_coverage': 0.0036}
2026-05-25 14:20:50,178 INFO __main__: state={'hearts_full': 3, 'hearts_half': 0, 'health_ratio': 0.188, 'link_pos': [439, 430]}
2026-05-25 14:20:50,179 WARNING games.zelda.policy: Low health | health_ratio=0.19 | task=Task(name='get_wooden_sword')
2026-05-25 14:20:50,330 INFO __main__: link_blobs={'region': None, 'blobs_found': 3, 'mask_coverage': 0.0036}
2026-05-25 14:20:50,330 INFO __main__: state={'hearts_full': 3, 'hearts_half': 0, 'health_ratio': 0.188, 'link_pos': [439, 430]}
2026-05-25 14:20:50,330 WARNING games.zelda.policy: Low health | health_ratio=0.19 | task=Task(name='get_wooden_sword')
2026-05-25 14:20:50,488 INFO __main__: link_blobs={'region': None, 'blobs_found': 3, 'mask_coverage': 0.0036}
2026-05-25 14:20:50,489 INFO __main__: state={'hearts_full': 3, 'hearts_half': 0, 'health_ratio': 0.188, 'link_pos': [439, 430]}
2026-05-25 14:20:50,489 WARNING games.zelda.policy: Low health | health_ratio=0.19 | task=Task(name='get_wooden_sword')
2026-05-25 14:20:50,665 INFO __main__: link_blobs={'region': None, 'blobs_found': 3, 'mask_coverage': 0.0036}
2026-05-25 14:20:50,665 INFO __main__: state={'hearts_full': 3, 'hearts_half': 0, 'health_ratio': 0.188, 'link_pos': [439, 430]}
2026-05-25 14:20:50,665 WARNING games.zelda.policy: Low health | health_ratio=0.19 | task=Task(name='get_wooden_sword')
2026-05-25 14:20:50,829 INFO __main__: link_blobs={'region': None, 'blobs_found': 3, 'mask_coverage': 0.0036}
2026-05-25 14:20:50,829 INFO __main__: state={'hearts_full': 3, 'hearts_half': 0, 'health_ratio': 0.188, 'link_pos': [439, 430]}
2026-05-25 14:20:50,829 WARNING games.zelda.policy: Low health | health_ratio=0.19 | task=Task(name='get_wooden_sword')
2026-05-25 14:20:50,999 INFO __main__: link_blobs={'region': None, 'blobs_found': 3, 'mask_coverage': 0.0036}
2026-05-25 14:20:50,999 INFO __main__: state={'hearts_full': 3, 'hearts_half': 0, 'health_ratio': 0.188, 'link_pos': [439, 430]}
2026-05-25 14:20:50,999 WARNING games.zelda.policy: Low health | health_ratio=0.19 | task=Task(name='get_wooden_sword')
2026-05-25 14:20:51,157 INFO __main__: link_blobs={'region': None, 'blobs_found': 3, 'mask_coverage': 0.0036}
2026-05-25 14:20:51,157 INFO __main__: state={'hearts_full': 3, 'hearts_half': 0, 'health_ratio': 0.188, 'link_pos': [439, 430]}
2026-05-25 14:20:51,158 WARNING games.zelda.policy: Low health | health_ratio=0.19 | task=Task(name='get_wooden_sword')
2026-05-25 14:20:51,336 INFO __main__: link_blobs={'region': None, 'blobs_found': 3, 'mask_coverage': 0.0036}
2026-05-25 14:20:51,336 INFO __main__: state={'hearts_full': 3, 'hearts_half': 0, 'health_ratio': 0.188, 'link_pos': [439, 430]}
2026-05-25 14:20:51,336 WARNING games.zelda.policy: Low health | health_ratio=0.19 | task=Task(name='get_wooden_sword')
2026-05-25 14:20:51,493 INFO __main__: link_blobs={'region': None, 'blobs_found': 3, 'mask_coverage': 0.0036}
2026-05-25 14:20:51,494 INFO __main__: state={'hearts_full': 3, 'hearts_half': 0, 'health_ratio': 0.188, 'link_pos': [439, 430]}
2026-05-25 14:20:51,494 WARNING games.zelda.policy: Low health | health_ratio=0.19 | task=Task(name='get_wooden_sword')
2026-05-25 14:20:51,640 INFO __main__: link_blobs={'region': None, 'blobs_found': 3, 'mask_coverage': 0.0036}
2026-05-25 14:20:51,641 INFO __main__: state={'hearts_full': 3, 'hearts_half': 0, 'health_ratio': 0.188, 'link_pos': [439, 430]}
2026-05-25 14:20:51,641 WARNING games.zelda.policy: Low health | health_ratio=0.19 | task=Task(name='get_wooden_sword')
2026-05-25 14:20:51,814 INFO __main__: link_blobs={'region': None, 'blobs_found': 3, 'mask_coverage': 0.0036}
2026-05-25 14:20:51,814 INFO __main__: state={'hearts_full': 3, 'hearts_half': 0, 'health_ratio': 0.188, 'link_pos': [439, 430]}
2026-05-25 14:20:51,814 WARNING games.zelda.policy: Low health | health_ratio=0.19 | task=Task(name='get_wooden_sword')
2026-05-25 14:20:51,996 INFO __main__: link_blobs={'region': None, 'blobs_found': 3, 'mask_coverage': 0.0036}
2026-05-25 14:20:51,996 INFO __main__: state={'hearts_full': 3, 'hearts_half': 0, 'health_ratio': 0.188, 'link_pos': [439, 430]}
2026-05-25 14:20:51,996 WARNING games.zelda.policy: Low health | health_ratio=0.19 | task=Task(name='get_wooden_sword')
2026-05-25 14:20:52,159 INFO __main__: link_blobs={'region': None, 'blobs_found': 3, 'mask_coverage': 0.0036}
2026-05-25 14:20:52,160 INFO __main__: state={'hearts_full': 3, 'hearts_half': 0, 'health_ratio': 0.188, 'link_pos': [439, 430]}
2026-05-25 14:20:52,160 WARNING games.zelda.policy: Low health | health_ratio=0.19 | task=Task(name='get_wooden_sword')
2026-05-25 14:20:52,309 INFO __main__: link_blobs={'region': None, 'blobs_found': 3, 'mask_coverage': 0.0036}
2026-05-25 14:20:52,309 INFO __main__: state={'hearts_full': 3, 'hearts_half': 0, 'health_ratio': 0.188, 'link_pos': [439, 430]}
2026-05-25 14:20:52,309 WARNING games.zelda.policy: Low health | health_ratio=0.19 | task=Task(name='get_wooden_sword')
2026-05-25 14:20:52,456 INFO __main__: link_blobs={'region': None, 'blobs_found': 3, 'mask_coverage': 0.0036}
2026-05-25 14:20:52,457 INFO __main__: state={'hearts_full': 3, 'hearts_half': 0, 'health_ratio': 0.188, 'link_pos': [439, 430]}
2026-05-25 14:20:52,457 WARNING games.zelda.policy: Low health | health_ratio=0.19 | task=Task(name='get_wooden_sword')
2026-05-25 14:20:52,624 INFO __main__: link_blobs={'region': None, 'blobs_found': 3, 'mask_coverage': 0.0036}
2026-05-25 14:20:52,624 INFO __main__: state={'hearts_full': 3, 'hearts_half': 0, 'health_ratio': 0.188, 'link_pos': [439, 430]}
2026-05-25 14:20:52,624 WARNING games.zelda.policy: Low health | health_ratio=0.19 | task=Task(name='get_wooden_sword')
2026-05-25 14:20:52,772 INFO __main__: link_blobs={'region': None, 'blobs_found': 3, 'mask_coverage': 0.0036}
2026-05-25 14:20:52,772 INFO __main__: state={'hearts_full': 3, 'hearts_half': 0, 'health_ratio': 0.188, 'link_pos': [439, 430]}
2026-05-25 14:20:52,773 WARNING games.zelda.policy: Low health | health_ratio=0.19 | task=Task(name='get_wooden_sword')
2026-05-25 14:20:52,921 INFO __main__: link_blobs={'region': None, 'blobs_found': 3, 'mask_coverage': 0.0036}
2026-05-25 14:20:52,922 INFO __main__: state={'hearts_full': 3, 'hearts_half': 0, 'health_ratio': 0.188, 'link_pos': [439, 430]}
2026-05-25 14:20:52,922 WARNING games.zelda.policy: Low health | health_ratio=0.19 | task=Task(name='get_wooden_sword')
2026-05-25 14:20:53,088 INFO __main__: link_blobs={'region': None, 'blobs_found': 3, 'mask_coverage': 0.0036}
2026-05-25 14:20:53,089 INFO __main__: state={'hearts_full': 3, 'hearts_half': 0, 'health_ratio': 0.188, 'link_pos': [439, 430]}
2026-05-25 14:20:53,089 WARNING games.zelda.policy: Low health | health_ratio=0.19 | task=Task(name='get_wooden_sword')
2026-05-25 14:20:53,246 INFO __main__: link_blobs={'region': None, 'blobs_found': 3, 'mask_coverage': 0.0036}
2026-05-25 14:20:53,246 INFO __main__: state={'hearts_full': 3, 'hearts_half': 0, 'health_ratio': 0.188, 'link_pos': [439, 430]}
2026-05-25 14:20:53,247 WARNING games.zelda.policy: Low health | health_ratio=0.19 | task=Task(name='get_wooden_sword')
2026-05-25 14:20:53,396 INFO __main__: link_blobs={'region': None, 'blobs_found': 3, 'mask_coverage': 0.0036}
2026-05-25 14:20:53,396 INFO __main__: state={'hearts_full': 3, 'hearts_half': 0, 'health_ratio': 0.188, 'link_pos': [439, 430]}
2026-05-25 14:20:53,397 WARNING games.zelda.policy: Low health | health_ratio=0.19 | task=Task(name='get_wooden_sword')
2026-05-25 14:20:53,563 INFO __main__: link_blobs={'region': None, 'blobs_found': 3, 'mask_coverage': 0.0036}
2026-05-25 14:20:53,563 INFO __main__: state={'hearts_full': 3, 'hearts_half': 0, 'health_ratio': 0.188, 'link_pos': [439, 430]}
2026-05-25 14:20:53,564 WARNING games.zelda.policy: Low health | health_ratio=0.19 | task=Task(name='get_wooden_sword')
2026-05-25 14:20:53,719 INFO __main__: link_blobs={'region': None, 'blobs_found': 3, 'mask_coverage': 0.0036}
2026-05-25 14:20:53,721 INFO __main__: state={'hearts_full': 3, 'hearts_half': 0, 'health_ratio': 0.188, 'link_pos': [439, 430]}
2026-05-25 14:20:53,721 WARNING games.zelda.policy: Low health | health_ratio=0.19 | task=Task(name='get_wooden_sword')
2026-05-25 14:20:53,898 INFO __main__: link_blobs={'region': None, 'blobs_found': 3, 'mask_coverage': 0.0036}
2026-05-25 14:20:53,899 INFO __main__: state={'hearts_full': 3, 'hearts_half': 0, 'health_ratio': 0.188, 'link_pos': [439, 430]}
2026-05-25 14:20:53,899 WARNING games.zelda.policy: Low health | health_ratio=0.19 | task=Task(name='get_wooden_sword')
2026-05-25 14:20:54,057 INFO __main__: link_blobs={'region': None, 'blobs_found': 3, 'mask_coverage': 0.0036}
2026-05-25 14:20:54,057 INFO __main__: state={'hearts_full': 3, 'hearts_half': 0, 'health_ratio': 0.188, 'link_pos': [439, 430]}
2026-05-25 14:20:54,057 WARNING games.zelda.policy: Low health | health_ratio=0.19 | task=Task(name='get_wooden_sword')
2026-05-25 14:20:54,205 INFO __main__: link_blobs={'region': None, 'blobs_found': 3, 'mask_coverage': 0.0036}
2026-05-25 14:20:54,206 INFO __main__: state={'hearts_full': 3, 'hearts_half': 0, 'health_ratio': 0.188, 'link_pos': [439, 430]}
2026-05-25 14:20:54,206 WARNING games.zelda.policy: Low health | health_ratio=0.19 | task=Task(name='get_wooden_sword')
2026-05-25 14:20:54,363 INFO __main__: link_blobs={'region': None, 'blobs_found': 3, 'mask_coverage': 0.0036}
2026-05-25 14:20:54,363 INFO __main__: state={'hearts_full': 3, 'hearts_half': 0, 'health_ratio': 0.188, 'link_pos': [439, 430]}
2026-05-25 14:20:54,363 WARNING games.zelda.policy: Low health | health_ratio=0.19 | task=Task(name='get_wooden_sword')
2026-05-25 14:20:54,533 INFO __main__: link_blobs={'region': None, 'blobs_found': 3, 'mask_coverage': 0.0036}
2026-05-25 14:20:54,534 INFO __main__: state={'hearts_full': 3, 'hearts_half': 0, 'health_ratio': 0.188, 'link_pos': [439, 430]}
2026-05-25 14:20:54,534 WARNING games.zelda.policy: Low health | health_ratio=0.19 | task=Task(name='get_wooden_sword')
2026-05-25 14:20:54,701 INFO __main__: link_blobs={'region': None, 'blobs_found': 3, 'mask_coverage': 0.0036}
2026-05-25 14:20:54,701 INFO __main__: state={'hearts_full': 3, 'hearts_half': 0, 'health_ratio': 0.188, 'link_pos': [439, 430]}
2026-05-25 14:20:54,702 WARNING games.zelda.policy: Low health | health_ratio=0.19 | task=Task(name='get_wooden_sword')
2026-05-25 14:20:54,863 INFO __main__: link_blobs={'region': None, 'blobs_found': 3, 'mask_coverage': 0.0036}
2026-05-25 14:20:54,863 INFO __main__: state={'hearts_full': 3, 'hearts_half': 0, 'health_ratio': 0.188, 'link_pos': [439, 430]}
2026-05-25 14:20:54,864 WARNING games.zelda.policy: Low health | health_ratio=0.19 | task=Task(name='get_wooden_sword')
2026-05-25 14:20:55,019 INFO __main__: link_blobs={'region': None, 'blobs_found': 3, 'mask_coverage': 0.0036}
2026-05-25 14:20:55,019 INFO __main__: state={'hearts_full': 3, 'hearts_half': 0, 'health_ratio': 0.188, 'link_pos': [439, 430]}
2026-05-25 14:20:55,020 WARNING games.zelda.policy: Low health | health_ratio=0.19 | task=Task(name='get_wooden_sword')
2026-05-25 14:20:55,181 INFO __main__: link_blobs={'region': None, 'blobs_found': 3, 'mask_coverage': 0.0036}
2026-05-25 14:20:55,181 INFO __main__: state={'hearts_full': 3, 'hearts_half': 0, 'health_ratio': 0.188, 'link_pos': [439, 430]}
2026-05-25 14:20:55,181 WARNING games.zelda.policy: Low health | health_ratio=0.19 | task=Task(name='get_wooden_sword')
2026-05-25 14:20:55,346 INFO __main__: link_blobs={'region': None, 'blobs_found': 3, 'mask_coverage': 0.0036}
2026-05-25 14:20:55,346 INFO __main__: state={'hearts_full': 3, 'hearts_half': 0, 'health_ratio': 0.188, 'link_pos': [439, 430]}
2026-05-25 14:20:55,346 WARNING games.zelda.policy: Low health | health_ratio=0.19 | task=Task(name='get_wooden_sword')
2026-05-25 14:20:55,509 INFO __main__: link_blobs={'region': None, 'blobs_found': 3, 'mask_coverage': 0.0036}
2026-05-25 14:20:55,509 INFO __main__: state={'hearts_full': 3, 'hearts_half': 0, 'health_ratio': 0.188, 'link_pos': [439, 430]}
2026-05-25 14:20:55,509 WARNING games.zelda.policy: Low health | health_ratio=0.19 | task=Task(name='get_wooden_sword')
2026-05-25 14:20:55,684 INFO __main__: link_blobs={'region': None, 'blobs_found': 3, 'mask_coverage': 0.0036}
2026-05-25 14:20:55,685 INFO __main__: state={'hearts_full': 3, 'hearts_half': 0, 'health_ratio': 0.188, 'link_pos': [439, 430]}
2026-05-25 14:20:55,685 WARNING games.zelda.policy: Low health | health_ratio=0.19 | task=Task(name='get_wooden_sword')
2026-05-25 14:20:55,843 INFO __main__: link_blobs={'region': None, 'blobs_found': 3, 'mask_coverage': 0.0036}
2026-05-25 14:20:55,843 INFO __main__: state={'hearts_full': 3, 'hearts_half': 0, 'health_ratio': 0.188, 'link_pos': [439, 430]}
2026-05-25 14:20:55,843 WARNING games.zelda.policy: Low health | health_ratio=0.19 | task=Task(name='get_wooden_sword')
2026-05-25 14:20:56,000 INFO __main__: link_blobs={'region': None, 'blobs_found': 3, 'mask_coverage': 0.0036}
2026-05-25 14:20:56,000 INFO __main__: state={'hearts_full': 3, 'hearts_half': 0, 'health_ratio': 0.188, 'link_pos': [439, 430]}
2026-05-25 14:20:56,000 WARNING games.zelda.policy: Low health | health_ratio=0.19 | task=Task(name='get_wooden_sword')
2026-05-25 14:20:56,176 INFO __main__: link_blobs={'region': None, 'blobs_found': 3, 'mask_coverage': 0.0036}
2026-05-25 14:20:56,176 INFO __main__: state={'hearts_full': 3, 'hearts_half': 0, 'health_ratio': 0.188, 'link_pos': [439, 430]}
2026-05-25 14:20:56,177 WARNING games.zelda.policy: Low health | health_ratio=0.19 | task=Task(name='get_wooden_sword')
2026-05-25 14:20:56,361 INFO __main__: link_blobs={'region': None, 'blobs_found': 3, 'mask_coverage': 0.0036}
2026-05-25 14:20:56,361 INFO __main__: state={'hearts_full': 3, 'hearts_half': 0, 'health_ratio': 0.188, 'link_pos': [439, 430]}
2026-05-25 14:20:56,361 WARNING games.zelda.policy: Low health | health_ratio=0.19 | task=Task(name='get_wooden_sword')
2026-05-25 14:20:56,527 INFO __main__: link_blobs={'region': None, 'blobs_found': 3, 'mask_coverage': 0.0036}
2026-05-25 14:20:56,527 INFO __main__: state={'hearts_full': 3, 'hearts_half': 0, 'health_ratio': 0.188, 'link_pos': [439, 430]}
2026-05-25 14:20:56,527 WARNING games.zelda.policy: Low health | health_ratio=0.19 | task=Task(name='get_wooden_sword')
2026-05-25 14:20:56,700 INFO __main__: link_blobs={'region': None, 'blobs_found': 3, 'mask_coverage': 0.0036}
2026-05-25 14:20:56,700 INFO __main__: state={'hearts_full': 3, 'hearts_half': 0, 'health_ratio': 0.188, 'link_pos': [439, 430]}
2026-05-25 14:20:56,700 WARNING games.zelda.policy: Low health | health_ratio=0.19 | task=Task(name='get_wooden_sword')
2026-05-25 14:20:56,859 INFO __main__: link_blobs={'region': None, 'blobs_found': 3, 'mask_coverage': 0.0036}
2026-05-25 14:20:56,859 INFO __main__: state={'hearts_full': 3, 'hearts_half': 0, 'health_ratio': 0.188, 'link_pos': [439, 430]}
2026-05-25 14:20:56,859 WARNING games.zelda.policy: Low health | health_ratio=0.19 | task=Task(name='get_wooden_sword')
2026-05-25 14:20:57,034 INFO __main__: link_blobs={'region': None, 'blobs_found': 3, 'mask_coverage': 0.0036}
2026-05-25 14:20:57,035 INFO __main__: state={'hearts_full': 3, 'hearts_half': 0, 'health_ratio': 0.188, 'link_pos': [439, 430]}
2026-05-25 14:20:57,035 WARNING games.zelda.policy: Low health | health_ratio=0.19 | task=Task(name='get_wooden_sword')
2026-05-25 14:20:57,217 INFO __main__: link_blobs={'region': None, 'blobs_found': 3, 'mask_coverage': 0.0036}
2026-05-25 14:20:57,217 INFO __main__: state={'hearts_full': 3, 'hearts_half': 0, 'health_ratio': 0.188, 'link_pos': [439, 430]}
2026-05-25 14:20:57,217 WARNING games.zelda.policy: Low health | health_ratio=0.19 | task=Task(name='get_wooden_sword')
2026-05-25 14:20:57,378 INFO __main__: link_blobs={'region': None, 'blobs_found': 3, 'mask_coverage': 0.0036}
2026-05-25 14:20:57,378 INFO __main__: state={'hearts_full': 3, 'hearts_half': 0, 'health_ratio': 0.188, 'link_pos': [439, 430]}
2026-05-25 14:20:57,378 WARNING games.zelda.policy: Low health | health_ratio=0.19 | task=Task(name='get_wooden_sword')
2026-05-25 14:20:57,527 INFO __main__: link_blobs={'region': None, 'blobs_found': 3, 'mask_coverage': 0.0036}
2026-05-25 14:20:57,527 INFO __main__: state={'hearts_full': 3, 'hearts_half': 0, 'health_ratio': 0.188, 'link_pos': [439, 430]}
2026-05-25 14:20:57,527 WARNING games.zelda.policy: Low health | health_ratio=0.19 | task=Task(name='get_wooden_sword')
2026-05-25 14:20:57,699 INFO __main__: link_blobs={'region': None, 'blobs_found': 3, 'mask_coverage': 0.0036}
2026-05-25 14:20:57,699 INFO __main__: state={'hearts_full': 3, 'hearts_half': 0, 'health_ratio': 0.188, 'link_pos': [439, 430]}
2026-05-25 14:20:57,699 WARNING games.zelda.policy: Low health | health_ratio=0.19 | task=Task(name='get_wooden_sword')
2026-05-25 14:20:57,860 INFO __main__: link_blobs={'region': None, 'blobs_found': 3, 'mask_coverage': 0.0036}
2026-05-25 14:20:57,860 INFO __main__: state={'hearts_full': 3, 'hearts_half': 0, 'health_ratio': 0.188, 'link_pos': [439, 430]}
2026-05-25 14:20:57,860 WARNING games.zelda.policy: Low health | health_ratio=0.19 | task=Task(name='get_wooden_sword')
2026-05-25 14:20:58,028 INFO __main__: link_blobs={'region': None, 'blobs_found': 3, 'mask_coverage': 0.0036}
2026-05-25 14:20:58,028 INFO __main__: state={'hearts_full': 3, 'hearts_half': 0, 'health_ratio': 0.188, 'link_pos': [439, 430]}
2026-05-25 14:20:58,028 WARNING games.zelda.policy: Low health | health_ratio=0.19 | task=Task(name='get_wooden_sword')
2026-05-25 14:20:58,210 INFO __main__: link_blobs={'region': None, 'blobs_found': 3, 'mask_coverage': 0.0036}
2026-05-25 14:20:58,211 INFO __main__: state={'hearts_full': 3, 'hearts_half': 0, 'health_ratio': 0.188, 'link_pos': [439, 430]}
2026-05-25 14:20:58,212 WARNING games.zelda.policy: Low health | health_ratio=0.19 | task=Task(name='get_wooden_sword')
2026-05-25 14:20:58,379 INFO __main__: link_blobs={'region': None, 'blobs_found': 3, 'mask_coverage': 0.0036}
2026-05-25 14:20:58,379 INFO __main__: state={'hearts_full': 3, 'hearts_half': 0, 'health_ratio': 0.188, 'link_pos': [439, 430]}
2026-05-25 14:20:58,379 WARNING games.zelda.policy: Low health | health_ratio=0.19 | task=Task(name='get_wooden_sword')
2026-05-25 14:20:58,547 INFO __main__: link_blobs={'region': None, 'blobs_found': 3, 'mask_coverage': 0.0036}
2026-05-25 14:20:58,547 INFO __main__: state={'hearts_full': 3, 'hearts_half': 0, 'health_ratio': 0.188, 'link_pos': [439, 430]}
2026-05-25 14:20:58,547 WARNING games.zelda.policy: Low health | health_ratio=0.19 | task=Task(name='get_wooden_sword')
2026-05-25 14:20:58,713 INFO __main__: link_blobs={'region': None, 'blobs_found': 3, 'mask_coverage': 0.0036}
2026-05-25 14:20:58,713 INFO __main__: state={'hearts_full': 3, 'hearts_half': 0, 'health_ratio': 0.188, 'link_pos': [439, 430]}
2026-05-25 14:20:58,713 WARNING games.zelda.policy: Low health | health_ratio=0.19 | task=Task(name='get_wooden_sword')
2026-05-25 14:20:58,876 INFO __main__: link_blobs={'region': None, 'blobs_found': 3, 'mask_coverage': 0.0036}
2026-05-25 14:20:58,876 INFO __main__: state={'hearts_full': 3, 'hearts_half': 0, 'health_ratio': 0.188, 'link_pos': [439, 430]}
2026-05-25 14:20:58,876 WARNING games.zelda.policy: Low health | health_ratio=0.19 | task=Task(name='get_wooden_sword')
2026-05-25 14:20:59,072 INFO __main__: link_blobs={'region': None, 'blobs_found': 3, 'mask_coverage': 0.0036}
2026-05-25 14:20:59,072 INFO __main__: state={'hearts_full': 3, 'hearts_half': 0, 'health_ratio': 0.188, 'link_pos': [439, 430]}
2026-05-25 14:20:59,073 WARNING games.zelda.policy: Low health | health_ratio=0.19 | task=Task(name='get_wooden_sword')
2026-05-25 14:20:59,233 INFO __main__: link_blobs={'region': None, 'blobs_found': 3, 'mask_coverage': 0.0036}
2026-05-25 14:20:59,233 INFO __main__: state={'hearts_full': 3, 'hearts_half': 0, 'health_ratio': 0.188, 'link_pos': [439, 430]}
2026-05-25 14:20:59,233 WARNING games.zelda.policy: Low health | health_ratio=0.19 | task=Task(name='get_wooden_sword')
2026-05-25 14:20:59,397 INFO __main__: link_blobs={'region': None, 'blobs_found': 3, 'mask_coverage': 0.0036}
2026-05-25 14:20:59,397 INFO __main__: state={'hearts_full': 3, 'hearts_half': 0, 'health_ratio': 0.188, 'link_pos': [439, 430]}
2026-05-25 14:20:59,398 WARNING games.zelda.policy: Low health | health_ratio=0.19 | task=Task(name='get_wooden_sword')
2026-05-25 14:20:59,563 INFO __main__: link_blobs={'region': None, 'blobs_found': 3, 'mask_coverage': 0.0036}
2026-05-25 14:20:59,563 INFO __main__: state={'hearts_full': 3, 'hearts_half': 0, 'health_ratio': 0.188, 'link_pos': [439, 430]}
2026-05-25 14:20:59,563 WARNING games.zelda.policy: Low health | health_ratio=0.19 | task=Task(name='get_wooden_sword')
2026-05-25 14:20:59,715 INFO __main__: link_blobs={'region': None, 'blobs_found': 3, 'mask_coverage': 0.0036}
2026-05-25 14:20:59,715 INFO __main__: state={'hearts_full': 3, 'hearts_half': 0, 'health_ratio': 0.188, 'link_pos': [439, 430]}
2026-05-25 14:20:59,716 WARNING games.zelda.policy: Low health | health_ratio=0.19 | task=Task(name='get_wooden_sword')
2026-05-25 14:20:59,876 INFO __main__: link_blobs={'region': None, 'blobs_found': 3, 'mask_coverage': 0.0036}
2026-05-25 14:20:59,876 INFO __main__: state={'hearts_full': 3, 'hearts_half': 0, 'health_ratio': 0.188, 'link_pos': [439, 430]}
2026-05-25 14:20:59,876 WARNING games.zelda.policy: Low health | health_ratio=0.19 | task=Task(name='get_wooden_sword')
2026-05-25 14:21:00,033 INFO __main__: link_blobs={'region': None, 'blobs_found': 3, 'mask_coverage': 0.0036}
2026-05-25 14:21:00,033 INFO __main__: state={'hearts_full': 3, 'hearts_half': 0, 'health_ratio': 0.188, 'link_pos': [439, 430]}
2026-05-25 14:21:00,033 WARNING games.zelda.policy: Low health | health_ratio=0.19 | task=Task(name='get_wooden_sword')
2026-05-25 14:21:00,204 INFO __main__: link_blobs={'region': None, 'blobs_found': 3, 'mask_coverage': 0.0036}
2026-05-25 14:21:00,204 INFO __main__: state={'hearts_full': 3, 'hearts_half': 0, 'health_ratio': 0.188, 'link_pos': [439, 430]}
2026-05-25 14:21:00,204 WARNING games.zelda.policy: Low health | health_ratio=0.19 | task=Task(name='get_wooden_sword')
2026-05-25 14:21:00,363 INFO __main__: link_blobs={'region': None, 'blobs_found': 3, 'mask_coverage': 0.0036}
2026-05-25 14:21:00,363 INFO __main__: state={'hearts_full': 3, 'hearts_half': 0, 'health_ratio': 0.188, 'link_pos': [439, 430]}
2026-05-25 14:21:00,364 WARNING games.zelda.policy: Low health | health_ratio=0.19 | task=Task(name='get_wooden_sword')
2026-05-25 14:21:00,515 INFO __main__: link_blobs={'region': None, 'blobs_found': 3, 'mask_coverage': 0.0036}
2026-05-25 14:21:00,515 INFO __main__: state={'hearts_full': 3, 'hearts_half': 0, 'health_ratio': 0.188, 'link_pos': [439, 430]}
2026-05-25 14:21:00,515 WARNING games.zelda.policy: Low health | health_ratio=0.19 | task=Task(name='get_wooden_sword')
2026-05-25 14:21:00,678 INFO __main__: link_blobs={'region': None, 'blobs_found': 3, 'mask_coverage': 0.0036}
2026-05-25 14:21:00,678 INFO __main__: state={'hearts_full': 3, 'hearts_half': 0, 'health_ratio': 0.188, 'link_pos': [439, 430]}
2026-05-25 14:21:00,679 WARNING games.zelda.policy: Low health | health_ratio=0.19 | task=Task(name='get_wooden_sword')
2026-05-25 14:21:00,829 INFO __main__: link_blobs={'region': None, 'blobs_found': 3, 'mask_coverage': 0.0036}
2026-05-25 14:21:00,829 INFO __main__: state={'hearts_full': 3, 'hearts_half': 0, 'health_ratio': 0.188, 'link_pos': [439, 430]}
2026-05-25 14:21:00,829 WARNING games.zelda.policy: Low health | health_ratio=0.19 | task=Task(name='get_wooden_sword')
2026-05-25 14:21:00,997 INFO __main__: link_blobs={'region': None, 'blobs_found': 3, 'mask_coverage': 0.0036}
2026-05-25 14:21:00,997 INFO __main__: state={'hearts_full': 3, 'hearts_half': 0, 'health_ratio': 0.188, 'link_pos': [439, 430]}
2026-05-25 14:21:00,997 WARNING games.zelda.policy: Low health | health_ratio=0.19 | task=Task(name='get_wooden_sword')
2026-05-25 14:21:01,157 INFO __main__: link_blobs={'region': None, 'blobs_found': 3, 'mask_coverage': 0.0036}
2026-05-25 14:21:01,157 INFO __main__: state={'hearts_full': 3, 'hearts_half': 0, 'health_ratio': 0.188, 'link_pos': [439, 430]}
2026-05-25 14:21:01,158 WARNING games.zelda.policy: Low health | health_ratio=0.19 | task=Task(name='get_wooden_sword')
2026-05-25 14:21:01,322 INFO __main__: link_blobs={'region': None, 'blobs_found': 3, 'mask_coverage': 0.0036}
2026-05-25 14:21:01,322 INFO __main__: state={'hearts_full': 3, 'hearts_half': 0, 'health_ratio': 0.188, 'link_pos': [439, 430]}
2026-05-25 14:21:01,322 WARNING games.zelda.policy: Low health | health_ratio=0.19 | task=Task(name='get_wooden_sword')
2026-05-25 14:21:01,496 INFO __main__: link_blobs={'region': None, 'blobs_found': 3, 'mask_coverage': 0.0036}
2026-05-25 14:21:01,496 INFO __main__: state={'hearts_full': 3, 'hearts_half': 0, 'health_ratio': 0.188, 'link_pos': [439, 430]}
2026-05-25 14:21:01,496 WARNING games.zelda.policy: Low health | health_ratio=0.19 | task=Task(name='get_wooden_sword')
2026-05-25 14:21:01,660 INFO __main__: link_blobs={'region': None, 'blobs_found': 3, 'mask_coverage': 0.0036}
2026-05-25 14:21:01,660 INFO __main__: state={'hearts_full': 3, 'hearts_half': 0, 'health_ratio': 0.188, 'link_pos': [439, 430]}
2026-05-25 14:21:01,660 WARNING games.zelda.policy: Low health | health_ratio=0.19 | task=Task(name='get_wooden_sword')
2026-05-25 14:21:01,830 INFO __main__: link_blobs={'region': None, 'blobs_found': 3, 'mask_coverage': 0.0036}
2026-05-25 14:21:01,831 INFO __main__: state={'hearts_full': 3, 'hearts_half': 0, 'health_ratio': 0.188, 'link_pos': [439, 430]}
2026-05-25 14:21:01,831 WARNING games.zelda.policy: Low health | health_ratio=0.19 | task=Task(name='get_wooden_sword')
2026-05-25 14:21:02,001 INFO __main__: link_blobs={'region': None, 'blobs_found': 3, 'mask_coverage': 0.0036}
2026-05-25 14:21:02,002 INFO __main__: state={'hearts_full': 3, 'hearts_half': 0, 'health_ratio': 0.188, 'link_pos': [439, 430]}
2026-05-25 14:21:02,002 WARNING games.zelda.policy: Low health | health_ratio=0.19 | task=Task(name='get_wooden_sword')
2026-05-25 14:21:02,166 INFO __main__: link_blobs={'region': None, 'blobs_found': 3, 'mask_coverage': 0.0036}
2026-05-25 14:21:02,167 INFO __main__: state={'hearts_full': 3, 'hearts_half': 0, 'health_ratio': 0.188, 'link_pos': [439, 430]}
2026-05-25 14:21:02,167 WARNING games.zelda.policy: Low health | health_ratio=0.19 | task=Task(name='get_wooden_sword')
2026-05-25 14:21:02,344 INFO __main__: link_blobs={'region': None, 'blobs_found': 3, 'mask_coverage': 0.0036}
2026-05-25 14:21:02,344 INFO __main__: state={'hearts_full': 3, 'hearts_half': 0, 'health_ratio': 0.188, 'link_pos': [439, 430]}
2026-05-25 14:21:02,344 WARNING games.zelda.policy: Low health | health_ratio=0.19 | task=Task(name='get_wooden_sword')
2026-05-25 14:21:02,497 INFO __main__: link_blobs={'region': None, 'blobs_found': 3, 'mask_coverage': 0.0036}
2026-05-25 14:21:02,497 INFO __main__: state={'hearts_full': 3, 'hearts_half': 0, 'health_ratio': 0.188, 'link_pos': [439, 430]}
2026-05-25 14:21:02,497 WARNING games.zelda.policy: Low health | health_ratio=0.19 | task=Task(name='get_wooden_sword')
2026-05-25 14:21:02,648 INFO __main__: link_blobs={'region': None, 'blobs_found': 3, 'mask_coverage': 0.0036}
2026-05-25 14:21:02,648 INFO __main__: state={'hearts_full': 3, 'hearts_half': 0, 'health_ratio': 0.188, 'link_pos': [439, 430]}
2026-05-25 14:21:02,650 WARNING games.zelda.policy: Low health | health_ratio=0.19 | task=Task(name='get_wooden_sword')
2026-05-25 14:21:02,810 INFO __main__: link_blobs={'region': None, 'blobs_found': 3, 'mask_coverage': 0.0036}
2026-05-25 14:21:02,810 INFO __main__: state={'hearts_full': 3, 'hearts_half': 0, 'health_ratio': 0.188, 'link_pos': [439, 430]}
2026-05-25 14:21:02,810 WARNING games.zelda.policy: Low health | health_ratio=0.19 | task=Task(name='get_wooden_sword')
2026-05-25 14:21:02,971 INFO __main__: link_blobs={'region': None, 'blobs_found': 3, 'mask_coverage': 0.0036}
2026-05-25 14:21:02,971 INFO __main__: state={'hearts_full': 3, 'hearts_half': 0, 'health_ratio': 0.188, 'link_pos': [439, 430]}
2026-05-25 14:21:02,971 WARNING games.zelda.policy: Low health | health_ratio=0.19 | task=Task(name='get_wooden_sword')
2026-05-25 14:21:03,149 INFO __main__: link_blobs={'region': None, 'blobs_found': 3, 'mask_coverage': 0.0036}
2026-05-25 14:21:03,149 INFO __main__: state={'hearts_full': 3, 'hearts_half': 0, 'health_ratio': 0.188, 'link_pos': [439, 430]}
2026-05-25 14:21:03,149 WARNING games.zelda.policy: Low health | health_ratio=0.19 | task=Task(name='get_wooden_sword')
2026-05-25 14:21:03,320 INFO __main__: link_blobs={'region': None, 'blobs_found': 3, 'mask_coverage': 0.0036}
2026-05-25 14:21:03,320 INFO __main__: state={'hearts_full': 3, 'hearts_half': 0, 'health_ratio': 0.188, 'link_pos': [439, 430]}
2026-05-25 14:21:03,320 WARNING games.zelda.policy: Low health | health_ratio=0.19 | task=Task(name='get_wooden_sword')
2026-05-25 14:21:03,471 INFO __main__: link_blobs={'region': None, 'blobs_found': 3, 'mask_coverage': 0.0036}
2026-05-25 14:21:03,472 INFO __main__: state={'hearts_full': 3, 'hearts_half': 0, 'health_ratio': 0.188, 'link_pos': [439, 430]}
2026-05-25 14:21:03,472 WARNING games.zelda.policy: Low health | health_ratio=0.19 | task=Task(name='get_wooden_sword')
2026-05-25 14:21:03,631 INFO __main__: link_blobs={'region': None, 'blobs_found': 3, 'mask_coverage': 0.0036}
2026-05-25 14:21:03,631 INFO __main__: state={'hearts_full': 3, 'hearts_half': 0, 'health_ratio': 0.188, 'link_pos': [439, 430]}
2026-05-25 14:21:03,632 WARNING games.zelda.policy: Low health | health_ratio=0.19 | task=Task(name='get_wooden_sword')
2026-05-25 14:21:03,776 INFO __main__: link_blobs={'region': None, 'blobs_found': 3, 'mask_coverage': 0.0036}
2026-05-25 14:21:03,776 INFO __main__: state={'hearts_full': 3, 'hearts_half': 0, 'health_ratio': 0.188, 'link_pos': [439, 430]}
2026-05-25 14:21:03,777 WARNING games.zelda.policy: Low health | health_ratio=0.19 | task=Task(name='get_wooden_sword')
2026-05-25 14:21:03,931 INFO __main__: link_blobs={'region': None, 'blobs_found': 3, 'mask_coverage': 0.0036}
2026-05-25 14:21:03,931 INFO __main__: state={'hearts_full': 3, 'hearts_half': 0, 'health_ratio': 0.188, 'link_pos': [439, 430]}
2026-05-25 14:21:03,932 WARNING games.zelda.policy: Low health | health_ratio=0.19 | task=Task(name='get_wooden_sword')
2026-05-25 14:21:04,089 INFO __main__: link_blobs={'region': None, 'blobs_found': 3, 'mask_coverage': 0.0036}
2026-05-25 14:21:04,089 INFO __main__: state={'hearts_full': 3, 'hearts_half': 0, 'health_ratio': 0.188, 'link_pos': [439, 430]}
2026-05-25 14:21:04,089 WARNING games.zelda.policy: Low health | health_ratio=0.19 | task=Task(name='get_wooden_sword')
2026-05-25 14:21:04,270 INFO __main__: link_blobs={'region': None, 'blobs_found': 3, 'mask_coverage': 0.0036}
2026-05-25 14:21:04,271 INFO __main__: state={'hearts_full': 3, 'hearts_half': 0, 'health_ratio': 0.188, 'link_pos': [439, 430]}
2026-05-25 14:21:04,271 WARNING games.zelda.policy: Low health | health_ratio=0.19 | task=Task(name='get_wooden_sword')
2026-05-25 14:21:04,423 INFO __main__: link_blobs={'region': None, 'blobs_found': 3, 'mask_coverage': 0.0036}
2026-05-25 14:21:04,424 INFO __main__: state={'hearts_full': 3, 'hearts_half': 0, 'health_ratio': 0.188, 'link_pos': [439, 430]}
2026-05-25 14:21:04,424 WARNING games.zelda.policy: Low health | health_ratio=0.19 | task=Task(name='get_wooden_sword')
2026-05-25 14:21:04,580 INFO __main__: link_blobs={'region': None, 'blobs_found': 3, 'mask_coverage': 0.0036}
2026-05-25 14:21:04,580 INFO __main__: state={'hearts_full': 3, 'hearts_half': 0, 'health_ratio': 0.188, 'link_pos': [439, 430]}
2026-05-25 14:21:04,581 WARNING games.zelda.policy: Low health | health_ratio=0.19 | task=Task(name='get_wooden_sword')
2026-05-25 14:21:04,724 INFO __main__: link_blobs={'region': None, 'blobs_found': 3, 'mask_coverage': 0.0036}
2026-05-25 14:21:04,724 INFO __main__: state={'hearts_full': 3, 'hearts_half': 0, 'health_ratio': 0.188, 'link_pos': [439, 430]}
2026-05-25 14:21:04,724 WARNING games.zelda.policy: Low health | health_ratio=0.19 | task=Task(name='get_wooden_sword')
2026-05-25 14:21:04,896 INFO __main__: link_blobs={'region': None, 'blobs_found': 3, 'mask_coverage': 0.0036}
2026-05-25 14:21:04,896 INFO __main__: state={'hearts_full': 3, 'hearts_half': 0, 'health_ratio': 0.188, 'link_pos': [439, 430]}
2026-05-25 14:21:04,896 WARNING games.zelda.policy: Low health | health_ratio=0.19 | task=Task(name='get_wooden_sword')
2026-05-25 14:21:05,042 INFO __main__: link_blobs={'region': None, 'blobs_found': 3, 'mask_coverage': 0.0036}
2026-05-25 14:21:05,042 INFO __main__: state={'hearts_full': 3, 'hearts_half': 0, 'health_ratio': 0.188, 'link_pos': [439, 430]}
2026-05-25 14:21:05,042 WARNING games.zelda.policy: Low health | health_ratio=0.19 | task=Task(name='get_wooden_sword')
2026-05-25 14:21:05,200 INFO __main__: link_blobs={'region': None, 'blobs_found': 3, 'mask_coverage': 0.0036}
2026-05-25 14:21:05,200 INFO __main__: state={'hearts_full': 3, 'hearts_half': 0, 'health_ratio': 0.188, 'link_pos': [439, 430]}
2026-05-25 14:21:05,200 WARNING games.zelda.policy: Low health | health_ratio=0.19 | task=Task(name='get_wooden_sword')
2026-05-25 14:21:05,378 INFO __main__: link_blobs={'region': None, 'blobs_found': 3, 'mask_coverage': 0.0036}
2026-05-25 14:21:05,378 INFO __main__: state={'hearts_full': 3, 'hearts_half': 0, 'health_ratio': 0.188, 'link_pos': [439, 430]}
2026-05-25 14:21:05,379 WARNING games.zelda.policy: Low health | health_ratio=0.19 | task=Task(name='get_wooden_sword')
2026-05-25 14:21:05,549 INFO __main__: link_blobs={'region': None, 'blobs_found': 3, 'mask_coverage': 0.0036}
2026-05-25 14:21:05,549 INFO __main__: state={'hearts_full': 3, 'hearts_half': 0, 'health_ratio': 0.188, 'link_pos': [439, 430]}
2026-05-25 14:21:05,550 WARNING games.zelda.policy: Low health | health_ratio=0.19 | task=Task(name='get_wooden_sword')
2026-05-25 14:21:05,707 INFO __main__: link_blobs={'region': None, 'blobs_found': 3, 'mask_coverage': 0.0036}
2026-05-25 14:21:05,708 INFO __main__: state={'hearts_full': 3, 'hearts_half': 0, 'health_ratio': 0.188, 'link_pos': [439, 430]}
2026-05-25 14:21:05,708 WARNING games.zelda.policy: Low health | health_ratio=0.19 | task=Task(name='get_wooden_sword')
2026-05-25 14:21:05,864 INFO __main__: link_blobs={'region': None, 'blobs_found': 3, 'mask_coverage': 0.0036}
2026-05-25 14:21:05,864 INFO __main__: state={'hearts_full': 3, 'hearts_half': 0, 'health_ratio': 0.188, 'link_pos': [439, 430]}
2026-05-25 14:21:05,864 WARNING games.zelda.policy: Low health | health_ratio=0.19 | task=Task(name='get_wooden_sword')
2026-05-25 14:21:06,010 INFO __main__: link_blobs={'region': None, 'blobs_found': 3, 'mask_coverage': 0.0036}
2026-05-25 14:21:06,010 INFO __main__: state={'hearts_full': 3, 'hearts_half': 0, 'health_ratio': 0.188, 'link_pos': [439, 430]}
2026-05-25 14:21:06,012 WARNING games.zelda.policy: Low health | health_ratio=0.19 | task=Task(name='get_wooden_sword')
2026-05-25 14:21:06,208 INFO __main__: link_blobs={'region': None, 'blobs_found': 3, 'mask_coverage': 0.0036}
2026-05-25 14:21:06,209 INFO __main__: state={'hearts_full': 3, 'hearts_half': 0, 'health_ratio': 0.188, 'link_pos': [439, 430]}
2026-05-25 14:21:06,209 WARNING games.zelda.policy: Low health | health_ratio=0.19 | task=Task(name='get_wooden_sword')
2026-05-25 14:21:06,374 INFO __main__: link_blobs={'region': None, 'blobs_found': 3, 'mask_coverage': 0.0036}
2026-05-25 14:21:06,374 INFO __main__: state={'hearts_full': 3, 'hearts_half': 0, 'health_ratio': 0.188, 'link_pos': [439, 430]}
2026-05-25 14:21:06,374 WARNING games.zelda.policy: Low health | health_ratio=0.19 | task=Task(name='get_wooden_sword')
2026-05-25 14:21:06,558 INFO __main__: link_blobs={'region': None, 'blobs_found': 3, 'mask_coverage': 0.0036}
2026-05-25 14:21:06,558 INFO __main__: state={'hearts_full': 3, 'hearts_half': 0, 'health_ratio': 0.188, 'link_pos': [439, 430]}
2026-05-25 14:21:06,558 WARNING games.zelda.policy: Low health | health_ratio=0.19 | task=Task(name='get_wooden_sword')
2026-05-25 14:21:06,709 INFO __main__: link_blobs={'region': None, 'blobs_found': 3, 'mask_coverage': 0.0036}
2026-05-25 14:21:06,709 INFO __main__: state={'hearts_full': 3, 'hearts_half': 0, 'health_ratio': 0.188, 'link_pos': [439, 430]}
2026-05-25 14:21:06,709 WARNING games.zelda.policy: Low health | health_ratio=0.19 | task=Task(name='get_wooden_sword')
2026-05-25 14:21:06,883 INFO __main__: link_blobs={'region': None, 'blobs_found': 3, 'mask_coverage': 0.0036}
2026-05-25 14:21:06,883 INFO __main__: state={'hearts_full': 3, 'hearts_half': 0, 'health_ratio': 0.188, 'link_pos': [439, 430]}
2026-05-25 14:21:06,883 WARNING games.zelda.policy: Low health | health_ratio=0.19 | task=Task(name='get_wooden_sword')
2026-05-25 14:21:07,047 INFO __main__: link_blobs={'region': None, 'blobs_found': 3, 'mask_coverage': 0.0036}
2026-05-25 14:21:07,047 INFO __main__: state={'hearts_full': 3, 'hearts_half': 0, 'health_ratio': 0.188, 'link_pos': [439, 430]}
2026-05-25 14:21:07,048 WARNING games.zelda.policy: Low health | health_ratio=0.19 | task=Task(name='get_wooden_sword')
2026-05-25 14:21:07,200 INFO __main__: link_blobs={'region': None, 'blobs_found': 3, 'mask_coverage': 0.0036}
2026-05-25 14:21:07,200 INFO __main__: state={'hearts_full': 3, 'hearts_half': 0, 'health_ratio': 0.188, 'link_pos': [439, 430]}
2026-05-25 14:21:07,200 WARNING games.zelda.policy: Low health | health_ratio=0.19 | task=Task(name='get_wooden_sword')
2026-05-25 14:21:07,363 INFO __main__: link_blobs={'region': None, 'blobs_found': 3, 'mask_coverage': 0.0036}
2026-05-25 14:21:07,363 INFO __main__: state={'hearts_full': 3, 'hearts_half': 0, 'health_ratio': 0.188, 'link_pos': [439, 430]}
2026-05-25 14:21:07,363 WARNING games.zelda.policy: Low health | health_ratio=0.19 | task=Task(name='get_wooden_sword')
2026-05-25 14:21:07,532 INFO __main__: link_blobs={'region': None, 'blobs_found': 3, 'mask_coverage': 0.0036}
2026-05-25 14:21:07,532 INFO __main__: state={'hearts_full': 3, 'hearts_half': 0, 'health_ratio': 0.188, 'link_pos': [439, 430]}
2026-05-25 14:21:07,532 WARNING games.zelda.policy: Low health | health_ratio=0.19 | task=Task(name='get_wooden_sword')
2026-05-25 14:21:07,679 INFO __main__: link_blobs={'region': None, 'blobs_found': 3, 'mask_coverage': 0.0036}
2026-05-25 14:21:07,679 INFO __main__: state={'hearts_full': 3, 'hearts_half': 0, 'health_ratio': 0.188, 'link_pos': [439, 430]}
2026-05-25 14:21:07,680 WARNING games.zelda.policy: Low health | health_ratio=0.19 | task=Task(name='get_wooden_sword')
2026-05-25 14:21:07,848 INFO __main__: link_blobs={'region': None, 'blobs_found': 3, 'mask_coverage': 0.0036}
2026-05-25 14:21:07,848 INFO __main__: state={'hearts_full': 3, 'hearts_half': 0, 'health_ratio': 0.188, 'link_pos': [439, 430]}
2026-05-25 14:21:07,849 WARNING games.zelda.policy: Low health | health_ratio=0.19 | task=Task(name='get_wooden_sword')
2026-05-25 14:21:07,991 INFO __main__: link_blobs={'region': None, 'blobs_found': 3, 'mask_coverage': 0.0036}
2026-05-25 14:21:07,992 INFO __main__: state={'hearts_full': 3, 'hearts_half': 0, 'health_ratio': 0.188, 'link_pos': [439, 430]}
2026-05-25 14:21:07,992 WARNING games.zelda.policy: Low health | health_ratio=0.19 | task=Task(name='get_wooden_sword')
2026-05-25 14:21:08,151 INFO __main__: link_blobs={'region': None, 'blobs_found': 3, 'mask_coverage': 0.0036}
2026-05-25 14:21:08,152 INFO __main__: state={'hearts_full': 3, 'hearts_half': 0, 'health_ratio': 0.188, 'link_pos': [439, 430]}
2026-05-25 14:21:08,152 WARNING games.zelda.policy: Low health | health_ratio=0.19 | task=Task(name='get_wooden_sword')
2026-05-25 14:21:08,322 INFO __main__: link_blobs={'region': None, 'blobs_found': 3, 'mask_coverage': 0.0036}
2026-05-25 14:21:08,322 INFO __main__: state={'hearts_full': 3, 'hearts_half': 0, 'health_ratio': 0.188, 'link_pos': [439, 430]}
2026-05-25 14:21:08,322 WARNING games.zelda.policy: Low health | health_ratio=0.19 | task=Task(name='get_wooden_sword')
2026-05-25 14:21:08,480 INFO __main__: link_blobs={'region': None, 'blobs_found': 3, 'mask_coverage': 0.0036}
2026-05-25 14:21:08,480 INFO __main__: state={'hearts_full': 3, 'hearts_half': 0, 'health_ratio': 0.188, 'link_pos': [439, 430]}
2026-05-25 14:21:08,480 WARNING games.zelda.policy: Low health | health_ratio=0.19 | task=Task(name='get_wooden_sword')
2026-05-25 14:21:08,645 INFO __main__: link_blobs={'region': None, 'blobs_found': 3, 'mask_coverage': 0.0036}
2026-05-25 14:21:08,645 INFO __main__: state={'hearts_full': 3, 'hearts_half': 0, 'health_ratio': 0.188, 'link_pos': [439, 430]}
2026-05-25 14:21:08,645 WARNING games.zelda.policy: Low health | health_ratio=0.19 | task=Task(name='get_wooden_sword')
2026-05-25 14:21:08,814 INFO __main__: link_blobs={'region': None, 'blobs_found': 3, 'mask_coverage': 0.0036}
2026-05-25 14:21:08,815 INFO __main__: state={'hearts_full': 3, 'hearts_half': 0, 'health_ratio': 0.188, 'link_pos': [439, 430]}
2026-05-25 14:21:08,815 WARNING games.zelda.policy: Low health | health_ratio=0.19 | task=Task(name='get_wooden_sword')
2026-05-25 14:21:08,980 INFO __main__: link_blobs={'region': None, 'blobs_found': 3, 'mask_coverage': 0.0036}
2026-05-25 14:21:08,980 INFO __main__: state={'hearts_full': 3, 'hearts_half': 0, 'health_ratio': 0.188, 'link_pos': [439, 430]}
2026-05-25 14:21:08,980 WARNING games.zelda.policy: Low health | health_ratio=0.19 | task=Task(name='get_wooden_sword')
2026-05-25 14:21:09,150 INFO __main__: link_blobs={'region': None, 'blobs_found': 3, 'mask_coverage': 0.0036}
2026-05-25 14:21:09,150 INFO __main__: state={'hearts_full': 3, 'hearts_half': 0, 'health_ratio': 0.188, 'link_pos': [439, 430]}
2026-05-25 14:21:09,150 WARNING games.zelda.policy: Low health | health_ratio=0.19 | task=Task(name='get_wooden_sword')
2026-05-25 14:21:09,319 INFO __main__: link_blobs={'region': None, 'blobs_found': 3, 'mask_coverage': 0.0036}
2026-05-25 14:21:09,319 INFO __main__: state={'hearts_full': 3, 'hearts_half': 0, 'health_ratio': 0.188, 'link_pos': [439, 430]}
2026-05-25 14:21:09,319 WARNING games.zelda.policy: Low health | health_ratio=0.19 | task=Task(name='get_wooden_sword')
2026-05-25 14:21:09,500 INFO __main__: link_blobs={'region': None, 'blobs_found': 3, 'mask_coverage': 0.0036}
2026-05-25 14:21:09,500 INFO __main__: state={'hearts_full': 3, 'hearts_half': 0, 'health_ratio': 0.188, 'link_pos': [439, 430]}
2026-05-25 14:21:09,500 WARNING games.zelda.policy: Low health | health_ratio=0.19 | task=Task(name='get_wooden_sword')
2026-05-25 14:21:09,681 INFO __main__: link_blobs={'region': None, 'blobs_found': 3, 'mask_coverage': 0.0036}
2026-05-25 14:21:09,681 INFO __main__: state={'hearts_full': 3, 'hearts_half': 0, 'health_ratio': 0.188, 'link_pos': [439, 430]}
2026-05-25 14:21:09,681 WARNING games.zelda.policy: Low health | health_ratio=0.19 | task=Task(name='get_wooden_sword')
2026-05-25 14:21:09,838 INFO __main__: link_blobs={'region': None, 'blobs_found': 3, 'mask_coverage': 0.0036}
2026-05-25 14:21:09,838 INFO __main__: state={'hearts_full': 3, 'hearts_half': 0, 'health_ratio': 0.188, 'link_pos': [439, 430]}
2026-05-25 14:21:09,838 WARNING games.zelda.policy: Low health | health_ratio=0.19 | task=Task(name='get_wooden_sword')
2026-05-25 14:21:09,991 INFO __main__: link_blobs={'region': None, 'blobs_found': 3, 'mask_coverage': 0.0036}
2026-05-25 14:21:09,992 INFO __main__: state={'hearts_full': 3, 'hearts_half': 0, 'health_ratio': 0.188, 'link_pos': [439, 430]}
2026-05-25 14:21:09,992 WARNING games.zelda.policy: Low health | health_ratio=0.19 | task=Task(name='get_wooden_sword')
2026-05-25 14:21:10,168 INFO __main__: link_blobs={'region': None, 'blobs_found': 3, 'mask_coverage': 0.0036}
2026-05-25 14:21:10,169 INFO __main__: state={'hearts_full': 3, 'hearts_half': 0, 'health_ratio': 0.188, 'link_pos': [439, 430]}
2026-05-25 14:21:10,169 WARNING games.zelda.policy: Low health | health_ratio=0.19 | task=Task(name='get_wooden_sword')
2026-05-25 14:21:10,349 INFO __main__: link_blobs={'region': None, 'blobs_found': 3, 'mask_coverage': 0.0036}
2026-05-25 14:21:10,350 INFO __main__: state={'hearts_full': 3, 'hearts_half': 0, 'health_ratio': 0.188, 'link_pos': [439, 430]}
2026-05-25 14:21:10,350 WARNING games.zelda.policy: Low health | health_ratio=0.19 | task=Task(name='get_wooden_sword')
2026-05-25 14:21:10,519 INFO __main__: link_blobs={'region': None, 'blobs_found': 3, 'mask_coverage': 0.0036}
2026-05-25 14:21:10,519 INFO __main__: state={'hearts_full': 3, 'hearts_half': 0, 'health_ratio': 0.188, 'link_pos': [439, 430]}
2026-05-25 14:21:10,519 WARNING games.zelda.policy: Low health | health_ratio=0.19 | task=Task(name='get_wooden_sword')
2026-05-25 14:21:10,675 INFO __main__: link_blobs={'region': None, 'blobs_found': 3, 'mask_coverage': 0.0036}
2026-05-25 14:21:10,676 INFO __main__: state={'hearts_full': 3, 'hearts_half': 0, 'health_ratio': 0.188, 'link_pos': [439, 430]}
2026-05-25 14:21:10,676 WARNING games.zelda.policy: Low health | health_ratio=0.19 | task=Task(name='get_wooden_sword')
2026-05-25 14:21:10,832 INFO __main__: link_blobs={'region': None, 'blobs_found': 3, 'mask_coverage': 0.0036}
2026-05-25 14:21:10,832 INFO __main__: state={'hearts_full': 3, 'hearts_half': 0, 'health_ratio': 0.188, 'link_pos': [439, 430]}
2026-05-25 14:21:10,832 WARNING games.zelda.policy: Low health | health_ratio=0.19 | task=Task(name='get_wooden_sword')
2026-05-25 14:21:11,002 INFO __main__: link_blobs={'region': None, 'blobs_found': 3, 'mask_coverage': 0.0036}
2026-05-25 14:21:11,002 INFO __main__: state={'hearts_full': 3, 'hearts_half': 0, 'health_ratio': 0.188, 'link_pos': [439, 430]}
2026-05-25 14:21:11,003 WARNING games.zelda.policy: Low health | health_ratio=0.19 | task=Task(name='get_wooden_sword')
2026-05-25 14:21:11,166 INFO __main__: link_blobs={'region': None, 'blobs_found': 3, 'mask_coverage': 0.0036}
2026-05-25 14:21:11,166 INFO __main__: state={'hearts_full': 3, 'hearts_half': 0, 'health_ratio': 0.188, 'link_pos': [439, 430]}
2026-05-25 14:21:11,166 WARNING games.zelda.policy: Low health | health_ratio=0.19 | task=Task(name='get_wooden_sword')
2026-05-25 14:21:11,325 INFO __main__: link_blobs={'region': None, 'blobs_found': 3, 'mask_coverage': 0.0036}
2026-05-25 14:21:11,326 INFO __main__: state={'hearts_full': 3, 'hearts_half': 0, 'health_ratio': 0.188, 'link_pos': [439, 430]}
2026-05-25 14:21:11,326 WARNING games.zelda.policy: Low health | health_ratio=0.19 | task=Task(name='get_wooden_sword')
2026-05-25 14:21:11,502 INFO __main__: link_blobs={'region': None, 'blobs_found': 3, 'mask_coverage': 0.0036}
2026-05-25 14:21:11,502 INFO __main__: state={'hearts_full': 3, 'hearts_half': 0, 'health_ratio': 0.188, 'link_pos': [439, 430]}
2026-05-25 14:21:11,502 WARNING games.zelda.policy: Low health | health_ratio=0.19 | task=Task(name='get_wooden_sword')
2026-05-25 14:21:11,659 INFO __main__: link_blobs={'region': None, 'blobs_found': 3, 'mask_coverage': 0.0036}
2026-05-25 14:21:11,659 INFO __main__: state={'hearts_full': 3, 'hearts_half': 0, 'health_ratio': 0.188, 'link_pos': [439, 430]}
2026-05-25 14:21:11,659 WARNING games.zelda.policy: Low health | health_ratio=0.19 | task=Task(name='get_wooden_sword')
2026-05-25 14:21:11,819 INFO __main__: link_blobs={'region': None, 'blobs_found': 3, 'mask_coverage': 0.0036}
2026-05-25 14:21:11,819 INFO __main__: state={'hearts_full': 3, 'hearts_half': 0, 'health_ratio': 0.188, 'link_pos': [439, 430]}
2026-05-25 14:21:11,819 WARNING games.zelda.policy: Low health | health_ratio=0.19 | task=Task(name='get_wooden_sword')
2026-05-25 14:21:11,975 INFO __main__: link_blobs={'region': None, 'blobs_found': 3, 'mask_coverage': 0.0036}
2026-05-25 14:21:11,976 INFO __main__: state={'hearts_full': 3, 'hearts_half': 0, 'health_ratio': 0.188, 'link_pos': [439, 430]}
2026-05-25 14:21:11,976 WARNING games.zelda.policy: Low health | health_ratio=0.19 | task=Task(name='get_wooden_sword')
2026-05-25 14:21:12,148 INFO __main__: link_blobs={'region': None, 'blobs_found': 3, 'mask_coverage': 0.0036}
2026-05-25 14:21:12,148 INFO __main__: state={'hearts_full': 3, 'hearts_half': 0, 'health_ratio': 0.188, 'link_pos': [439, 430]}
2026-05-25 14:21:12,149 WARNING games.zelda.policy: Low health | health_ratio=0.19 | task=Task(name='get_wooden_sword')
2026-05-25 14:21:12,296 INFO __main__: link_blobs={'region': None, 'blobs_found': 3, 'mask_coverage': 0.0036}
2026-05-25 14:21:12,296 INFO __main__: state={'hearts_full': 3, 'hearts_half': 0, 'health_ratio': 0.188, 'link_pos': [439, 430]}
2026-05-25 14:21:12,297 WARNING games.zelda.policy: Low health | health_ratio=0.19 | task=Task(name='get_wooden_sword')
2026-05-25 14:21:12,444 INFO __main__: link_blobs={'region': None, 'blobs_found': 3, 'mask_coverage': 0.0036}
2026-05-25 14:21:12,444 INFO __main__: state={'hearts_full': 3, 'hearts_half': 0, 'health_ratio': 0.188, 'link_pos': [439, 430]}
2026-05-25 14:21:12,445 WARNING games.zelda.policy: Low health | health_ratio=0.19 | task=Task(name='get_wooden_sword')
2026-05-25 14:21:12,607 INFO __main__: link_blobs={'region': None, 'blobs_found': 3, 'mask_coverage': 0.0036}
2026-05-25 14:21:12,608 INFO __main__: state={'hearts_full': 3, 'hearts_half': 0, 'health_ratio': 0.188, 'link_pos': [439, 430]}
2026-05-25 14:21:12,608 WARNING games.zelda.policy: Low health | health_ratio=0.19 | task=Task(name='get_wooden_sword')
2026-05-25 14:21:12,762 INFO __main__: link_blobs={'region': None, 'blobs_found': 3, 'mask_coverage': 0.0036}
2026-05-25 14:21:12,763 INFO __main__: state={'hearts_full': 3, 'hearts_half': 0, 'health_ratio': 0.188, 'link_pos': [439, 430]}
2026-05-25 14:21:12,763 WARNING games.zelda.policy: Low health | health_ratio=0.19 | task=Task(name='get_wooden_sword')
2026-05-25 14:21:12,924 INFO __main__: link_blobs={'region': None, 'blobs_found': 3, 'mask_coverage': 0.0036}
2026-05-25 14:21:12,924 INFO __main__: state={'hearts_full': 3, 'hearts_half': 0, 'health_ratio': 0.188, 'link_pos': [439, 430]}
2026-05-25 14:21:12,925 WARNING games.zelda.policy: Low health | health_ratio=0.19 | task=Task(name='get_wooden_sword')
2026-05-25 14:21:13,096 INFO __main__: link_blobs={'region': None, 'blobs_found': 3, 'mask_coverage': 0.0036}
2026-05-25 14:21:13,096 INFO __main__: state={'hearts_full': 3, 'hearts_half': 0, 'health_ratio': 0.188, 'link_pos': [439, 430]}
2026-05-25 14:21:13,096 WARNING games.zelda.policy: Low health | health_ratio=0.19 | task=Task(name='get_wooden_sword')
2026-05-25 14:21:13,262 INFO __main__: link_blobs={'region': None, 'blobs_found': 3, 'mask_coverage': 0.0036}
2026-05-25 14:21:13,262 INFO __main__: state={'hearts_full': 3, 'hearts_half': 0, 'health_ratio': 0.188, 'link_pos': [439, 430]}
2026-05-25 14:21:13,262 WARNING games.zelda.policy: Low health | health_ratio=0.19 | task=Task(name='get_wooden_sword')
2026-05-25 14:21:13,433 INFO __main__: link_blobs={'region': None, 'blobs_found': 3, 'mask_coverage': 0.0036}
2026-05-25 14:21:13,434 INFO __main__: state={'hearts_full': 3, 'hearts_half': 0, 'health_ratio': 0.188, 'link_pos': [439, 430]}
2026-05-25 14:21:13,434 WARNING games.zelda.policy: Low health | health_ratio=0.19 | task=Task(name='get_wooden_sword')
2026-05-25 14:21:13,590 INFO __main__: link_blobs={'region': None, 'blobs_found': 3, 'mask_coverage': 0.0036}
2026-05-25 14:21:13,590 INFO __main__: state={'hearts_full': 3, 'hearts_half': 0, 'health_ratio': 0.188, 'link_pos': [439, 430]}
2026-05-25 14:21:13,590 WARNING games.zelda.policy: Low health | health_ratio=0.19 | task=Task(name='get_wooden_sword')
2026-05-25 14:21:13,762 INFO __main__: link_blobs={'region': None, 'blobs_found': 3, 'mask_coverage': 0.0036}
2026-05-25 14:21:13,763 INFO __main__: state={'hearts_full': 3, 'hearts_half': 0, 'health_ratio': 0.188, 'link_pos': [439, 430]}
2026-05-25 14:21:13,763 WARNING games.zelda.policy: Low health | health_ratio=0.19 | task=Task(name='get_wooden_sword')
2026-05-25 14:21:13,910 INFO __main__: link_blobs={'region': None, 'blobs_found': 3, 'mask_coverage': 0.0036}
2026-05-25 14:21:13,910 INFO __main__: state={'hearts_full': 3, 'hearts_half': 0, 'health_ratio': 0.188, 'link_pos': [439, 430]}
2026-05-25 14:21:13,910 WARNING games.zelda.policy: Low health | health_ratio=0.19 | task=Task(name='get_wooden_sword')
2026-05-25 14:21:14,062 INFO __main__: link_blobs={'region': None, 'blobs_found': 3, 'mask_coverage': 0.0036}
2026-05-25 14:21:14,062 INFO __main__: state={'hearts_full': 3, 'hearts_half': 0, 'health_ratio': 0.188, 'link_pos': [439, 430]}
2026-05-25 14:21:14,062 WARNING games.zelda.policy: Low health | health_ratio=0.19 | task=Task(name='get_wooden_sword')
2026-05-25 14:21:14,223 INFO __main__: link_blobs={'region': None, 'blobs_found': 3, 'mask_coverage': 0.0036}
2026-05-25 14:21:14,223 INFO __main__: state={'hearts_full': 3, 'hearts_half': 0, 'health_ratio': 0.188, 'link_pos': [439, 430]}
2026-05-25 14:21:14,223 WARNING games.zelda.policy: Low health | health_ratio=0.19 | task=Task(name='get_wooden_sword')
2026-05-25 14:21:14,376 INFO __main__: link_blobs={'region': None, 'blobs_found': 3, 'mask_coverage': 0.0036}
2026-05-25 14:21:14,376 INFO __main__: state={'hearts_full': 3, 'hearts_half': 0, 'health_ratio': 0.188, 'link_pos': [439, 430]}
2026-05-25 14:21:14,376 WARNING games.zelda.policy: Low health | health_ratio=0.19 | task=Task(name='get_wooden_sword')
2026-05-25 14:21:14,527 INFO __main__: link_blobs={'region': None, 'blobs_found': 3, 'mask_coverage': 0.0036}
2026-05-25 14:21:14,527 INFO __main__: state={'hearts_full': 3, 'hearts_half': 0, 'health_ratio': 0.188, 'link_pos': [439, 430]}
2026-05-25 14:21:14,527 WARNING games.zelda.policy: Low health | health_ratio=0.19 | task=Task(name='get_wooden_sword')
2026-05-25 14:21:14,691 INFO __main__: link_blobs={'region': None, 'blobs_found': 3, 'mask_coverage': 0.0036}
2026-05-25 14:21:14,691 INFO __main__: state={'hearts_full': 3, 'hearts_half': 0, 'health_ratio': 0.188, 'link_pos': [439, 430]}
2026-05-25 14:21:14,691 WARNING games.zelda.policy: Low health | health_ratio=0.19 | task=Task(name='get_wooden_sword')
2026-05-25 14:21:14,857 INFO __main__: link_blobs={'region': None, 'blobs_found': 3, 'mask_coverage': 0.0036}
2026-05-25 14:21:14,857 INFO __main__: state={'hearts_full': 3, 'hearts_half': 0, 'health_ratio': 0.188, 'link_pos': [439, 430]}
2026-05-25 14:21:14,858 WARNING games.zelda.policy: Low health | health_ratio=0.19 | task=Task(name='get_wooden_sword')
2026-05-25 14:21:15,016 INFO __main__: link_blobs={'region': None, 'blobs_found': 3, 'mask_coverage': 0.0036}
2026-05-25 14:21:15,016 INFO __main__: state={'hearts_full': 3, 'hearts_half': 0, 'health_ratio': 0.188, 'link_pos': [439, 430]}
2026-05-25 14:21:15,017 WARNING games.zelda.policy: Low health | health_ratio=0.19 | task=Task(name='get_wooden_sword')
2026-05-25 14:21:15,182 INFO __main__: link_blobs={'region': None, 'blobs_found': 3, 'mask_coverage': 0.0036}
2026-05-25 14:21:15,184 INFO __main__: state={'hearts_full': 3, 'hearts_half': 0, 'health_ratio': 0.188, 'link_pos': [439, 430]}
2026-05-25 14:21:15,184 WARNING games.zelda.policy: Low health | health_ratio=0.19 | task=Task(name='get_wooden_sword')
2026-05-25 14:21:15,350 INFO __main__: link_blobs={'region': None, 'blobs_found': 3, 'mask_coverage': 0.0036}
2026-05-25 14:21:15,350 INFO __main__: state={'hearts_full': 3, 'hearts_half': 0, 'health_ratio': 0.188, 'link_pos': [439, 430]}
2026-05-25 14:21:15,351 WARNING games.zelda.policy: Low health | health_ratio=0.19 | task=Task(name='get_wooden_sword')
2026-05-25 14:21:15,508 INFO __main__: link_blobs={'region': None, 'blobs_found': 3, 'mask_coverage': 0.0036}
2026-05-25 14:21:15,509 INFO __main__: state={'hearts_full': 3, 'hearts_half': 0, 'health_ratio': 0.188, 'link_pos': [439, 430]}
2026-05-25 14:21:15,509 WARNING games.zelda.policy: Low health | health_ratio=0.19 | task=Task(name='get_wooden_sword')
2026-05-25 14:21:15,665 INFO __main__: link_blobs={'region': None, 'blobs_found': 3, 'mask_coverage': 0.0036}
2026-05-25 14:21:15,666 INFO __main__: state={'hearts_full': 3, 'hearts_half': 0, 'health_ratio': 0.188, 'link_pos': [439, 430]}
2026-05-25 14:21:15,666 WARNING games.zelda.policy: Low health | health_ratio=0.19 | task=Task(name='get_wooden_sword')
2026-05-25 14:21:15,821 INFO __main__: link_blobs={'region': None, 'blobs_found': 3, 'mask_coverage': 0.0036}
2026-05-25 14:21:15,822 INFO __main__: state={'hearts_full': 3, 'hearts_half': 0, 'health_ratio': 0.188, 'link_pos': [439, 430]}
2026-05-25 14:21:15,822 WARNING games.zelda.policy: Low health | health_ratio=0.19 | task=Task(name='get_wooden_sword')
2026-05-25 14:21:15,981 INFO __main__: link_blobs={'region': None, 'blobs_found': 3, 'mask_coverage': 0.0036}
2026-05-25 14:21:15,981 INFO __main__: state={'hearts_full': 3, 'hearts_half': 0, 'health_ratio': 0.188, 'link_pos': [439, 430]}
2026-05-25 14:21:15,981 WARNING games.zelda.policy: Low health | health_ratio=0.19 | task=Task(name='get_wooden_sword')
2026-05-25 14:21:16,148 INFO __main__: link_blobs={'region': None, 'blobs_found': 3, 'mask_coverage': 0.0036}
2026-05-25 14:21:16,148 INFO __main__: state={'hearts_full': 3, 'hearts_half': 0, 'health_ratio': 0.188, 'link_pos': [439, 430]}
2026-05-25 14:21:16,148 WARNING games.zelda.policy: Low health | health_ratio=0.19 | task=Task(name='get_wooden_sword')
2026-05-25 14:21:16,298 INFO __main__: link_blobs={'region': None, 'blobs_found': 3, 'mask_coverage': 0.0036}
2026-05-25 14:21:16,298 INFO __main__: state={'hearts_full': 3, 'hearts_half': 0, 'health_ratio': 0.188, 'link_pos': [439, 430]}
2026-05-25 14:21:16,298 WARNING games.zelda.policy: Low health | health_ratio=0.19 | task=Task(name='get_wooden_sword')
2026-05-25 14:21:16,456 INFO __main__: link_blobs={'region': None, 'blobs_found': 3, 'mask_coverage': 0.0036}
2026-05-25 14:21:16,456 INFO __main__: state={'hearts_full': 3, 'hearts_half': 0, 'health_ratio': 0.188, 'link_pos': [439, 430]}
2026-05-25 14:21:16,456 WARNING games.zelda.policy: Low health | health_ratio=0.19 | task=Task(name='get_wooden_sword')
2026-05-25 14:21:16,614 INFO __main__: link_blobs={'region': None, 'blobs_found': 3, 'mask_coverage': 0.0036}
2026-05-25 14:21:16,615 INFO __main__: state={'hearts_full': 3, 'hearts_half': 0, 'health_ratio': 0.188, 'link_pos': [439, 430]}
2026-05-25 14:21:16,615 WARNING games.zelda.policy: Low health | health_ratio=0.19 | task=Task(name='get_wooden_sword')
2026-05-25 14:21:16,757 INFO __main__: link_blobs={'region': None, 'blobs_found': 3, 'mask_coverage': 0.0036}
2026-05-25 14:21:16,757 INFO __main__: state={'hearts_full': 3, 'hearts_half': 0, 'health_ratio': 0.188, 'link_pos': [439, 430]}
2026-05-25 14:21:16,757 WARNING games.zelda.policy: Low health | health_ratio=0.19 | task=Task(name='get_wooden_sword')
2026-05-25 14:21:16,943 INFO __main__: link_blobs={'region': None, 'blobs_found': 3, 'mask_coverage': 0.0036}
2026-05-25 14:21:16,943 INFO __main__: state={'hearts_full': 3, 'hearts_half': 0, 'health_ratio': 0.188, 'link_pos': [439, 430]}
2026-05-25 14:21:16,943 WARNING games.zelda.policy: Low health | health_ratio=0.19 | task=Task(name='get_wooden_sword')
2026-05-25 14:21:17,122 INFO __main__: link_blobs={'region': None, 'blobs_found': 3, 'mask_coverage': 0.0036}
2026-05-25 14:21:17,123 INFO __main__: state={'hearts_full': 3, 'hearts_half': 0, 'health_ratio': 0.188, 'link_pos': [439, 430]}
2026-05-25 14:21:17,123 WARNING games.zelda.policy: Low health | health_ratio=0.19 | task=Task(name='get_wooden_sword')
2026-05-25 14:21:17,285 INFO __main__: link_blobs={'region': None, 'blobs_found': 3, 'mask_coverage': 0.0036}
2026-05-25 14:21:17,285 INFO __main__: state={'hearts_full': 3, 'hearts_half': 0, 'health_ratio': 0.188, 'link_pos': [439, 430]}
2026-05-25 14:21:17,286 WARNING games.zelda.policy: Low health | health_ratio=0.19 | task=Task(name='get_wooden_sword')
2026-05-25 14:21:17,452 INFO __main__: link_blobs={'region': None, 'blobs_found': 3, 'mask_coverage': 0.0036}
2026-05-25 14:21:17,453 INFO __main__: state={'hearts_full': 3, 'hearts_half': 0, 'health_ratio': 0.188, 'link_pos': [439, 430]}
2026-05-25 14:21:17,453 WARNING games.zelda.policy: Low health | health_ratio=0.19 | task=Task(name='get_wooden_sword')
2026-05-25 14:21:17,618 INFO __main__: link_blobs={'region': None, 'blobs_found': 3, 'mask_coverage': 0.0036}
2026-05-25 14:21:17,618 INFO __main__: state={'hearts_full': 3, 'hearts_half': 0, 'health_ratio': 0.188, 'link_pos': [439, 430]}
2026-05-25 14:21:17,618 WARNING games.zelda.policy: Low health | health_ratio=0.19 | task=Task(name='get_wooden_sword')
2026-05-25 14:21:17,785 INFO __main__: link_blobs={'region': None, 'blobs_found': 3, 'mask_coverage': 0.0036}
2026-05-25 14:21:17,785 INFO __main__: state={'hearts_full': 3, 'hearts_half': 0, 'health_ratio': 0.188, 'link_pos': [439, 430]}
2026-05-25 14:21:17,786 WARNING games.zelda.policy: Low health | health_ratio=0.19 | task=Task(name='get_wooden_sword')
2026-05-25 14:21:17,972 INFO __main__: link_blobs={'region': None, 'blobs_found': 3, 'mask_coverage': 0.0036}
2026-05-25 14:21:17,972 INFO __main__: state={'hearts_full': 3, 'hearts_half': 0, 'health_ratio': 0.188, 'link_pos': [439, 430]}
2026-05-25 14:21:17,972 WARNING games.zelda.policy: Low health | health_ratio=0.19 | task=Task(name='get_wooden_sword')
2026-05-25 14:21:18,145 INFO __main__: link_blobs={'region': None, 'blobs_found': 3, 'mask_coverage': 0.0036}
2026-05-25 14:21:18,145 INFO __main__: state={'hearts_full': 3, 'hearts_half': 0, 'health_ratio': 0.188, 'link_pos': [439, 430]}
2026-05-25 14:21:18,145 WARNING games.zelda.policy: Low health | health_ratio=0.19 | task=Task(name='get_wooden_sword')
2026-05-25 14:21:18,311 INFO __main__: link_blobs={'region': None, 'blobs_found': 3, 'mask_coverage': 0.0036}
2026-05-25 14:21:18,311 INFO __main__: state={'hearts_full': 3, 'hearts_half': 0, 'health_ratio': 0.188, 'link_pos': [439, 430]}
2026-05-25 14:21:18,312 WARNING games.zelda.policy: Low health | health_ratio=0.19 | task=Task(name='get_wooden_sword')
2026-05-25 14:21:18,467 INFO __main__: link_blobs={'region': None, 'blobs_found': 3, 'mask_coverage': 0.0036}
2026-05-25 14:21:18,468 INFO __main__: state={'hearts_full': 3, 'hearts_half': 0, 'health_ratio': 0.188, 'link_pos': [439, 430]}
2026-05-25 14:21:18,468 WARNING games.zelda.policy: Low health | health_ratio=0.19 | task=Task(name='get_wooden_sword')
2026-05-25 14:21:18,636 INFO __main__: link_blobs={'region': None, 'blobs_found': 3, 'mask_coverage': 0.0036}
2026-05-25 14:21:18,637 INFO __main__: state={'hearts_full': 3, 'hearts_half': 0, 'health_ratio': 0.188, 'link_pos': [439, 430]}
2026-05-25 14:21:18,637 WARNING games.zelda.policy: Low health | health_ratio=0.19 | task=Task(name='get_wooden_sword')
2026-05-25 14:21:18,787 INFO __main__: link_blobs={'region': None, 'blobs_found': 3, 'mask_coverage': 0.0036}
2026-05-25 14:21:18,787 INFO __main__: state={'hearts_full': 3, 'hearts_half': 0, 'health_ratio': 0.188, 'link_pos': [439, 430]}
2026-05-25 14:21:18,787 WARNING games.zelda.policy: Low health | health_ratio=0.19 | task=Task(name='get_wooden_sword')
2026-05-25 14:21:18,940 INFO __main__: link_blobs={'region': None, 'blobs_found': 3, 'mask_coverage': 0.0036}
2026-05-25 14:21:18,941 INFO __main__: state={'hearts_full': 3, 'hearts_half': 0, 'health_ratio': 0.188, 'link_pos': [439, 430]}
2026-05-25 14:21:18,941 WARNING games.zelda.policy: Low health | health_ratio=0.19 | task=Task(name='get_wooden_sword')
2026-05-25 14:21:19,090 INFO __main__: link_blobs={'region': None, 'blobs_found': 3, 'mask_coverage': 0.0036}
2026-05-25 14:21:19,090 INFO __main__: state={'hearts_full': 3, 'hearts_half': 0, 'health_ratio': 0.188, 'link_pos': [439, 430]}
2026-05-25 14:21:19,091 WARNING games.zelda.policy: Low health | health_ratio=0.19 | task=Task(name='get_wooden_sword')
2026-05-25 14:21:19,249 INFO __main__: link_blobs={'region': None, 'blobs_found': 3, 'mask_coverage': 0.0036}
2026-05-25 14:21:19,249 INFO __main__: state={'hearts_full': 3, 'hearts_half': 0, 'health_ratio': 0.188, 'link_pos': [439, 430]}
2026-05-25 14:21:19,249 WARNING games.zelda.policy: Low health | health_ratio=0.19 | task=Task(name='get_wooden_sword')
2026-05-25 14:21:19,408 INFO __main__: link_blobs={'region': None, 'blobs_found': 3, 'mask_coverage': 0.0036}
2026-05-25 14:21:19,409 INFO __main__: state={'hearts_full': 3, 'hearts_half': 0, 'health_ratio': 0.188, 'link_pos': [439, 430]}
2026-05-25 14:21:19,409 WARNING games.zelda.policy: Low health | health_ratio=0.19 | task=Task(name='get_wooden_sword')
2026-05-25 14:21:19,565 INFO __main__: link_blobs={'region': None, 'blobs_found': 3, 'mask_coverage': 0.0036}
2026-05-25 14:21:19,566 INFO __main__: state={'hearts_full': 3, 'hearts_half': 0, 'health_ratio': 0.188, 'link_pos': [439, 430]}
2026-05-25 14:21:19,566 WARNING games.zelda.policy: Low health | health_ratio=0.19 | task=Task(name='get_wooden_sword')
2026-05-25 14:21:19,727 INFO __main__: link_blobs={'region': None, 'blobs_found': 3, 'mask_coverage': 0.0036}
2026-05-25 14:21:19,727 INFO __main__: state={'hearts_full': 3, 'hearts_half': 0, 'health_ratio': 0.188, 'link_pos': [439, 430]}
2026-05-25 14:21:19,727 WARNING games.zelda.policy: Low health | health_ratio=0.19 | task=Task(name='get_wooden_sword')
2026-05-25 14:21:19,906 INFO __main__: link_blobs={'region': None, 'blobs_found': 3, 'mask_coverage': 0.0036}
2026-05-25 14:21:19,906 INFO __main__: state={'hearts_full': 3, 'hearts_half': 0, 'health_ratio': 0.188, 'link_pos': [439, 430]}
2026-05-25 14:21:19,906 WARNING games.zelda.policy: Low health | health_ratio=0.19 | task=Task(name='get_wooden_sword')
2026-05-25 14:21:20,099 INFO __main__: link_blobs={'region': None, 'blobs_found': 3, 'mask_coverage': 0.0036}
2026-05-25 14:21:20,100 INFO __main__: state={'hearts_full': 3, 'hearts_half': 0, 'health_ratio': 0.188, 'link_pos': [439, 430]}
2026-05-25 14:21:20,100 WARNING games.zelda.policy: Low health | health_ratio=0.19 | task=Task(name='get_wooden_sword')
2026-05-25 14:21:20,287 INFO __main__: link_blobs={'region': None, 'blobs_found': 3, 'mask_coverage': 0.0036}
2026-05-25 14:21:20,287 INFO __main__: state={'hearts_full': 3, 'hearts_half': 0, 'health_ratio': 0.188, 'link_pos': [439, 430]}
2026-05-25 14:21:20,288 WARNING games.zelda.policy: Low health | health_ratio=0.19 | task=Task(name='get_wooden_sword')
2026-05-25 14:21:20,438 INFO __main__: link_blobs={'region': None, 'blobs_found': 3, 'mask_coverage': 0.0036}
2026-05-25 14:21:20,438 INFO __main__: state={'hearts_full': 3, 'hearts_half': 0, 'health_ratio': 0.188, 'link_pos': [439, 430]}
2026-05-25 14:21:20,439 WARNING games.zelda.policy: Low health | health_ratio=0.19 | task=Task(name='get_wooden_sword')
2026-05-25 14:21:20,621 INFO __main__: link_blobs={'region': None, 'blobs_found': 3, 'mask_coverage': 0.0036}
2026-05-25 14:21:20,621 INFO __main__: state={'hearts_full': 3, 'hearts_half': 0, 'health_ratio': 0.188, 'link_pos': [439, 430]}
2026-05-25 14:21:20,622 WARNING games.zelda.policy: Low health | health_ratio=0.19 | task=Task(name='get_wooden_sword')
2026-05-25 14:21:20,771 INFO __main__: link_blobs={'region': None, 'blobs_found': 3, 'mask_coverage': 0.0036}
2026-05-25 14:21:20,771 INFO __main__: state={'hearts_full': 3, 'hearts_half': 0, 'health_ratio': 0.188, 'link_pos': [439, 430]}
2026-05-25 14:21:20,771 WARNING games.zelda.policy: Low health | health_ratio=0.19 | task=Task(name='get_wooden_sword')
2026-05-25 14:21:20,922 INFO __main__: link_blobs={'region': None, 'blobs_found': 3, 'mask_coverage': 0.0036}
2026-05-25 14:21:20,922 INFO __main__: state={'hearts_full': 3, 'hearts_half': 0, 'health_ratio': 0.188, 'link_pos': [439, 430]}
2026-05-25 14:21:20,923 WARNING games.zelda.policy: Low health | health_ratio=0.19 | task=Task(name='get_wooden_sword')
2026-05-25 14:21:21,084 INFO __main__: link_blobs={'region': None, 'blobs_found': 3, 'mask_coverage': 0.0036}
2026-05-25 14:21:21,084 INFO __main__: state={'hearts_full': 3, 'hearts_half': 0, 'health_ratio': 0.188, 'link_pos': [439, 430]}
2026-05-25 14:21:21,084 WARNING games.zelda.policy: Low health | health_ratio=0.19 | task=Task(name='get_wooden_sword')
2026-05-25 14:21:21,255 INFO __main__: link_blobs={'region': None, 'blobs_found': 3, 'mask_coverage': 0.0036}
2026-05-25 14:21:21,255 INFO __main__: state={'hearts_full': 3, 'hearts_half': 0, 'health_ratio': 0.188, 'link_pos': [439, 430]}
2026-05-25 14:21:21,255 WARNING games.zelda.policy: Low health | health_ratio=0.19 | task=Task(name='get_wooden_sword')
2026-05-25 14:24:09,910 INFO games.zelda.policy: ZeldaPolicy initialized | [zelda_opening] 1/4: get_wooden_sword
2026-05-25 14:24:10,014 INFO __main__: Detected region: x=32, y=334, w=879, h=672
2026-05-25 14:24:10,014 INFO __main__: Detected 'RetroArch QuickNES 1.0-WIP 7178256' at region (32, 334, 879, 672)
2026-05-25 14:24:10,194 INFO __main__: ScreenCapture region: (32, 334, 879, 672)
2026-05-25 14:24:10,194 INFO __main__: Starting loop at 30 FPS
2026-05-25 14:24:10,344 INFO __main__: link_blobs={'region': None, 'blobs_found': 3, 'mask_coverage': 0.0036}
2026-05-25 14:24:10,344 INFO __main__: state={'hearts_full': 3, 'hearts_half': 0, 'health_ratio': 0.188, 'link_pos': [439, 430]}
2026-05-25 14:24:10,345 WARNING games.zelda.policy: Low health | health_ratio=0.19 | task=Task(name='get_wooden_sword')
2026-05-25 14:24:10,539 INFO __main__: link_blobs={'region': None, 'blobs_found': 3, 'mask_coverage': 0.0036}
2026-05-25 14:24:10,540 INFO __main__: state={'hearts_full': 3, 'hearts_half': 0, 'health_ratio': 0.188, 'link_pos': [439, 430]}
2026-05-25 14:24:10,540 WARNING games.zelda.policy: Low health | health_ratio=0.19 | task=Task(name='get_wooden_sword')
2026-05-25 14:24:10,708 INFO __main__: link_blobs={'region': None, 'blobs_found': 3, 'mask_coverage': 0.0036}
2026-05-25 14:24:10,708 INFO __main__: state={'hearts_full': 3, 'hearts_half': 0, 'health_ratio': 0.188, 'link_pos': [439, 430]}
2026-05-25 14:24:10,708 WARNING games.zelda.policy: Low health | health_ratio=0.19 | task=Task(name='get_wooden_sword')
2026-05-25 14:24:10,850 INFO __main__: link_blobs={'region': None, 'blobs_found': 3, 'mask_coverage': 0.0036}
2026-05-25 14:24:10,850 INFO __main__: state={'hearts_full': 3, 'hearts_half': 0, 'health_ratio': 0.188, 'link_pos': [439, 430]}
2026-05-25 14:24:10,851 WARNING games.zelda.policy: Low health | health_ratio=0.19 | task=Task(name='get_wooden_sword')
2026-05-25 14:24:11,035 INFO __main__: link_blobs={'region': None, 'blobs_found': 3, 'mask_coverage': 0.0036}
2026-05-25 14:24:11,035 INFO __main__: state={'hearts_full': 3, 'hearts_half': 0, 'health_ratio': 0.188, 'link_pos': [439, 430]}
2026-05-25 14:24:11,036 WARNING games.zelda.policy: Low health | health_ratio=0.19 | task=Task(name='get_wooden_sword')
2026-05-25 14:24:11,210 INFO __main__: link_blobs={'region': None, 'blobs_found': 3, 'mask_coverage': 0.0036}
2026-05-25 14:24:11,211 INFO __main__: state={'hearts_full': 3, 'hearts_half': 0, 'health_ratio': 0.188, 'link_pos': [439, 430]}
2026-05-25 14:24:11,211 WARNING games.zelda.policy: Low health | health_ratio=0.19 | task=Task(name='get_wooden_sword')
2026-05-25 14:24:11,368 INFO __main__: link_blobs={'region': None, 'blobs_found': 3, 'mask_coverage': 0.0036}
2026-05-25 14:24:11,368 INFO __main__: state={'hearts_full': 3, 'hearts_half': 0, 'health_ratio': 0.188, 'link_pos': [439, 430]}
2026-05-25 14:24:11,368 WARNING games.zelda.policy: Low health | health_ratio=0.19 | task=Task(name='get_wooden_sword')
2026-05-25 14:24:11,516 INFO __main__: link_blobs={'region': None, 'blobs_found': 3, 'mask_coverage': 0.0036}
2026-05-25 14:24:11,517 INFO __main__: state={'hearts_full': 3, 'hearts_half': 0, 'health_ratio': 0.188, 'link_pos': [439, 430]}
2026-05-25 14:24:11,517 WARNING games.zelda.policy: Low health | health_ratio=0.19 | task=Task(name='get_wooden_sword')
2026-05-25 14:24:11,669 INFO __main__: link_blobs={'region': None, 'blobs_found': 3, 'mask_coverage': 0.0036}
2026-05-25 14:24:11,669 INFO __main__: state={'hearts_full': 3, 'hearts_half': 0, 'health_ratio': 0.188, 'link_pos': [439, 430]}
2026-05-25 14:24:11,669 WARNING games.zelda.policy: Low health | health_ratio=0.19 | task=Task(name='get_wooden_sword')
2026-05-25 14:24:11,816 INFO __main__: link_blobs={'region': None, 'blobs_found': 3, 'mask_coverage': 0.0036}
2026-05-25 14:24:11,817 INFO __main__: state={'hearts_full': 3, 'hearts_half': 0, 'health_ratio': 0.188, 'link_pos': [439, 430]}
2026-05-25 14:24:11,817 WARNING games.zelda.policy: Low health | health_ratio=0.19 | task=Task(name='get_wooden_sword')
2026-05-25 14:24:11,966 INFO __main__: link_blobs={'region': None, 'blobs_found': 3, 'mask_coverage': 0.0036}
2026-05-25 14:24:11,966 INFO __main__: state={'hearts_full': 3, 'hearts_half': 0, 'health_ratio': 0.188, 'link_pos': [439, 430]}
2026-05-25 14:24:11,967 WARNING games.zelda.policy: Low health | health_ratio=0.19 | task=Task(name='get_wooden_sword')
2026-05-25 14:24:12,118 INFO __main__: link_blobs={'region': None, 'blobs_found': 3, 'mask_coverage': 0.0036}
2026-05-25 14:24:12,119 INFO __main__: state={'hearts_full': 3, 'hearts_half': 0, 'health_ratio': 0.188, 'link_pos': [439, 430]}
2026-05-25 14:24:12,119 WARNING games.zelda.policy: Low health | health_ratio=0.19 | task=Task(name='get_wooden_sword')
2026-05-25 14:24:12,275 INFO __main__: link_blobs={'region': None, 'blobs_found': 3, 'mask_coverage': 0.0036}
2026-05-25 14:24:12,275 INFO __main__: state={'hearts_full': 3, 'hearts_half': 0, 'health_ratio': 0.188, 'link_pos': [439, 430]}
2026-05-25 14:24:12,275 WARNING games.zelda.policy: Low health | health_ratio=0.19 | task=Task(name='get_wooden_sword')
2026-05-25 14:24:12,424 INFO __main__: link_blobs={'region': None, 'blobs_found': 3, 'mask_coverage': 0.0036}
2026-05-25 14:24:12,424 INFO __main__: state={'hearts_full': 3, 'hearts_half': 0, 'health_ratio': 0.188, 'link_pos': [439, 430]}
2026-05-25 14:24:12,424 WARNING games.zelda.policy: Low health | health_ratio=0.19 | task=Task(name='get_wooden_sword')
2026-05-25 14:24:12,581 INFO __main__: link_blobs={'region': None, 'blobs_found': 3, 'mask_coverage': 0.0036}
2026-05-25 14:24:12,581 INFO __main__: state={'hearts_full': 3, 'hearts_half': 0, 'health_ratio': 0.188, 'link_pos': [439, 430]}
2026-05-25 14:24:12,581 WARNING games.zelda.policy: Low health | health_ratio=0.19 | task=Task(name='get_wooden_sword')
2026-05-25 14:24:12,739 INFO __main__: link_blobs={'region': None, 'blobs_found': 3, 'mask_coverage': 0.0036}
2026-05-25 14:24:12,739 INFO __main__: state={'hearts_full': 3, 'hearts_half': 0, 'health_ratio': 0.188, 'link_pos': [439, 430]}
2026-05-25 14:24:12,739 WARNING games.zelda.policy: Low health | health_ratio=0.19 | task=Task(name='get_wooden_sword')
2026-05-25 14:24:12,885 INFO __main__: link_blobs={'region': None, 'blobs_found': 3, 'mask_coverage': 0.0036}
2026-05-25 14:24:12,885 INFO __main__: state={'hearts_full': 3, 'hearts_half': 0, 'health_ratio': 0.188, 'link_pos': [439, 430]}
2026-05-25 14:24:12,885 WARNING games.zelda.policy: Low health | health_ratio=0.19 | task=Task(name='get_wooden_sword')
2026-05-25 14:24:13,053 INFO __main__: link_blobs={'region': None, 'blobs_found': 3, 'mask_coverage': 0.0036}
2026-05-25 14:24:13,053 INFO __main__: state={'hearts_full': 3, 'hearts_half': 0, 'health_ratio': 0.188, 'link_pos': [439, 430]}
2026-05-25 14:24:13,053 WARNING games.zelda.policy: Low health | health_ratio=0.19 | task=Task(name='get_wooden_sword')
2026-05-25 14:24:13,212 INFO __main__: link_blobs={'region': None, 'blobs_found': 3, 'mask_coverage': 0.0036}
2026-05-25 14:24:13,212 INFO __main__: state={'hearts_full': 3, 'hearts_half': 0, 'health_ratio': 0.188, 'link_pos': [439, 430]}
2026-05-25 14:24:13,212 WARNING games.zelda.policy: Low health | health_ratio=0.19 | task=Task(name='get_wooden_sword')
2026-05-25 14:24:13,369 INFO __main__: link_blobs={'region': None, 'blobs_found': 3, 'mask_coverage': 0.0036}
2026-05-25 14:24:13,370 INFO __main__: state={'hearts_full': 3, 'hearts_half': 0, 'health_ratio': 0.188, 'link_pos': [439, 430]}
2026-05-25 14:24:13,370 WARNING games.zelda.policy: Low health | health_ratio=0.19 | task=Task(name='get_wooden_sword')
2026-05-25 14:24:13,539 INFO __main__: link_blobs={'region': None, 'blobs_found': 3, 'mask_coverage': 0.0036}
2026-05-25 14:24:13,539 INFO __main__: state={'hearts_full': 3, 'hearts_half': 0, 'health_ratio': 0.188, 'link_pos': [439, 430]}
2026-05-25 14:24:13,539 WARNING games.zelda.policy: Low health | health_ratio=0.19 | task=Task(name='get_wooden_sword')
2026-05-25 14:24:13,706 INFO __main__: link_blobs={'region': None, 'blobs_found': 3, 'mask_coverage': 0.0036}
2026-05-25 14:24:13,706 INFO __main__: state={'hearts_full': 3, 'hearts_half': 0, 'health_ratio': 0.188, 'link_pos': [439, 430]}
2026-05-25 14:24:13,707 WARNING games.zelda.policy: Low health | health_ratio=0.19 | task=Task(name='get_wooden_sword')
2026-05-25 14:24:13,859 INFO __main__: link_blobs={'region': None, 'blobs_found': 3, 'mask_coverage': 0.0036}
2026-05-25 14:24:13,859 INFO __main__: state={'hearts_full': 3, 'hearts_half': 0, 'health_ratio': 0.188, 'link_pos': [439, 430]}
2026-05-25 14:24:13,859 WARNING games.zelda.policy: Low health | health_ratio=0.19 | task=Task(name='get_wooden_sword')
2026-05-25 14:24:14,014 INFO __main__: link_blobs={'region': None, 'blobs_found': 3, 'mask_coverage': 0.0036}
2026-05-25 14:24:14,014 INFO __main__: state={'hearts_full': 3, 'hearts_half': 0, 'health_ratio': 0.188, 'link_pos': [439, 430]}
2026-05-25 14:24:14,014 WARNING games.zelda.policy: Low health | health_ratio=0.19 | task=Task(name='get_wooden_sword')
2026-05-25 14:24:14,170 INFO __main__: link_blobs={'region': None, 'blobs_found': 3, 'mask_coverage': 0.0036}
2026-05-25 14:24:14,171 INFO __main__: state={'hearts_full': 3, 'hearts_half': 0, 'health_ratio': 0.188, 'link_pos': [439, 430]}
2026-05-25 14:24:14,171 WARNING games.zelda.policy: Low health | health_ratio=0.19 | task=Task(name='get_wooden_sword')
2026-05-25 14:24:14,326 INFO __main__: link_blobs={'region': None, 'blobs_found': 3, 'mask_coverage': 0.0036}
2026-05-25 14:24:14,326 INFO __main__: state={'hearts_full': 3, 'hearts_half': 0, 'health_ratio': 0.188, 'link_pos': [439, 430]}
2026-05-25 14:24:14,326 WARNING games.zelda.policy: Low health | health_ratio=0.19 | task=Task(name='get_wooden_sword')
2026-05-25 14:24:14,478 INFO __main__: link_blobs={'region': None, 'blobs_found': 3, 'mask_coverage': 0.0036}
2026-05-25 14:24:14,479 INFO __main__: state={'hearts_full': 3, 'hearts_half': 0, 'health_ratio': 0.188, 'link_pos': [439, 430]}
2026-05-25 14:24:14,479 WARNING games.zelda.policy: Low health | health_ratio=0.19 | task=Task(name='get_wooden_sword')
2026-05-25 14:24:14,635 INFO __main__: link_blobs={'region': None, 'blobs_found': 3, 'mask_coverage': 0.0036}
2026-05-25 14:24:14,636 INFO __main__: state={'hearts_full': 3, 'hearts_half': 0, 'health_ratio': 0.188, 'link_pos': [439, 430]}
2026-05-25 14:24:14,636 WARNING games.zelda.policy: Low health | health_ratio=0.19 | task=Task(name='get_wooden_sword')
2026-05-25 14:24:14,795 INFO __main__: link_blobs={'region': None, 'blobs_found': 3, 'mask_coverage': 0.0036}
2026-05-25 14:24:14,795 INFO __main__: state={'hearts_full': 3, 'hearts_half': 0, 'health_ratio': 0.188, 'link_pos': [439, 430]}
2026-05-25 14:24:14,795 WARNING games.zelda.policy: Low health | health_ratio=0.19 | task=Task(name='get_wooden_sword')
2026-05-25 14:24:14,961 INFO __main__: link_blobs={'region': None, 'blobs_found': 3, 'mask_coverage': 0.0036}
2026-05-25 14:24:14,961 INFO __main__: state={'hearts_full': 3, 'hearts_half': 0, 'health_ratio': 0.188, 'link_pos': [439, 430]}
2026-05-25 14:24:14,962 WARNING games.zelda.policy: Low health | health_ratio=0.19 | task=Task(name='get_wooden_sword')
2026-05-25 14:24:15,125 INFO __main__: link_blobs={'region': None, 'blobs_found': 3, 'mask_coverage': 0.0036}
2026-05-25 14:24:15,126 INFO __main__: state={'hearts_full': 3, 'hearts_half': 0, 'health_ratio': 0.188, 'link_pos': [439, 430]}
2026-05-25 14:24:15,126 WARNING games.zelda.policy: Low health | health_ratio=0.19 | task=Task(name='get_wooden_sword')
2026-05-25 14:24:15,299 INFO __main__: link_blobs={'region': None, 'blobs_found': 3, 'mask_coverage': 0.0036}
2026-05-25 14:24:15,299 INFO __main__: state={'hearts_full': 3, 'hearts_half': 0, 'health_ratio': 0.188, 'link_pos': [439, 430]}
2026-05-25 14:24:15,300 WARNING games.zelda.policy: Low health | health_ratio=0.19 | task=Task(name='get_wooden_sword')
2026-05-25 14:24:15,462 INFO __main__: link_blobs={'region': None, 'blobs_found': 3, 'mask_coverage': 0.0036}
2026-05-25 14:24:15,463 INFO __main__: state={'hearts_full': 3, 'hearts_half': 0, 'health_ratio': 0.188, 'link_pos': [439, 430]}
2026-05-25 14:24:15,463 WARNING games.zelda.policy: Low health | health_ratio=0.19 | task=Task(name='get_wooden_sword')
2026-05-25 14:24:15,633 INFO __main__: link_blobs={'region': None, 'blobs_found': 3, 'mask_coverage': 0.0036}
2026-05-25 14:24:15,634 INFO __main__: state={'hearts_full': 3, 'hearts_half': 0, 'health_ratio': 0.188, 'link_pos': [439, 430]}
2026-05-25 14:24:15,634 WARNING games.zelda.policy: Low health | health_ratio=0.19 | task=Task(name='get_wooden_sword')
2026-05-25 14:24:15,789 INFO __main__: link_blobs={'region': None, 'blobs_found': 3, 'mask_coverage': 0.0036}
2026-05-25 14:24:15,790 INFO __main__: state={'hearts_full': 3, 'hearts_half': 0, 'health_ratio': 0.188, 'link_pos': [439, 430]}
2026-05-25 14:24:15,790 WARNING games.zelda.policy: Low health | health_ratio=0.19 | task=Task(name='get_wooden_sword')
2026-05-25 14:24:15,950 INFO __main__: link_blobs={'region': None, 'blobs_found': 3, 'mask_coverage': 0.0036}
2026-05-25 14:24:15,951 INFO __main__: state={'hearts_full': 3, 'hearts_half': 0, 'health_ratio': 0.188, 'link_pos': [439, 430]}
2026-05-25 14:24:15,951 WARNING games.zelda.policy: Low health | health_ratio=0.19 | task=Task(name='get_wooden_sword')
2026-05-25 14:24:16,104 INFO __main__: link_blobs={'region': None, 'blobs_found': 3, 'mask_coverage': 0.0036}
2026-05-25 14:24:16,104 INFO __main__: state={'hearts_full': 3, 'hearts_half': 0, 'health_ratio': 0.188, 'link_pos': [439, 430]}
2026-05-25 14:24:16,104 WARNING games.zelda.policy: Low health | health_ratio=0.19 | task=Task(name='get_wooden_sword')
2026-05-25 14:24:16,254 INFO __main__: link_blobs={'region': None, 'blobs_found': 3, 'mask_coverage': 0.0036}
2026-05-25 14:24:16,254 INFO __main__: state={'hearts_full': 3, 'hearts_half': 0, 'health_ratio': 0.188, 'link_pos': [439, 430]}
2026-05-25 14:24:16,254 WARNING games.zelda.policy: Low health | health_ratio=0.19 | task=Task(name='get_wooden_sword')
2026-05-25 14:24:16,420 INFO __main__: link_blobs={'region': None, 'blobs_found': 3, 'mask_coverage': 0.0036}
2026-05-25 14:24:16,421 INFO __main__: state={'hearts_full': 3, 'hearts_half': 0, 'health_ratio': 0.188, 'link_pos': [439, 430]}
2026-05-25 14:24:16,421 WARNING games.zelda.policy: Low health | health_ratio=0.19 | task=Task(name='get_wooden_sword')
2026-05-25 14:24:16,591 INFO __main__: link_blobs={'region': None, 'blobs_found': 3, 'mask_coverage': 0.0036}
2026-05-25 14:24:16,591 INFO __main__: state={'hearts_full': 3, 'hearts_half': 0, 'health_ratio': 0.188, 'link_pos': [439, 430]}
2026-05-25 14:24:16,591 WARNING games.zelda.policy: Low health | health_ratio=0.19 | task=Task(name='get_wooden_sword')
2026-05-25 14:24:16,752 INFO __main__: link_blobs={'region': None, 'blobs_found': 3, 'mask_coverage': 0.0036}
2026-05-25 14:24:16,752 INFO __main__: state={'hearts_full': 3, 'hearts_half': 0, 'health_ratio': 0.188, 'link_pos': [439, 430]}
2026-05-25 14:24:16,752 WARNING games.zelda.policy: Low health | health_ratio=0.19 | task=Task(name='get_wooden_sword')
2026-05-30 10:10:12,571 INFO games.zelda.policy: ZeldaPolicy initialized | [zelda_opening] 1/4: get_wooden_sword
2026-05-30 10:10:12,677 INFO __main__: Detected region: x=201, y=255, w=879, h=672
2026-05-30 10:10:12,677 INFO __main__: Detected 'RetroArch QuickNES 1.0-WIP 7178256' at region (201, 255, 879, 672)
2026-05-30 10:10:12,677 INFO __main__: ScreenCapture region: (201, 255, 879, 672)
2026-05-30 10:10:12,677 INFO __main__: Starting loop at 30 FPS
2026-05-30 10:10:12,868 INFO __main__: link_blobs={'region': None, 'blobs_found': 3, 'mask_coverage': 0.0036}
2026-05-30 10:10:12,868 INFO __main__: state={'hearts_full': 3, 'hearts_half': 0, 'health_ratio': 0.188, 'link_pos': [439, 430]}
2026-05-30 10:10:12,868 WARNING games.zelda.policy: Low health | health_ratio=0.19 | task=Task(name='get_wooden_sword')
2026-05-30 10:10:13,068 INFO __main__: link_blobs={'region': None, 'blobs_found': 3, 'mask_coverage': 0.0036}
2026-05-30 10:10:13,068 INFO __main__: state={'hearts_full': 3, 'hearts_half': 0, 'health_ratio': 0.188, 'link_pos': [439, 430]}
2026-05-30 10:10:13,070 WARNING games.zelda.policy: Low health | health_ratio=0.19 | task=Task(name='get_wooden_sword')
2026-05-30 10:10:13,235 INFO __main__: link_blobs={'region': None, 'blobs_found': 3, 'mask_coverage': 0.0036}
2026-05-30 10:10:13,235 INFO __main__: state={'hearts_full': 3, 'hearts_half': 0, 'health_ratio': 0.188, 'link_pos': [439, 430]}
2026-05-30 10:10:13,235 WARNING games.zelda.policy: Low health | health_ratio=0.19 | task=Task(name='get_wooden_sword')
2026-05-30 10:10:13,439 INFO __main__: link_blobs={'region': None, 'blobs_found': 3, 'mask_coverage': 0.0036}
2026-05-30 10:10:13,439 INFO __main__: state={'hearts_full': 3, 'hearts_half': 0, 'health_ratio': 0.188, 'link_pos': [439, 430]}
2026-05-30 10:10:13,439 WARNING games.zelda.policy: Low health | health_ratio=0.19 | task=Task(name='get_wooden_sword')
2026-05-30 10:10:13,636 INFO __main__: link_blobs={'region': None, 'blobs_found': 3, 'mask_coverage': 0.0036}
2026-05-30 10:10:13,636 INFO __main__: state={'hearts_full': 3, 'hearts_half': 0, 'health_ratio': 0.188, 'link_pos': [439, 430]}
2026-05-30 10:10:13,636 WARNING games.zelda.policy: Low health | health_ratio=0.19 | task=Task(name='get_wooden_sword')
2026-05-30 10:10:13,844 INFO __main__: link_blobs={'region': None, 'blobs_found': 3, 'mask_coverage': 0.0036}
2026-05-30 10:10:13,844 INFO __main__: state={'hearts_full': 3, 'hearts_half': 0, 'health_ratio': 0.188, 'link_pos': [439, 430]}
2026-05-30 10:10:13,844 WARNING games.zelda.policy: Low health | health_ratio=0.19 | task=Task(name='get_wooden_sword')
2026-05-30 10:10:14,049 INFO __main__: link_blobs={'region': None, 'blobs_found': 3, 'mask_coverage': 0.0036}
2026-05-30 10:10:14,049 INFO __main__: state={'hearts_full': 3, 'hearts_half': 0, 'health_ratio': 0.188, 'link_pos': [439, 430]}
2026-05-30 10:10:14,049 WARNING games.zelda.policy: Low health | health_ratio=0.19 | task=Task(name='get_wooden_sword')
2026-05-30 10:10:14,245 INFO __main__: link_blobs={'region': None, 'blobs_found': 3, 'mask_coverage': 0.0036}
2026-05-30 10:10:14,245 INFO __main__: state={'hearts_full': 3, 'hearts_half': 0, 'health_ratio': 0.188, 'link_pos': [439, 430]}
2026-05-30 10:10:14,245 WARNING games.zelda.policy: Low health | health_ratio=0.19 | task=Task(name='get_wooden_sword')
2026-05-30 10:10:14,436 INFO __main__: link_blobs={'region': None, 'blobs_found': 3, 'mask_coverage': 0.0036}
2026-05-30 10:10:14,436 INFO __main__: state={'hearts_full': 3, 'hearts_half': 0, 'health_ratio': 0.188, 'link_pos': [439, 430]}
2026-05-30 10:10:14,436 WARNING games.zelda.policy: Low health | health_ratio=0.19 | task=Task(name='get_wooden_sword')
2026-05-30 10:10:14,637 INFO __main__: link_blobs={'region': None, 'blobs_found': 3, 'mask_coverage': 0.0036}
2026-05-30 10:10:14,637 INFO __main__: state={'hearts_full': 3, 'hearts_half': 0, 'health_ratio': 0.188, 'link_pos': [439, 430]}
2026-05-30 10:10:14,637 WARNING games.zelda.policy: Low health | health_ratio=0.19 | task=Task(name='get_wooden_sword')
2026-05-30 10:10:14,818 INFO __main__: link_blobs={'region': None, 'blobs_found': 3, 'mask_coverage': 0.0036}
2026-05-30 10:10:14,818 INFO __main__: state={'hearts_full': 3, 'hearts_half': 0, 'health_ratio': 0.188, 'link_pos': [439, 430]}
2026-05-30 10:10:14,818 WARNING games.zelda.policy: Low health | health_ratio=0.19 | task=Task(name='get_wooden_sword')
2026-05-30 10:10:16,459 INFO __main__: link_blobs={'region': None, 'blobs_found': 3, 'mask_coverage': 0.0036}
2026-05-30 10:10:16,459 INFO __main__: state={'hearts_full': 3, 'hearts_half': 0, 'health_ratio': 0.188, 'link_pos': [439, 430]}
2026-05-30 10:10:16,459 WARNING games.zelda.policy: Low health | health_ratio=0.19 | task=Task(name='get_wooden_sword')
2026-05-30 10:10:16,603 INFO __main__: link_blobs={'region': None, 'blobs_found': 3, 'mask_coverage': 0.0036}
2026-05-30 10:10:16,603 INFO __main__: state={'hearts_full': 3, 'hearts_half': 0, 'health_ratio': 0.188, 'link_pos': [439, 430]}
2026-05-30 10:10:16,603 WARNING games.zelda.policy: Low health | health_ratio=0.19 | task=Task(name='get_wooden_sword')
2026-05-30 10:10:16,758 INFO __main__: link_blobs={'region': None, 'blobs_found': 3, 'mask_coverage': 0.0036}
2026-05-30 10:10:16,758 INFO __main__: state={'hearts_full': 3, 'hearts_half': 0, 'health_ratio': 0.188, 'link_pos': [439, 430]}
2026-05-30 10:10:16,758 WARNING games.zelda.policy: Low health | health_ratio=0.19 | task=Task(name='get_wooden_sword')
2026-05-30 10:10:16,902 INFO __main__: link_blobs={'region': None, 'blobs_found': 3, 'mask_coverage': 0.0036}
2026-05-30 10:10:16,902 INFO __main__: state={'hearts_full': 3, 'hearts_half': 0, 'health_ratio': 0.188, 'link_pos': [439, 430]}
2026-05-30 10:10:16,902 WARNING games.zelda.policy: Low health | health_ratio=0.19 | task=Task(name='get_wooden_sword')
2026-05-30 10:10:17,069 INFO __main__: link_blobs={'region': None, 'blobs_found': 3, 'mask_coverage': 0.0036}
2026-05-30 10:10:17,069 INFO __main__: state={'hearts_full': 3, 'hearts_half': 0, 'health_ratio': 0.188, 'link_pos': [439, 430]}
2026-05-30 10:10:17,071 WARNING games.zelda.policy: Low health | health_ratio=0.19 | task=Task(name='get_wooden_sword')
2026-05-30 10:10:17,211 INFO __main__: link_blobs={'region': None, 'blobs_found': 3, 'mask_coverage': 0.0036}
2026-05-30 10:10:17,213 INFO __main__: state={'hearts_full': 3, 'hearts_half': 0, 'health_ratio': 0.188, 'link_pos': [439, 430]}
2026-05-30 10:10:17,213 WARNING games.zelda.policy: Low health | health_ratio=0.19 | task=Task(name='get_wooden_sword')
2026-05-30 10:10:17,347 INFO __main__: link_blobs={'region': None, 'blobs_found': 3, 'mask_coverage': 0.0036}
2026-05-30 10:10:17,347 INFO __main__: state={'hearts_full': 3, 'hearts_half': 0, 'health_ratio': 0.188, 'link_pos': [439, 430]}
2026-05-30 10:10:17,349 WARNING games.zelda.policy: Low health | health_ratio=0.19 | task=Task(name='get_wooden_sword')
2026-05-30 10:10:17,481 INFO __main__: link_blobs={'region': None, 'blobs_found': 3, 'mask_coverage': 0.0036}
2026-05-30 10:10:17,481 INFO __main__: state={'hearts_full': 3, 'hearts_half': 0, 'health_ratio': 0.188, 'link_pos': [439, 430]}
2026-05-30 10:10:17,481 WARNING games.zelda.policy: Low health | health_ratio=0.19 | task=Task(name='get_wooden_sword')
2026-05-30 10:10:17,625 INFO __main__: link_blobs={'region': None, 'blobs_found': 3, 'mask_coverage': 0.0036}
2026-05-30 10:10:17,625 INFO __main__: state={'hearts_full': 3, 'hearts_half': 0, 'health_ratio': 0.188, 'link_pos': [439, 430]}
2026-05-30 10:10:17,625 WARNING games.zelda.policy: Low health | health_ratio=0.19 | task=Task(name='get_wooden_sword')
2026-05-30 10:10:17,780 INFO __main__: link_blobs={'region': None, 'blobs_found': 3, 'mask_coverage': 0.0036}
2026-05-30 10:10:17,780 INFO __main__: state={'hearts_full': 3, 'hearts_half': 0, 'health_ratio': 0.188, 'link_pos': [439, 430]}
2026-05-30 10:10:17,780 WARNING games.zelda.policy: Low health | health_ratio=0.19 | task=Task(name='get_wooden_sword')
2026-05-30 10:10:17,948 INFO __main__: link_blobs={'region': None, 'blobs_found': 3, 'mask_coverage': 0.0036}
2026-05-30 10:10:17,948 INFO __main__: state={'hearts_full': 3, 'hearts_half': 0, 'health_ratio': 0.188, 'link_pos': [439, 430]}
2026-05-30 10:10:17,948 WARNING games.zelda.policy: Low health | health_ratio=0.19 | task=Task(name='get_wooden_sword')
2026-05-30 10:10:18,111 INFO __main__: link_blobs={'region': None, 'blobs_found': 3, 'mask_coverage': 0.0036}
2026-05-30 10:10:18,111 INFO __main__: state={'hearts_full': 3, 'hearts_half': 0, 'health_ratio': 0.188, 'link_pos': [439, 430]}
2026-05-30 10:10:18,111 WARNING games.zelda.policy: Low health | health_ratio=0.19 | task=Task(name='get_wooden_sword')
2026-05-30 10:10:18,300 INFO __main__: link_blobs={'region': None, 'blobs_found': 3, 'mask_coverage': 0.0036}
2026-05-30 10:10:18,300 INFO __main__: state={'hearts_full': 3, 'hearts_half': 0, 'health_ratio': 0.188, 'link_pos': [439, 430]}
2026-05-30 10:10:18,300 WARNING games.zelda.policy: Low health | health_ratio=0.19 | task=Task(name='get_wooden_sword')
2026-05-30 10:10:18,499 INFO __main__: link_blobs={'region': None, 'blobs_found': 3, 'mask_coverage': 0.0036}
2026-05-30 10:10:18,499 INFO __main__: state={'hearts_full': 3, 'hearts_half': 0, 'health_ratio': 0.188, 'link_pos': [439, 430]}
2026-05-30 10:10:18,499 WARNING games.zelda.policy: Low health | health_ratio=0.19 | task=Task(name='get_wooden_sword')
2026-05-30 10:10:18,686 INFO __main__: link_blobs={'region': None, 'blobs_found': 3, 'mask_coverage': 0.0036}
2026-05-30 10:10:18,686 INFO __main__: state={'hearts_full': 3, 'hearts_half': 0, 'health_ratio': 0.188, 'link_pos': [439, 430]}
2026-05-30 10:10:18,686 WARNING games.zelda.policy: Low health | health_ratio=0.19 | task=Task(name='get_wooden_sword')
2026-05-30 10:10:18,877 INFO __main__: link_blobs={'region': None, 'blobs_found': 3, 'mask_coverage': 0.0036}
2026-05-30 10:10:18,877 INFO __main__: state={'hearts_full': 3, 'hearts_half': 0, 'health_ratio': 0.188, 'link_pos': [439, 430]}
2026-05-30 10:10:18,877 WARNING games.zelda.policy: Low health | health_ratio=0.19 | task=Task(name='get_wooden_sword')
2026-05-30 10:10:19,059 INFO __main__: link_blobs={'region': None, 'blobs_found': 3, 'mask_coverage': 0.0036}
2026-05-30 10:10:19,059 INFO __main__: state={'hearts_full': 3, 'hearts_half': 0, 'health_ratio': 0.188, 'link_pos': [439, 430]}
2026-05-30 10:10:19,059 WARNING games.zelda.policy: Low health | health_ratio=0.19 | task=Task(name='get_wooden_sword')
2026-05-30 10:10:19,244 INFO __main__: link_blobs={'region': None, 'blobs_found': 3, 'mask_coverage': 0.0036}
2026-05-30 10:10:19,244 INFO __main__: state={'hearts_full': 3, 'hearts_half': 0, 'health_ratio': 0.188, 'link_pos': [439, 430]}
2026-05-30 10:10:19,244 WARNING games.zelda.policy: Low health | health_ratio=0.19 | task=Task(name='get_wooden_sword')
2026-05-30 10:10:19,421 INFO __main__: link_blobs={'region': None, 'blobs_found': 3, 'mask_coverage': 0.0036}
2026-05-30 10:10:19,421 INFO __main__: state={'hearts_full': 3, 'hearts_half': 0, 'health_ratio': 0.188, 'link_pos': [439, 430]}
2026-05-30 10:10:19,421 WARNING games.zelda.policy: Low health | health_ratio=0.19 | task=Task(name='get_wooden_sword')
2026-05-30 10:10:19,604 INFO __main__: link_blobs={'region': None, 'blobs_found': 3, 'mask_coverage': 0.0036}
2026-05-30 10:10:19,604 INFO __main__: state={'hearts_full': 3, 'hearts_half': 0, 'health_ratio': 0.188, 'link_pos': [439, 430]}
2026-05-30 10:10:19,606 WARNING games.zelda.policy: Low health | health_ratio=0.19 | task=Task(name='get_wooden_sword')
2026-05-30 10:10:19,781 INFO __main__: link_blobs={'region': None, 'blobs_found': 3, 'mask_coverage': 0.0036}
2026-05-30 10:10:19,784 INFO __main__: state={'hearts_full': 3, 'hearts_half': 0, 'health_ratio': 0.188, 'link_pos': [439, 430]}
2026-05-30 10:10:19,784 WARNING games.zelda.policy: Low health | health_ratio=0.19 | task=Task(name='get_wooden_sword')
2026-05-30 10:10:19,973 INFO __main__: link_blobs={'region': None, 'blobs_found': 3, 'mask_coverage': 0.0036}
2026-05-30 10:10:19,973 INFO __main__: state={'hearts_full': 3, 'hearts_half': 0, 'health_ratio': 0.188, 'link_pos': [439, 430]}
2026-05-30 10:10:19,973 WARNING games.zelda.policy: Low health | health_ratio=0.19 | task=Task(name='get_wooden_sword')
2026-05-30 10:10:20,154 INFO __main__: link_blobs={'region': None, 'blobs_found': 3, 'mask_coverage': 0.0036}
2026-05-30 10:10:20,156 INFO __main__: state={'hearts_full': 3, 'hearts_half': 0, 'health_ratio': 0.188, 'link_pos': [439, 430]}
2026-05-30 10:10:20,156 WARNING games.zelda.policy: Low health | health_ratio=0.19 | task=Task(name='get_wooden_sword')
2026-05-30 10:10:20,334 INFO __main__: link_blobs={'region': None, 'blobs_found': 3, 'mask_coverage': 0.0036}
2026-05-30 10:10:20,334 INFO __main__: state={'hearts_full': 3, 'hearts_half': 0, 'health_ratio': 0.188, 'link_pos': [439, 430]}
2026-05-30 10:10:20,334 WARNING games.zelda.policy: Low health | health_ratio=0.19 | task=Task(name='get_wooden_sword')
2026-05-30 10:10:20,523 INFO __main__: link_blobs={'region': None, 'blobs_found': 3, 'mask_coverage': 0.0036}
2026-05-30 10:10:20,523 INFO __main__: state={'hearts_full': 3, 'hearts_half': 0, 'health_ratio': 0.188, 'link_pos': [439, 430]}
2026-05-30 10:10:20,523 WARNING games.zelda.policy: Low health | health_ratio=0.19 | task=Task(name='get_wooden_sword')
2026-05-30 10:10:20,700 INFO __main__: link_blobs={'region': None, 'blobs_found': 3, 'mask_coverage': 0.0036}
2026-05-30 10:10:20,700 INFO __main__: state={'hearts_full': 3, 'hearts_half': 0, 'health_ratio': 0.188, 'link_pos': [439, 430]}
2026-05-30 10:10:20,700 WARNING games.zelda.policy: Low health | health_ratio=0.19 | task=Task(name='get_wooden_sword')
2026-05-30 10:10:20,900 INFO __main__: link_blobs={'region': None, 'blobs_found': 3, 'mask_coverage': 0.0036}
2026-05-30 10:10:20,900 INFO __main__: state={'hearts_full': 3, 'hearts_half': 0, 'health_ratio': 0.188, 'link_pos': [439, 430]}
2026-05-30 10:10:20,900 WARNING games.zelda.policy: Low health | health_ratio=0.19 | task=Task(name='get_wooden_sword')
2026-05-30 10:10:21,094 INFO __main__: link_blobs={'region': None, 'blobs_found': 3, 'mask_coverage': 0.0036}
2026-05-30 10:10:21,094 INFO __main__: state={'hearts_full': 3, 'hearts_half': 0, 'health_ratio': 0.188, 'link_pos': [439, 430]}
2026-05-30 10:10:21,094 WARNING games.zelda.policy: Low health | health_ratio=0.19 | task=Task(name='get_wooden_sword')
2026-05-30 10:10:21,297 INFO __main__: link_blobs={'region': None, 'blobs_found': 3, 'mask_coverage': 0.0036}
2026-05-30 10:10:21,297 INFO __main__: state={'hearts_full': 3, 'hearts_half': 0, 'health_ratio': 0.188, 'link_pos': [439, 430]}
2026-05-30 10:10:21,297 WARNING games.zelda.policy: Low health | health_ratio=0.19 | task=Task(name='get_wooden_sword')
2026-05-30 10:10:21,481 INFO __main__: link_blobs={'region': None, 'blobs_found': 3, 'mask_coverage': 0.0036}
2026-05-30 10:10:21,481 INFO __main__: state={'hearts_full': 3, 'hearts_half': 0, 'health_ratio': 0.188, 'link_pos': [439, 430]}
2026-05-30 10:10:21,481 WARNING games.zelda.policy: Low health | health_ratio=0.19 | task=Task(name='get_wooden_sword')
2026-05-30 10:10:21,677 INFO __main__: link_blobs={'region': None, 'blobs_found': 3, 'mask_coverage': 0.0036}
2026-05-30 10:10:21,677 INFO __main__: state={'hearts_full': 3, 'hearts_half': 0, 'health_ratio': 0.188, 'link_pos': [439, 430]}
2026-05-30 10:10:21,677 WARNING games.zelda.policy: Low health | health_ratio=0.19 | task=Task(name='get_wooden_sword')
2026-05-30 10:10:21,878 INFO __main__: link_blobs={'region': None, 'blobs_found': 3, 'mask_coverage': 0.0036}
2026-05-30 10:10:21,878 INFO __main__: state={'hearts_full': 3, 'hearts_half': 0, 'health_ratio': 0.188, 'link_pos': [439, 430]}
2026-05-30 10:10:21,878 WARNING games.zelda.policy: Low health | health_ratio=0.19 | task=Task(name='get_wooden_sword')
2026-05-30 10:10:22,043 INFO __main__: link_blobs={'region': None, 'blobs_found': 3, 'mask_coverage': 0.0036}
2026-05-30 10:10:22,043 INFO __main__: state={'hearts_full': 3, 'hearts_half': 0, 'health_ratio': 0.188, 'link_pos': [439, 430]}
2026-05-30 10:10:22,043 WARNING games.zelda.policy: Low health | health_ratio=0.19 | task=Task(name='get_wooden_sword')
2026-05-30 10:10:22,242 INFO __main__: link_blobs={'region': None, 'blobs_found': 3, 'mask_coverage': 0.0036}
2026-05-30 10:10:22,242 INFO __main__: state={'hearts_full': 3, 'hearts_half': 0, 'health_ratio': 0.188, 'link_pos': [439, 430]}
2026-05-30 10:10:22,242 WARNING games.zelda.policy: Low health | health_ratio=0.19 | task=Task(name='get_wooden_sword')
2026-05-30 10:10:22,414 INFO __main__: link_blobs={'region': None, 'blobs_found': 3, 'mask_coverage': 0.0036}
2026-05-30 10:10:22,414 INFO __main__: state={'hearts_full': 3, 'hearts_half': 0, 'health_ratio': 0.188, 'link_pos': [439, 430]}
2026-05-30 10:10:22,414 WARNING games.zelda.policy: Low health | health_ratio=0.19 | task=Task(name='get_wooden_sword')
2026-05-30 10:10:22,609 INFO __main__: link_blobs={'region': None, 'blobs_found': 3, 'mask_coverage': 0.0036}
2026-05-30 10:10:22,611 INFO __main__: state={'hearts_full': 3, 'hearts_half': 0, 'health_ratio': 0.188, 'link_pos': [439, 430]}
2026-05-30 10:10:22,611 WARNING games.zelda.policy: Low health | health_ratio=0.19 | task=Task(name='get_wooden_sword')
2026-05-30 10:10:22,786 INFO __main__: link_blobs={'region': None, 'blobs_found': 3, 'mask_coverage': 0.0036}
2026-05-30 10:10:22,786 INFO __main__: state={'hearts_full': 3, 'hearts_half': 0, 'health_ratio': 0.188, 'link_pos': [439, 430]}
2026-05-30 10:10:22,786 WARNING games.zelda.policy: Low health | health_ratio=0.19 | task=Task(name='get_wooden_sword')
2026-05-30 10:10:22,973 INFO __main__: link_blobs={'region': None, 'blobs_found': 3, 'mask_coverage': 0.0036}
2026-05-30 10:10:22,973 INFO __main__: state={'hearts_full': 3, 'hearts_half': 0, 'health_ratio': 0.188, 'link_pos': [439, 430]}
2026-05-30 10:10:22,973 WARNING games.zelda.policy: Low health | health_ratio=0.19 | task=Task(name='get_wooden_sword')
2026-05-30 10:10:23,159 INFO __main__: link_blobs={'region': None, 'blobs_found': 3, 'mask_coverage': 0.0036}
2026-05-30 10:10:23,159 INFO __main__: state={'hearts_full': 3, 'hearts_half': 0, 'health_ratio': 0.188, 'link_pos': [439, 430]}
2026-05-30 10:10:23,159 WARNING games.zelda.policy: Low health | health_ratio=0.19 | task=Task(name='get_wooden_sword')
2026-05-30 10:10:23,340 INFO __main__: link_blobs={'region': None, 'blobs_found': 3, 'mask_coverage': 0.0036}
2026-05-30 10:10:23,340 INFO __main__: state={'hearts_full': 3, 'hearts_half': 0, 'health_ratio': 0.188, 'link_pos': [439, 430]}
2026-05-30 10:10:23,344 WARNING games.zelda.policy: Low health | health_ratio=0.19 | task=Task(name='get_wooden_sword')
2026-05-30 10:10:23,531 INFO __main__: link_blobs={'region': None, 'blobs_found': 3, 'mask_coverage': 0.0036}
2026-05-30 10:10:23,532 INFO __main__: state={'hearts_full': 3, 'hearts_half': 0, 'health_ratio': 0.188, 'link_pos': [439, 430]}
2026-05-30 10:10:23,532 WARNING games.zelda.policy: Low health | health_ratio=0.19 | task=Task(name='get_wooden_sword')
2026-05-30 10:10:23,723 INFO __main__: link_blobs={'region': None, 'blobs_found': 3, 'mask_coverage': 0.0037}
2026-05-30 10:10:23,723 INFO __main__: state={'hearts_full': 3, 'hearts_half': 0, 'health_ratio': 0.188, 'link_pos': [413, 430]}
2026-05-30 10:10:23,723 WARNING games.zelda.policy: Low health | health_ratio=0.19 | task=Task(name='get_wooden_sword')
2026-05-30 10:10:23,908 INFO __main__: link_blobs={'region': None, 'blobs_found': 3, 'mask_coverage': 0.0036}
2026-05-30 10:10:23,908 INFO __main__: state={'hearts_full': 3, 'hearts_half': 0, 'health_ratio': 0.188, 'link_pos': [383, 433]}
2026-05-30 10:10:23,908 WARNING games.zelda.policy: Low health | health_ratio=0.19 | task=Task(name='get_wooden_sword')
2026-05-30 10:10:24,084 INFO __main__: link_blobs={'region': None, 'blobs_found': 3, 'mask_coverage': 0.0037}
2026-05-30 10:10:24,084 INFO __main__: state={'hearts_full': 3, 'hearts_half': 0, 'health_ratio': 0.188, 'link_pos': [358, 430]}
2026-05-30 10:10:24,084 WARNING games.zelda.policy: Low health | health_ratio=0.19 | task=Task(name='get_wooden_sword')
2026-05-30 10:10:24,274 INFO __main__: link_blobs={'region': None, 'blobs_found': 3, 'mask_coverage': 0.0037}
2026-05-30 10:10:24,274 INFO __main__: state={'hearts_full': 3, 'hearts_half': 0, 'health_ratio': 0.188, 'link_pos': [307, 430]}
2026-05-30 10:10:24,274 WARNING games.zelda.policy: Low health | health_ratio=0.19 | task=Task(name='get_wooden_sword')
2026-05-30 10:10:24,455 INFO __main__: link_blobs={'region': None, 'blobs_found': 3, 'mask_coverage': 0.0036}
2026-05-30 10:10:24,455 INFO __main__: state={'hearts_full': 3, 'hearts_half': 0, 'health_ratio': 0.188, 'link_pos': [280, 433]}
2026-05-30 10:10:24,455 WARNING games.zelda.policy: Low health | health_ratio=0.19 | task=Task(name='get_wooden_sword')
2026-05-30 10:10:24,649 INFO __main__: link_blobs={'region': None, 'blobs_found': 3, 'mask_coverage': 0.0037}
2026-05-30 10:10:24,649 INFO __main__: state={'hearts_full': 3, 'hearts_half': 0, 'health_ratio': 0.188, 'link_pos': [300, 430]}
2026-05-30 10:10:24,649 WARNING games.zelda.policy: Low health | health_ratio=0.19 | task=Task(name='get_wooden_sword')
2026-05-30 10:10:24,856 INFO __main__: link_blobs={'region': None, 'blobs_found': 3, 'mask_coverage': 0.0036}
2026-05-30 10:10:24,856 INFO __main__: state={'hearts_full': 3, 'hearts_half': 0, 'health_ratio': 0.188, 'link_pos': [337, 433]}
2026-05-30 10:10:24,856 WARNING games.zelda.policy: Low health | health_ratio=0.19 | task=Task(name='get_wooden_sword')
2026-05-30 10:10:25,046 INFO __main__: link_blobs={'region': None, 'blobs_found': 3, 'mask_coverage': 0.0036}
2026-05-30 10:10:25,046 INFO __main__: state={'hearts_full': 3, 'hearts_half': 0, 'health_ratio': 0.188, 'link_pos': [337, 433]}
2026-05-30 10:10:25,046 WARNING games.zelda.policy: Low health | health_ratio=0.19 | task=Task(name='get_wooden_sword')
2026-05-30 10:10:25,234 INFO __main__: link_blobs={'region': None, 'blobs_found': 3, 'mask_coverage': 0.0036}
2026-05-30 10:10:25,234 INFO __main__: state={'hearts_full': 3, 'hearts_half': 0, 'health_ratio': 0.188, 'link_pos': [284, 433]}
2026-05-30 10:10:25,234 WARNING games.zelda.policy: Low health | health_ratio=0.19 | task=Task(name='get_wooden_sword')
2026-05-30 10:10:25,409 INFO __main__: link_blobs={'region': None, 'blobs_found': 3, 'mask_coverage': 0.0037}
2026-05-30 10:10:25,409 INFO __main__: state={'hearts_full': 3, 'hearts_half': 0, 'health_ratio': 0.188, 'link_pos': [273, 433]}
2026-05-30 10:10:25,409 WARNING games.zelda.policy: Low health | health_ratio=0.19 | task=Task(name='get_wooden_sword')
2026-05-30 10:10:25,583 INFO __main__: link_blobs={'region': None, 'blobs_found': 3, 'mask_coverage': 0.0037}
2026-05-30 10:10:25,583 INFO __main__: state={'hearts_full': 3, 'hearts_half': 0, 'health_ratio': 0.188, 'link_pos': [273, 433]}
2026-05-30 10:10:25,583 WARNING games.zelda.policy: Low health | health_ratio=0.19 | task=Task(name='get_wooden_sword')
2026-05-30 10:10:25,772 INFO __main__: link_blobs={'region': None, 'blobs_found': 3, 'mask_coverage': 0.0037}
2026-05-30 10:10:25,773 INFO __main__: state={'hearts_full': 3, 'hearts_half': 0, 'health_ratio': 0.188, 'link_pos': [273, 433]}
2026-05-30 10:10:25,773 WARNING games.zelda.policy: Low health | health_ratio=0.19 | task=Task(name='get_wooden_sword')
2026-05-30 10:10:25,954 INFO __main__: link_blobs={'region': None, 'blobs_found': 3, 'mask_coverage': 0.0037}
2026-05-30 10:10:25,954 INFO __main__: state={'hearts_full': 3, 'hearts_half': 0, 'health_ratio': 0.188, 'link_pos': [273, 433]}
2026-05-30 10:10:25,954 WARNING games.zelda.policy: Low health | health_ratio=0.19 | task=Task(name='get_wooden_sword')
2026-05-30 10:10:26,142 INFO __main__: link_blobs={'region': None, 'blobs_found': 3, 'mask_coverage': 0.0037}
2026-05-30 10:10:26,142 INFO __main__: state={'hearts_full': 3, 'hearts_half': 0, 'health_ratio': 0.188, 'link_pos': [273, 433]}
2026-05-30 10:10:26,142 WARNING games.zelda.policy: Low health | health_ratio=0.19 | task=Task(name='get_wooden_sword')
2026-05-30 10:10:26,346 INFO __main__: link_blobs={'region': None, 'blobs_found': 3, 'mask_coverage': 0.0037}
2026-05-30 10:10:26,346 INFO __main__: state={'hearts_full': 3, 'hearts_half': 0, 'health_ratio': 0.188, 'link_pos': [273, 433]}
2026-05-30 10:10:26,346 WARNING games.zelda.policy: Low health | health_ratio=0.19 | task=Task(name='get_wooden_sword')
2026-05-30 10:10:26,554 INFO __main__: link_blobs={'region': None, 'blobs_found': 3, 'mask_coverage': 0.0037}
2026-05-30 10:10:26,554 INFO __main__: state={'hearts_full': 3, 'hearts_half': 0, 'health_ratio': 0.188, 'link_pos': [273, 433]}
2026-05-30 10:10:26,554 WARNING games.zelda.policy: Low health | health_ratio=0.19 | task=Task(name='get_wooden_sword')
2026-05-30 10:10:26,736 INFO __main__: link_blobs={'region': None, 'blobs_found': 3, 'mask_coverage': 0.0037}
2026-05-30 10:10:26,736 INFO __main__: state={'hearts_full': 3, 'hearts_half': 0, 'health_ratio': 0.188, 'link_pos': [273, 433]}
2026-05-30 10:10:26,736 WARNING games.zelda.policy: Low health | health_ratio=0.19 | task=Task(name='get_wooden_sword')
2026-05-30 10:10:26,924 INFO __main__: link_blobs={'region': None, 'blobs_found': 3, 'mask_coverage': 0.0037}
2026-05-30 10:10:26,924 INFO __main__: state={'hearts_full': 3, 'hearts_half': 0, 'health_ratio': 0.188, 'link_pos': [273, 433]}
2026-05-30 10:10:26,924 WARNING games.zelda.policy: Low health | health_ratio=0.19 | task=Task(name='get_wooden_sword')
2026-05-30 10:10:27,112 INFO __main__: link_blobs={'region': None, 'blobs_found': 3, 'mask_coverage': 0.0037}
2026-05-30 10:10:27,112 INFO __main__: state={'hearts_full': 3, 'hearts_half': 0, 'health_ratio': 0.188, 'link_pos': [273, 433]}
2026-05-30 10:10:27,112 WARNING games.zelda.policy: Low health | health_ratio=0.19 | task=Task(name='get_wooden_sword')
2026-05-30 10:10:27,280 INFO __main__: link_blobs={'region': None, 'blobs_found': 3, 'mask_coverage': 0.0037}
2026-05-30 10:10:27,280 INFO __main__: state={'hearts_full': 3, 'hearts_half': 0, 'health_ratio': 0.188, 'link_pos': [273, 433]}
2026-05-30 10:10:27,280 WARNING games.zelda.policy: Low health | health_ratio=0.19 | task=Task(name='get_wooden_sword')
2026-05-30 10:10:27,483 INFO __main__: link_blobs={'region': None, 'blobs_found': 3, 'mask_coverage': 0.0037}
2026-05-30 10:10:27,483 INFO __main__: state={'hearts_full': 3, 'hearts_half': 0, 'health_ratio': 0.188, 'link_pos': [273, 433]}
2026-05-30 10:10:27,483 WARNING games.zelda.policy: Low health | health_ratio=0.19 | task=Task(name='get_wooden_sword')
2026-05-30 10:10:27,674 INFO __main__: link_blobs={'region': None, 'blobs_found': 3, 'mask_coverage': 0.0037}
2026-05-30 10:10:27,674 INFO __main__: state={'hearts_full': 3, 'hearts_half': 0, 'health_ratio': 0.188, 'link_pos': [273, 433]}
2026-05-30 10:10:27,674 WARNING games.zelda.policy: Low health | health_ratio=0.19 | task=Task(name='get_wooden_sword')
2026-05-30 10:10:27,859 INFO __main__: link_blobs={'region': None, 'blobs_found': 3, 'mask_coverage': 0.0037}
2026-05-30 10:10:27,859 INFO __main__: state={'hearts_full': 3, 'hearts_half': 0, 'health_ratio': 0.188, 'link_pos': [273, 433]}
2026-05-30 10:10:27,859 WARNING games.zelda.policy: Low health | health_ratio=0.19 | task=Task(name='get_wooden_sword')
2026-05-30 10:10:28,036 INFO __main__: link_blobs={'region': None, 'blobs_found': 3, 'mask_coverage': 0.0037}
2026-05-30 10:10:28,036 INFO __main__: state={'hearts_full': 3, 'hearts_half': 0, 'health_ratio': 0.188, 'link_pos': [273, 433]}
2026-05-30 10:10:28,036 WARNING games.zelda.policy: Low health | health_ratio=0.19 | task=Task(name='get_wooden_sword')
2026-05-30 10:10:28,225 INFO __main__: link_blobs={'region': None, 'blobs_found': 3, 'mask_coverage': 0.0037}
2026-05-30 10:10:28,226 INFO __main__: state={'hearts_full': 3, 'hearts_half': 0, 'health_ratio': 0.188, 'link_pos': [273, 433]}
2026-05-30 10:10:28,226 WARNING games.zelda.policy: Low health | health_ratio=0.19 | task=Task(name='get_wooden_sword')
2026-05-30 10:10:28,400 INFO __main__: link_blobs={'region': None, 'blobs_found': 3, 'mask_coverage': 0.0037}
2026-05-30 10:10:28,400 INFO __main__: state={'hearts_full': 3, 'hearts_half': 0, 'health_ratio': 0.188, 'link_pos': [273, 433]}
2026-05-30 10:10:28,400 WARNING games.zelda.policy: Low health | health_ratio=0.19 | task=Task(name='get_wooden_sword')
2026-05-30 10:10:28,598 INFO __main__: link_blobs={'region': None, 'blobs_found': 3, 'mask_coverage': 0.0037}
2026-05-30 10:10:28,600 INFO __main__: state={'hearts_full': 3, 'hearts_half': 0, 'health_ratio': 0.188, 'link_pos': [273, 433]}
2026-05-30 10:10:28,600 WARNING games.zelda.policy: Low health | health_ratio=0.19 | task=Task(name='get_wooden_sword')
2026-05-30 10:10:28,788 INFO __main__: link_blobs={'region': None, 'blobs_found': 3, 'mask_coverage': 0.0037}
2026-05-30 10:10:28,788 INFO __main__: state={'hearts_full': 3, 'hearts_half': 0, 'health_ratio': 0.188, 'link_pos': [273, 433]}
2026-05-30 10:10:28,789 WARNING games.zelda.policy: Low health | health_ratio=0.19 | task=Task(name='get_wooden_sword')
2026-05-30 10:10:28,963 INFO __main__: link_blobs={'region': None, 'blobs_found': 3, 'mask_coverage': 0.0037}
2026-05-30 10:10:28,963 INFO __main__: state={'hearts_full': 3, 'hearts_half': 0, 'health_ratio': 0.188, 'link_pos': [273, 433]}
2026-05-30 10:10:28,963 WARNING games.zelda.policy: Low health | health_ratio=0.19 | task=Task(name='get_wooden_sword')
2026-05-30 10:10:29,162 INFO __main__: link_blobs={'region': None, 'blobs_found': 3, 'mask_coverage': 0.0037}
2026-05-30 10:10:29,162 INFO __main__: state={'hearts_full': 3, 'hearts_half': 0, 'health_ratio': 0.188, 'link_pos': [273, 433]}
2026-05-30 10:10:29,162 WARNING games.zelda.policy: Low health | health_ratio=0.19 | task=Task(name='get_wooden_sword')
2026-05-30 10:10:29,336 INFO __main__: link_blobs={'region': None, 'blobs_found': 3, 'mask_coverage': 0.0037}
2026-05-30 10:10:29,336 INFO __main__: state={'hearts_full': 3, 'hearts_half': 0, 'health_ratio': 0.188, 'link_pos': [273, 433]}
2026-05-30 10:10:29,336 WARNING games.zelda.policy: Low health | health_ratio=0.19 | task=Task(name='get_wooden_sword')
2026-05-30 10:10:29,526 INFO __main__: link_blobs={'region': None, 'blobs_found': 3, 'mask_coverage': 0.0037}
2026-05-30 10:10:29,526 INFO __main__: state={'hearts_full': 3, 'hearts_half': 0, 'health_ratio': 0.188, 'link_pos': [245, 430]}
2026-05-30 10:10:29,526 WARNING games.zelda.policy: Low health | health_ratio=0.19 | task=Task(name='get_wooden_sword')
2026-05-30 10:10:29,726 INFO __main__: link_blobs={'region': None, 'blobs_found': 3, 'mask_coverage': 0.0036}
2026-05-30 10:10:29,726 INFO __main__: state={'hearts_full': 3, 'hearts_half': 0, 'health_ratio': 0.188, 'link_pos': [212, 433]}
2026-05-30 10:10:29,726 WARNING games.zelda.policy: Low health | health_ratio=0.19 | task=Task(name='get_wooden_sword')
2026-05-30 10:10:29,922 INFO __main__: link_blobs={'region': None, 'blobs_found': 3, 'mask_coverage': 0.0036}
2026-05-30 10:10:29,922 INFO __main__: state={'hearts_full': 3, 'hearts_half': 0, 'health_ratio': 0.188, 'link_pos': [255, 433]}
2026-05-30 10:10:29,922 WARNING games.zelda.policy: Low health | health_ratio=0.19 | task=Task(name='get_wooden_sword')
2026-05-30 10:10:30,106 INFO __main__: link_blobs={'region': None, 'blobs_found': 3, 'mask_coverage': 0.0036}
2026-05-30 10:10:30,106 INFO __main__: state={'hearts_full': 3, 'hearts_half': 0, 'health_ratio': 0.188, 'link_pos': [310, 433]}
2026-05-30 10:10:30,106 WARNING games.zelda.policy: Low health | health_ratio=0.19 | task=Task(name='get_wooden_sword')
2026-05-30 10:10:30,294 INFO __main__: link_blobs={'region': None, 'blobs_found': 3, 'mask_coverage': 0.0036}
2026-05-30 10:10:30,294 INFO __main__: state={'hearts_full': 3, 'hearts_half': 0, 'health_ratio': 0.188, 'link_pos': [358, 433]}
2026-05-30 10:10:30,294 WARNING games.zelda.policy: Low health | health_ratio=0.19 | task=Task(name='get_wooden_sword')
2026-05-30 10:10:30,480 INFO __main__: link_blobs={'region': None, 'blobs_found': 3, 'mask_coverage': 0.0037}
2026-05-30 10:10:30,480 INFO __main__: state={'hearts_full': 3, 'hearts_half': 0, 'health_ratio': 0.188, 'link_pos': [365, 433]}
2026-05-30 10:10:30,480 WARNING games.zelda.policy: Low health | health_ratio=0.19 | task=Task(name='get_wooden_sword')
2026-05-30 10:10:30,664 INFO __main__: link_blobs={'region': None, 'blobs_found': 3, 'mask_coverage': 0.0037}
2026-05-30 10:10:30,664 INFO __main__: state={'hearts_full': 3, 'hearts_half': 0, 'health_ratio': 0.188, 'link_pos': [365, 433]}
2026-05-30 10:10:30,664 WARNING games.zelda.policy: Low health | health_ratio=0.19 | task=Task(name='get_wooden_sword')
2026-05-30 10:10:30,854 INFO __main__: link_blobs={'region': None, 'blobs_found': 3, 'mask_coverage': 0.0037}
2026-05-30 10:10:30,854 INFO __main__: state={'hearts_full': 3, 'hearts_half': 0, 'health_ratio': 0.188, 'link_pos': [365, 433]}
2026-05-30 10:10:30,854 WARNING games.zelda.policy: Low health | health_ratio=0.19 | task=Task(name='get_wooden_sword')
2026-05-30 10:10:31,043 INFO __main__: link_blobs={'region': None, 'blobs_found': 3, 'mask_coverage': 0.0037}
2026-05-30 10:10:31,044 INFO __main__: state={'hearts_full': 3, 'hearts_half': 0, 'health_ratio': 0.188, 'link_pos': [365, 433]}
2026-05-30 10:10:31,044 WARNING games.zelda.policy: Low health | health_ratio=0.19 | task=Task(name='get_wooden_sword')
2026-05-30 10:10:31,216 INFO __main__: link_blobs={'region': None, 'blobs_found': 3, 'mask_coverage': 0.0037}
2026-05-30 10:10:31,216 INFO __main__: state={'hearts_full': 3, 'hearts_half': 0, 'health_ratio': 0.188, 'link_pos': [365, 433]}
2026-05-30 10:10:31,216 WARNING games.zelda.policy: Low health | health_ratio=0.19 | task=Task(name='get_wooden_sword')
2026-05-30 10:10:31,399 INFO __main__: link_blobs={'region': None, 'blobs_found': 3, 'mask_coverage': 0.0037}
2026-05-30 10:10:31,401 INFO __main__: state={'hearts_full': 3, 'hearts_half': 0, 'health_ratio': 0.188, 'link_pos': [365, 433]}
2026-05-30 10:10:31,401 WARNING games.zelda.policy: Low health | health_ratio=0.19 | task=Task(name='get_wooden_sword')
2026-05-30 10:10:31,590 INFO __main__: link_blobs={'region': None, 'blobs_found': 3, 'mask_coverage': 0.0037}
2026-05-30 10:10:31,590 INFO __main__: state={'hearts_full': 3, 'hearts_half': 0, 'health_ratio': 0.188, 'link_pos': [365, 433]}
2026-05-30 10:10:31,591 WARNING games.zelda.policy: Low health | health_ratio=0.19 | task=Task(name='get_wooden_sword')
2026-05-30 10:10:31,781 INFO __main__: link_blobs={'region': None, 'blobs_found': 3, 'mask_coverage': 0.0037}
2026-05-30 10:10:31,781 INFO __main__: state={'hearts_full': 3, 'hearts_half': 0, 'health_ratio': 0.188, 'link_pos': [365, 433]}
2026-05-30 10:10:31,781 WARNING games.zelda.policy: Low health | health_ratio=0.19 | task=Task(name='get_wooden_sword')
2026-05-30 10:10:31,984 INFO __main__: link_blobs={'region': None, 'blobs_found': 3, 'mask_coverage': 0.0037}
2026-05-30 10:10:31,984 INFO __main__: state={'hearts_full': 3, 'hearts_half': 0, 'health_ratio': 0.188, 'link_pos': [365, 433]}
2026-05-30 10:10:31,984 WARNING games.zelda.policy: Low health | health_ratio=0.19 | task=Task(name='get_wooden_sword')
2026-05-30 10:10:32,167 INFO __main__: link_blobs={'region': None, 'blobs_found': 3, 'mask_coverage': 0.0037}
2026-05-30 10:10:32,167 INFO __main__: state={'hearts_full': 3, 'hearts_half': 0, 'health_ratio': 0.188, 'link_pos': [365, 433]}
2026-05-30 10:10:32,167 WARNING games.zelda.policy: Low health | health_ratio=0.19 | task=Task(name='get_wooden_sword')
2026-05-30 10:10:32,368 INFO __main__: link_blobs={'region': None, 'blobs_found': 3, 'mask_coverage': 0.0037}
2026-05-30 10:10:32,368 INFO __main__: state={'hearts_full': 3, 'hearts_half': 0, 'health_ratio': 0.188, 'link_pos': [365, 433]}
2026-05-30 10:10:32,368 WARNING games.zelda.policy: Low health | health_ratio=0.19 | task=Task(name='get_wooden_sword')
2026-05-30 10:10:32,562 INFO __main__: link_blobs={'region': None, 'blobs_found': 3, 'mask_coverage': 0.0037}
2026-05-30 10:10:32,562 INFO __main__: state={'hearts_full': 3, 'hearts_half': 0, 'health_ratio': 0.188, 'link_pos': [365, 433]}
2026-05-30 10:10:32,562 WARNING games.zelda.policy: Low health | health_ratio=0.19 | task=Task(name='get_wooden_sword')
2026-05-30 10:10:32,747 INFO __main__: link_blobs={'region': None, 'blobs_found': 3, 'mask_coverage': 0.0037}
2026-05-30 10:10:32,747 INFO __main__: state={'hearts_full': 3, 'hearts_half': 0, 'health_ratio': 0.188, 'link_pos': [365, 433]}
2026-05-30 10:10:32,747 WARNING games.zelda.policy: Low health | health_ratio=0.19 | task=Task(name='get_wooden_sword')
2026-05-30 10:10:32,934 INFO __main__: link_blobs={'region': None, 'blobs_found': 3, 'mask_coverage': 0.0037}
2026-05-30 10:10:32,934 INFO __main__: state={'hearts_full': 3, 'hearts_half': 0, 'health_ratio': 0.188, 'link_pos': [365, 433]}
2026-05-30 10:10:32,934 WARNING games.zelda.policy: Low health | health_ratio=0.19 | task=Task(name='get_wooden_sword')
2026-05-30 10:10:33,132 INFO __main__: link_blobs={'region': None, 'blobs_found': 3, 'mask_coverage': 0.0037}
2026-05-30 10:10:33,132 INFO __main__: state={'hearts_full': 3, 'hearts_half': 0, 'health_ratio': 0.188, 'link_pos': [365, 433]}
2026-05-30 10:10:33,132 WARNING games.zelda.policy: Low health | health_ratio=0.19 | task=Task(name='get_wooden_sword')
2026-05-30 10:10:33,322 INFO __main__: link_blobs={'region': None, 'blobs_found': 3, 'mask_coverage': 0.0037}
2026-05-30 10:10:33,322 INFO __main__: state={'hearts_full': 3, 'hearts_half': 0, 'health_ratio': 0.188, 'link_pos': [365, 433]}
2026-05-30 10:10:33,322 WARNING games.zelda.policy: Low health | health_ratio=0.19 | task=Task(name='get_wooden_sword')
2026-05-30 10:10:33,504 INFO __main__: link_blobs={'region': None, 'blobs_found': 3, 'mask_coverage': 0.0037}
2026-05-30 10:10:33,504 INFO __main__: state={'hearts_full': 3, 'hearts_half': 0, 'health_ratio': 0.188, 'link_pos': [365, 433]}
2026-05-30 10:10:33,504 WARNING games.zelda.policy: Low health | health_ratio=0.19 | task=Task(name='get_wooden_sword')
2026-05-30 10:10:33,691 INFO __main__: link_blobs={'region': None, 'blobs_found': 3, 'mask_coverage': 0.0037}
2026-05-30 10:10:33,691 INFO __main__: state={'hearts_full': 3, 'hearts_half': 0, 'health_ratio': 0.188, 'link_pos': [365, 433]}
2026-05-30 10:10:33,691 WARNING games.zelda.policy: Low health | health_ratio=0.19 | task=Task(name='get_wooden_sword')
2026-05-30 10:10:33,874 INFO __main__: link_blobs={'region': None, 'blobs_found': 3, 'mask_coverage': 0.0037}
2026-05-30 10:10:33,874 INFO __main__: state={'hearts_full': 3, 'hearts_half': 0, 'health_ratio': 0.188, 'link_pos': [365, 433]}
2026-05-30 10:10:33,874 WARNING games.zelda.policy: Low health | health_ratio=0.19 | task=Task(name='get_wooden_sword')
2026-05-30 10:10:34,058 INFO __main__: link_blobs={'region': None, 'blobs_found': 3, 'mask_coverage': 0.0037}
2026-05-30 10:10:34,058 INFO __main__: state={'hearts_full': 3, 'hearts_half': 0, 'health_ratio': 0.188, 'link_pos': [365, 433]}
2026-05-30 10:10:34,058 WARNING games.zelda.policy: Low health | health_ratio=0.19 | task=Task(name='get_wooden_sword')
2026-05-30 10:10:34,243 INFO __main__: link_blobs={'region': None, 'blobs_found': 3, 'mask_coverage': 0.0037}
2026-05-30 10:10:34,244 INFO __main__: state={'hearts_full': 3, 'hearts_half': 0, 'health_ratio': 0.188, 'link_pos': [365, 433]}
2026-05-30 10:10:34,244 WARNING games.zelda.policy: Low health | health_ratio=0.19 | task=Task(name='get_wooden_sword')
2026-05-30 10:10:34,448 INFO __main__: link_blobs={'region': None, 'blobs_found': 3, 'mask_coverage': 0.0037}
2026-05-30 10:10:34,448 INFO __main__: state={'hearts_full': 3, 'hearts_half': 0, 'health_ratio': 0.188, 'link_pos': [365, 433]}
2026-05-30 10:10:34,448 WARNING games.zelda.policy: Low health | health_ratio=0.19 | task=Task(name='get_wooden_sword')
2026-05-30 10:10:34,645 INFO __main__: link_blobs={'region': None, 'blobs_found': 3, 'mask_coverage': 0.0037}
2026-05-30 10:10:34,645 INFO __main__: state={'hearts_full': 3, 'hearts_half': 0, 'health_ratio': 0.188, 'link_pos': [365, 433]}
2026-05-30 10:10:34,645 WARNING games.zelda.policy: Low health | health_ratio=0.19 | task=Task(name='get_wooden_sword')
2026-05-30 10:10:34,844 INFO __main__: link_blobs={'region': None, 'blobs_found': 3, 'mask_coverage': 0.0037}
2026-05-30 10:10:34,844 INFO __main__: state={'hearts_full': 3, 'hearts_half': 0, 'health_ratio': 0.188, 'link_pos': [365, 433]}
2026-05-30 10:10:34,844 WARNING games.zelda.policy: Low health | health_ratio=0.19 | task=Task(name='get_wooden_sword')
2026-05-30 10:10:35,035 INFO __main__: link_blobs={'region': None, 'blobs_found': 3, 'mask_coverage': 0.0037}
2026-05-30 10:10:35,035 INFO __main__: state={'hearts_full': 3, 'hearts_half': 0, 'health_ratio': 0.188, 'link_pos': [365, 433]}
2026-05-30 10:10:35,035 WARNING games.zelda.policy: Low health | health_ratio=0.19 | task=Task(name='get_wooden_sword')
2026-05-30 10:10:35,231 INFO __main__: link_blobs={'region': None, 'blobs_found': 3, 'mask_coverage': 0.0037}
2026-05-30 10:10:35,231 INFO __main__: state={'hearts_full': 3, 'hearts_half': 0, 'health_ratio': 0.188, 'link_pos': [365, 433]}
2026-05-30 10:10:35,231 WARNING games.zelda.policy: Low health | health_ratio=0.19 | task=Task(name='get_wooden_sword')
2026-05-30 10:10:35,427 INFO __main__: link_blobs={'region': None, 'blobs_found': 3, 'mask_coverage': 0.0037}
2026-05-30 10:10:35,427 INFO __main__: state={'hearts_full': 3, 'hearts_half': 0, 'health_ratio': 0.188, 'link_pos': [365, 433]}
2026-05-30 10:10:35,427 WARNING games.zelda.policy: Low health | health_ratio=0.19 | task=Task(name='get_wooden_sword')
2026-05-30 10:10:35,622 INFO __main__: link_blobs={'region': None, 'blobs_found': 3, 'mask_coverage': 0.0037}
2026-05-30 10:10:35,622 INFO __main__: state={'hearts_full': 3, 'hearts_half': 0, 'health_ratio': 0.188, 'link_pos': [365, 433]}
2026-05-30 10:10:35,622 WARNING games.zelda.policy: Low health | health_ratio=0.19 | task=Task(name='get_wooden_sword')
2026-05-30 10:10:35,825 INFO __main__: link_blobs={'region': None, 'blobs_found': 3, 'mask_coverage': 0.0037}
2026-05-30 10:10:35,825 INFO __main__: state={'hearts_full': 3, 'hearts_half': 0, 'health_ratio': 0.188, 'link_pos': [365, 433]}
2026-05-30 10:10:35,825 WARNING games.zelda.policy: Low health | health_ratio=0.19 | task=Task(name='get_wooden_sword')
2026-05-30 10:10:36,114 INFO __main__: link_blobs={'region': None, 'blobs_found': 3, 'mask_coverage': 0.0037}
2026-05-30 10:10:36,114 INFO __main__: state={'hearts_full': 3, 'hearts_half': 0, 'health_ratio': 0.188, 'link_pos': [365, 433]}
2026-05-30 10:10:36,114 WARNING games.zelda.policy: Low health | health_ratio=0.19 | task=Task(name='get_wooden_sword')
2026-05-30 10:10:36,334 INFO __main__: link_blobs={'region': None, 'blobs_found': 3, 'mask_coverage': 0.0037}
2026-05-30 10:10:36,334 INFO __main__: state={'hearts_full': 3, 'hearts_half': 0, 'health_ratio': 0.188, 'link_pos': [365, 433]}
2026-05-30 10:10:36,334 WARNING games.zelda.policy: Low health | health_ratio=0.19 | task=Task(name='get_wooden_sword')
2026-05-30 10:10:36,532 INFO __main__: link_blobs={'region': None, 'blobs_found': 3, 'mask_coverage': 0.0037}
2026-05-30 10:10:36,533 INFO __main__: state={'hearts_full': 3, 'hearts_half': 0, 'health_ratio': 0.188, 'link_pos': [365, 433]}
2026-05-30 10:10:36,533 WARNING games.zelda.policy: Low health | health_ratio=0.19 | task=Task(name='get_wooden_sword')
2026-05-30 10:10:36,732 INFO __main__: link_blobs={'region': None, 'blobs_found': 3, 'mask_coverage': 0.0037}
2026-05-30 10:10:36,732 INFO __main__: state={'hearts_full': 3, 'hearts_half': 0, 'health_ratio': 0.188, 'link_pos': [365, 433]}
2026-05-30 10:10:36,732 WARNING games.zelda.policy: Low health | health_ratio=0.19 | task=Task(name='get_wooden_sword')
2026-05-30 10:10:36,925 INFO __main__: link_blobs={'region': None, 'blobs_found': 3, 'mask_coverage': 0.0037}
2026-05-30 10:10:36,925 INFO __main__: state={'hearts_full': 3, 'hearts_half': 0, 'health_ratio': 0.188, 'link_pos': [365, 433]}
2026-05-30 10:10:36,925 WARNING games.zelda.policy: Low health | health_ratio=0.19 | task=Task(name='get_wooden_sword')
2026-05-30 10:10:37,112 INFO __main__: link_blobs={'region': None, 'blobs_found': 3, 'mask_coverage': 0.0037}
2026-05-30 10:10:37,112 INFO __main__: state={'hearts_full': 3, 'hearts_half': 0, 'health_ratio': 0.188, 'link_pos': [365, 433]}
2026-05-30 10:10:37,112 WARNING games.zelda.policy: Low health | health_ratio=0.19 | task=Task(name='get_wooden_sword')
2026-05-30 10:10:37,302 INFO __main__: link_blobs={'region': None, 'blobs_found': 3, 'mask_coverage': 0.0037}
2026-05-30 10:10:37,304 INFO __main__: state={'hearts_full': 3, 'hearts_half': 0, 'health_ratio': 0.188, 'link_pos': [365, 433]}
2026-05-30 10:10:37,304 WARNING games.zelda.policy: Low health | health_ratio=0.19 | task=Task(name='get_wooden_sword')
2026-05-30 10:10:37,484 INFO __main__: link_blobs={'region': None, 'blobs_found': 3, 'mask_coverage': 0.0037}
2026-05-30 10:10:37,484 INFO __main__: state={'hearts_full': 3, 'hearts_half': 0, 'health_ratio': 0.188, 'link_pos': [365, 433]}
2026-05-30 10:10:37,484 WARNING games.zelda.policy: Low health | health_ratio=0.19 | task=Task(name='get_wooden_sword')
2026-05-30 10:10:37,670 INFO __main__: link_blobs={'region': None, 'blobs_found': 3, 'mask_coverage': 0.0037}
2026-05-30 10:10:37,670 INFO __main__: state={'hearts_full': 3, 'hearts_half': 0, 'health_ratio': 0.188, 'link_pos': [365, 433]}
2026-05-30 10:10:37,670 WARNING games.zelda.policy: Low health | health_ratio=0.19 | task=Task(name='get_wooden_sword')
2026-05-30 10:10:37,868 INFO __main__: link_blobs={'region': None, 'blobs_found': 3, 'mask_coverage': 0.0037}
2026-05-30 10:10:37,868 INFO __main__: state={'hearts_full': 3, 'hearts_half': 0, 'health_ratio': 0.188, 'link_pos': [365, 433]}
2026-05-30 10:10:37,868 WARNING games.zelda.policy: Low health | health_ratio=0.19 | task=Task(name='get_wooden_sword')
2026-05-30 10:10:38,053 INFO __main__: link_blobs={'region': None, 'blobs_found': 3, 'mask_coverage': 0.0037}
2026-05-30 10:10:38,053 INFO __main__: state={'hearts_full': 3, 'hearts_half': 0, 'health_ratio': 0.188, 'link_pos': [365, 433]}
2026-05-30 10:10:38,053 WARNING games.zelda.policy: Low health | health_ratio=0.19 | task=Task(name='get_wooden_sword')
2026-05-30 10:10:38,245 INFO __main__: link_blobs={'region': None, 'blobs_found': 3, 'mask_coverage': 0.0037}
2026-05-30 10:10:38,245 INFO __main__: state={'hearts_full': 3, 'hearts_half': 0, 'health_ratio': 0.188, 'link_pos': [365, 433]}
2026-05-30 10:10:38,245 WARNING games.zelda.policy: Low health | health_ratio=0.19 | task=Task(name='get_wooden_sword')
2026-05-30 10:10:38,434 INFO __main__: link_blobs={'region': None, 'blobs_found': 3, 'mask_coverage': 0.0037}
2026-05-30 10:10:38,434 INFO __main__: state={'hearts_full': 3, 'hearts_half': 0, 'health_ratio': 0.188, 'link_pos': [365, 433]}
2026-05-30 10:10:38,434 WARNING games.zelda.policy: Low health | health_ratio=0.19 | task=Task(name='get_wooden_sword')
2026-05-30 10:10:38,626 INFO __main__: link_blobs={'region': None, 'blobs_found': 3, 'mask_coverage': 0.0037}
2026-05-30 10:10:38,629 INFO __main__: state={'hearts_full': 3, 'hearts_half': 0, 'health_ratio': 0.188, 'link_pos': [365, 433]}
2026-05-30 10:10:38,629 WARNING games.zelda.policy: Low health | health_ratio=0.19 | task=Task(name='get_wooden_sword')
2026-05-30 10:10:38,816 INFO __main__: link_blobs={'region': None, 'blobs_found': 3, 'mask_coverage': 0.0037}
2026-05-30 10:10:38,816 INFO __main__: state={'hearts_full': 3, 'hearts_half': 0, 'health_ratio': 0.188, 'link_pos': [365, 433]}
2026-05-30 10:10:38,816 WARNING games.zelda.policy: Low health | health_ratio=0.19 | task=Task(name='get_wooden_sword')
2026-05-30 10:10:39,019 INFO __main__: link_blobs={'region': None, 'blobs_found': 3, 'mask_coverage': 0.0037}
2026-05-30 10:10:39,019 INFO __main__: state={'hearts_full': 3, 'hearts_half': 0, 'health_ratio': 0.188, 'link_pos': [365, 433]}
2026-05-30 10:10:39,019 WARNING games.zelda.policy: Low health | health_ratio=0.19 | task=Task(name='get_wooden_sword')
2026-05-30 10:10:39,224 INFO __main__: link_blobs={'region': None, 'blobs_found': 3, 'mask_coverage': 0.0037}
2026-05-30 10:10:39,224 INFO __main__: state={'hearts_full': 3, 'hearts_half': 0, 'health_ratio': 0.188, 'link_pos': [365, 433]}
2026-05-30 10:10:39,226 WARNING games.zelda.policy: Low health | health_ratio=0.19 | task=Task(name='get_wooden_sword')
2026-05-30 10:10:39,412 INFO __main__: link_blobs={'region': None, 'blobs_found': 3, 'mask_coverage': 0.0037}
2026-05-30 10:10:39,412 INFO __main__: state={'hearts_full': 3, 'hearts_half': 0, 'health_ratio': 0.188, 'link_pos': [365, 433]}
2026-05-30 10:10:39,412 WARNING games.zelda.policy: Low health | health_ratio=0.19 | task=Task(name='get_wooden_sword')
2026-05-30 10:10:39,586 INFO __main__: link_blobs={'region': None, 'blobs_found': 3, 'mask_coverage': 0.0037}
2026-05-30 10:10:39,589 INFO __main__: state={'hearts_full': 3, 'hearts_half': 0, 'health_ratio': 0.188, 'link_pos': [365, 433]}
2026-05-30 10:10:39,589 WARNING games.zelda.policy: Low health | health_ratio=0.19 | task=Task(name='get_wooden_sword')
2026-05-30 10:10:39,779 INFO __main__: link_blobs={'region': None, 'blobs_found': 3, 'mask_coverage': 0.0037}
2026-05-30 10:10:39,779 INFO __main__: state={'hearts_full': 3, 'hearts_half': 0, 'health_ratio': 0.188, 'link_pos': [365, 433]}
2026-05-30 10:10:39,779 WARNING games.zelda.policy: Low health | health_ratio=0.19 | task=Task(name='get_wooden_sword')
2026-05-30 10:10:39,976 INFO __main__: link_blobs={'region': None, 'blobs_found': 3, 'mask_coverage': 0.0037}
2026-05-30 10:10:39,976 INFO __main__: state={'hearts_full': 3, 'hearts_half': 0, 'health_ratio': 0.188, 'link_pos': [365, 433]}
2026-05-30 10:10:39,976 WARNING games.zelda.policy: Low health | health_ratio=0.19 | task=Task(name='get_wooden_sword')
2026-05-30 10:10:40,150 INFO __main__: link_blobs={'region': None, 'blobs_found': 3, 'mask_coverage': 0.0037}
2026-05-30 10:10:40,150 INFO __main__: state={'hearts_full': 3, 'hearts_half': 0, 'health_ratio': 0.188, 'link_pos': [365, 433]}
2026-05-30 10:10:40,150 WARNING games.zelda.policy: Low health | health_ratio=0.19 | task=Task(name='get_wooden_sword')
2026-05-30 10:10:40,344 INFO __main__: link_blobs={'region': None, 'blobs_found': 3, 'mask_coverage': 0.0037}
2026-05-30 10:10:40,344 INFO __main__: state={'hearts_full': 3, 'hearts_half': 0, 'health_ratio': 0.188, 'link_pos': [365, 433]}
2026-05-30 10:10:40,344 WARNING games.zelda.policy: Low health | health_ratio=0.19 | task=Task(name='get_wooden_sword')
2026-05-30 10:10:40,526 INFO __main__: link_blobs={'region': None, 'blobs_found': 3, 'mask_coverage': 0.0037}
2026-05-30 10:10:40,526 INFO __main__: state={'hearts_full': 3, 'hearts_half': 0, 'health_ratio': 0.188, 'link_pos': [365, 433]}
2026-05-30 10:10:40,526 WARNING games.zelda.policy: Low health | health_ratio=0.19 | task=Task(name='get_wooden_sword')
2026-05-30 10:10:40,707 INFO __main__: link_blobs={'region': None, 'blobs_found': 3, 'mask_coverage': 0.0037}
2026-05-30 10:10:40,707 INFO __main__: state={'hearts_full': 3, 'hearts_half': 0, 'health_ratio': 0.188, 'link_pos': [365, 433]}
2026-05-30 10:10:40,707 WARNING games.zelda.policy: Low health | health_ratio=0.19 | task=Task(name='get_wooden_sword')
2026-05-30 10:10:40,916 INFO __main__: link_blobs={'region': None, 'blobs_found': 3, 'mask_coverage': 0.0037}
2026-05-30 10:10:40,916 INFO __main__: state={'hearts_full': 3, 'hearts_half': 0, 'health_ratio': 0.188, 'link_pos': [365, 433]}
2026-05-30 10:10:40,916 WARNING games.zelda.policy: Low health | health_ratio=0.19 | task=Task(name='get_wooden_sword')
2026-05-30 10:10:41,124 INFO __main__: link_blobs={'region': None, 'blobs_found': 3, 'mask_coverage': 0.0037}
2026-05-30 10:10:41,124 INFO __main__: state={'hearts_full': 3, 'hearts_half': 0, 'health_ratio': 0.188, 'link_pos': [365, 433]}
2026-05-30 10:10:41,124 WARNING games.zelda.policy: Low health | health_ratio=0.19 | task=Task(name='get_wooden_sword')
2026-05-30 10:10:41,317 INFO __main__: link_blobs={'region': None, 'blobs_found': 3, 'mask_coverage': 0.0037}
2026-05-30 10:10:41,317 INFO __main__: state={'hearts_full': 3, 'hearts_half': 0, 'health_ratio': 0.188, 'link_pos': [365, 433]}
2026-05-30 10:10:41,317 WARNING games.zelda.policy: Low health | health_ratio=0.19 | task=Task(name='get_wooden_sword')
2026-05-30 10:10:41,514 INFO __main__: link_blobs={'region': None, 'blobs_found': 3, 'mask_coverage': 0.0037}
2026-05-30 10:10:41,514 INFO __main__: state={'hearts_full': 3, 'hearts_half': 0, 'health_ratio': 0.188, 'link_pos': [365, 433]}
2026-05-30 10:10:41,514 WARNING games.zelda.policy: Low health | health_ratio=0.19 | task=Task(name='get_wooden_sword')
2026-05-30 10:10:41,694 INFO __main__: link_blobs={'region': None, 'blobs_found': 3, 'mask_coverage': 0.0037}
2026-05-30 10:10:41,694 INFO __main__: state={'hearts_full': 3, 'hearts_half': 0, 'health_ratio': 0.188, 'link_pos': [365, 433]}
2026-05-30 10:10:41,694 WARNING games.zelda.policy: Low health | health_ratio=0.19 | task=Task(name='get_wooden_sword')
2026-05-30 10:10:41,892 INFO __main__: link_blobs={'region': None, 'blobs_found': 3, 'mask_coverage': 0.0037}
2026-05-30 10:10:41,892 INFO __main__: state={'hearts_full': 3, 'hearts_half': 0, 'health_ratio': 0.188, 'link_pos': [365, 433]}
2026-05-30 10:10:41,892 WARNING games.zelda.policy: Low health | health_ratio=0.19 | task=Task(name='get_wooden_sword')
2026-05-30 10:10:42,078 INFO __main__: link_blobs={'region': None, 'blobs_found': 3, 'mask_coverage': 0.0037}
2026-05-30 10:10:42,078 INFO __main__: state={'hearts_full': 3, 'hearts_half': 0, 'health_ratio': 0.188, 'link_pos': [365, 433]}
2026-05-30 10:10:42,078 WARNING games.zelda.policy: Low health | health_ratio=0.19 | task=Task(name='get_wooden_sword')
2026-05-30 10:10:42,266 INFO __main__: link_blobs={'region': None, 'blobs_found': 3, 'mask_coverage': 0.0037}
2026-05-30 10:10:42,266 INFO __main__: state={'hearts_full': 3, 'hearts_half': 0, 'health_ratio': 0.188, 'link_pos': [365, 433]}
2026-05-30 10:10:42,266 WARNING games.zelda.policy: Low health | health_ratio=0.19 | task=Task(name='get_wooden_sword')
2026-05-30 10:10:42,455 INFO __main__: link_blobs={'region': None, 'blobs_found': 3, 'mask_coverage': 0.0037}
2026-05-30 10:10:42,456 INFO __main__: state={'hearts_full': 3, 'hearts_half': 0, 'health_ratio': 0.188, 'link_pos': [365, 433]}
2026-05-30 10:10:42,456 WARNING games.zelda.policy: Low health | health_ratio=0.19 | task=Task(name='get_wooden_sword')
2026-05-30 10:10:42,636 INFO __main__: link_blobs={'region': None, 'blobs_found': 3, 'mask_coverage': 0.0037}
2026-05-30 10:10:42,636 INFO __main__: state={'hearts_full': 3, 'hearts_half': 0, 'health_ratio': 0.188, 'link_pos': [365, 433]}
2026-05-30 10:10:42,636 WARNING games.zelda.policy: Low health | health_ratio=0.19 | task=Task(name='get_wooden_sword')
2026-05-30 10:10:42,824 INFO __main__: link_blobs={'region': None, 'blobs_found': 3, 'mask_coverage': 0.0037}
2026-05-30 10:10:42,824 INFO __main__: state={'hearts_full': 3, 'hearts_half': 0, 'health_ratio': 0.188, 'link_pos': [365, 433]}
2026-05-30 10:10:42,824 WARNING games.zelda.policy: Low health | health_ratio=0.19 | task=Task(name='get_wooden_sword')
2026-05-30 10:10:43,014 INFO __main__: link_blobs={'region': None, 'blobs_found': 3, 'mask_coverage': 0.0037}
2026-05-30 10:10:43,014 INFO __main__: state={'hearts_full': 3, 'hearts_half': 0, 'health_ratio': 0.188, 'link_pos': [365, 433]}
2026-05-30 10:10:43,014 WARNING games.zelda.policy: Low health | health_ratio=0.19 | task=Task(name='get_wooden_sword')
2026-05-30 10:10:43,214 INFO __main__: link_blobs={'region': None, 'blobs_found': 3, 'mask_coverage': 0.0037}
2026-05-30 10:10:43,214 INFO __main__: state={'hearts_full': 3, 'hearts_half': 0, 'health_ratio': 0.188, 'link_pos': [365, 433]}
2026-05-30 10:10:43,214 WARNING games.zelda.policy: Low health | health_ratio=0.19 | task=Task(name='get_wooden_sword')
2026-05-30 10:10:43,394 INFO __main__: link_blobs={'region': None, 'blobs_found': 3, 'mask_coverage': 0.0037}
2026-05-30 10:10:43,394 INFO __main__: state={'hearts_full': 3, 'hearts_half': 0, 'health_ratio': 0.188, 'link_pos': [365, 433]}
2026-05-30 10:10:43,394 WARNING games.zelda.policy: Low health | health_ratio=0.19 | task=Task(name='get_wooden_sword')
2026-05-30 10:10:43,586 INFO __main__: link_blobs={'region': None, 'blobs_found': 3, 'mask_coverage': 0.0037}
2026-05-30 10:10:43,586 INFO __main__: state={'hearts_full': 3, 'hearts_half': 0, 'health_ratio': 0.188, 'link_pos': [365, 433]}
2026-05-30 10:10:43,586 WARNING games.zelda.policy: Low health | health_ratio=0.19 | task=Task(name='get_wooden_sword')
2026-05-30 10:10:43,765 INFO __main__: link_blobs={'region': None, 'blobs_found': 3, 'mask_coverage': 0.0037}
2026-05-30 10:10:43,765 INFO __main__: state={'hearts_full': 3, 'hearts_half': 0, 'health_ratio': 0.188, 'link_pos': [365, 433]}
2026-05-30 10:10:43,765 WARNING games.zelda.policy: Low health | health_ratio=0.19 | task=Task(name='get_wooden_sword')
2026-05-30 10:10:49,861 INFO __main__: link_blobs={'region': None, 'blobs_found': 3, 'mask_coverage': 0.0037}
2026-05-30 10:10:49,861 INFO __main__: state={'hearts_full': 3, 'hearts_half': 0, 'health_ratio': 0.188, 'link_pos': [365, 433]}
2026-05-30 10:10:49,861 WARNING games.zelda.policy: Low health | health_ratio=0.19 | task=Task(name='get_wooden_sword')
2026-05-30 10:10:50,097 INFO __main__: link_blobs={'region': None, 'blobs_found': 3, 'mask_coverage': 0.0037}
2026-05-30 10:10:50,097 INFO __main__: state={'hearts_full': 3, 'hearts_half': 0, 'health_ratio': 0.188, 'link_pos': [365, 433]}
2026-05-30 10:10:50,097 WARNING games.zelda.policy: Low health | health_ratio=0.19 | task=Task(name='get_wooden_sword')
2026-05-30 10:10:50,247 INFO __main__: link_blobs={'region': None, 'blobs_found': 3, 'mask_coverage': 0.0037}
2026-05-30 10:10:50,247 INFO __main__: state={'hearts_full': 3, 'hearts_half': 0, 'health_ratio': 0.188, 'link_pos': [365, 433]}
2026-05-30 10:10:50,247 WARNING games.zelda.policy: Low health | health_ratio=0.19 | task=Task(name='get_wooden_sword')
2026-05-30 10:10:50,399 INFO __main__: link_blobs={'region': None, 'blobs_found': 3, 'mask_coverage': 0.0037}
2026-05-30 10:10:50,399 INFO __main__: state={'hearts_full': 3, 'hearts_half': 0, 'health_ratio': 0.188, 'link_pos': [365, 433]}
2026-05-30 10:10:50,399 WARNING games.zelda.policy: Low health | health_ratio=0.19 | task=Task(name='get_wooden_sword')
2026-05-30 10:10:50,546 INFO __main__: link_blobs={'region': None, 'blobs_found': 3, 'mask_coverage': 0.0037}
2026-05-30 10:10:50,546 INFO __main__: state={'hearts_full': 3, 'hearts_half': 0, 'health_ratio': 0.188, 'link_pos': [365, 433]}
2026-05-30 10:10:50,546 WARNING games.zelda.policy: Low health | health_ratio=0.19 | task=Task(name='get_wooden_sword')
2026-05-30 10:10:50,697 INFO __main__: link_blobs={'region': None, 'blobs_found': 3, 'mask_coverage': 0.0037}
2026-05-30 10:10:50,697 INFO __main__: state={'hearts_full': 3, 'hearts_half': 0, 'health_ratio': 0.188, 'link_pos': [365, 433]}
2026-05-30 10:10:50,697 WARNING games.zelda.policy: Low health | health_ratio=0.19 | task=Task(name='get_wooden_sword')
2026-05-30 10:10:50,920 INFO __main__: link_blobs={'region': None, 'blobs_found': 3, 'mask_coverage': 0.0037}
2026-05-30 10:10:50,920 INFO __main__: state={'hearts_full': 3, 'hearts_half': 0, 'health_ratio': 0.188, 'link_pos': [365, 433]}
2026-05-30 10:10:50,920 WARNING games.zelda.policy: Low health | health_ratio=0.19 | task=Task(name='get_wooden_sword')
2026-05-30 10:10:51,241 INFO __main__: link_blobs={'region': None, 'blobs_found': 0, 'mask_coverage': 0.0}
2026-05-30 10:10:51,241 INFO __main__: state={'hearts_full': 0, 'hearts_half': 0, 'health_ratio': 0.0, 'link_pos': None}
2026-05-30 10:10:51,241 WARNING games.zelda.policy: Low health | health_ratio=0.00 | task=Task(name='get_wooden_sword')
2026-05-30 10:10:51,434 INFO __main__: link_blobs={'region': None, 'blobs_found': 0, 'mask_coverage': 0.0}
2026-05-30 10:10:51,434 INFO __main__: state={'hearts_full': 0, 'hearts_half': 0, 'health_ratio': 0.0, 'link_pos': None}
2026-05-30 10:10:51,434 WARNING games.zelda.policy: Low health | health_ratio=0.00 | task=Task(name='get_wooden_sword')
2026-05-30 10:10:51,664 INFO __main__: link_blobs={'region': None, 'blobs_found': 0, 'mask_coverage': 0.0}
2026-05-30 10:10:51,664 INFO __main__: state={'hearts_full': 0, 'hearts_half': 0, 'health_ratio': 0.0, 'link_pos': None}
2026-05-30 10:10:51,664 WARNING games.zelda.policy: Low health | health_ratio=0.00 | task=Task(name='get_wooden_sword')
2026-05-30 10:10:51,871 INFO __main__: link_blobs={'region': None, 'blobs_found': 0, 'mask_coverage': 0.0}
2026-05-30 10:10:51,871 INFO __main__: state={'hearts_full': 0, 'hearts_half': 0, 'health_ratio': 0.0, 'link_pos': None}
2026-05-30 10:10:51,871 WARNING games.zelda.policy: Low health | health_ratio=0.00 | task=Task(name='get_wooden_sword')
2026-05-30 10:10:52,058 INFO __main__: link_blobs={'region': None, 'blobs_found': 0, 'mask_coverage': 0.0}
2026-05-30 10:10:52,058 INFO __main__: state={'hearts_full': 0, 'hearts_half': 0, 'health_ratio': 0.0, 'link_pos': None}
2026-05-30 10:10:52,058 WARNING games.zelda.policy: Low health | health_ratio=0.00 | task=Task(name='get_wooden_sword')
2026-05-30 10:10:52,250 INFO __main__: link_blobs={'region': None, 'blobs_found': 0, 'mask_coverage': 0.0}
2026-05-30 10:10:52,250 INFO __main__: state={'hearts_full': 0, 'hearts_half': 0, 'health_ratio': 0.0, 'link_pos': None}
2026-05-30 10:10:52,250 WARNING games.zelda.policy: Low health | health_ratio=0.00 | task=Task(name='get_wooden_sword')
2026-05-30 10:10:52,456 INFO __main__: link_blobs={'region': None, 'blobs_found': 0, 'mask_coverage': 0.0}
2026-05-30 10:10:52,456 INFO __main__: state={'hearts_full': 0, 'hearts_half': 0, 'health_ratio': 0.0, 'link_pos': None}
2026-05-30 10:10:52,456 WARNING games.zelda.policy: Low health | health_ratio=0.00 | task=Task(name='get_wooden_sword')
2026-05-30 10:10:52,644 INFO __main__: link_blobs={'region': None, 'blobs_found': 0, 'mask_coverage': 0.0}
2026-05-30 10:10:52,644 INFO __main__: state={'hearts_full': 0, 'hearts_half': 0, 'health_ratio': 0.0, 'link_pos': None}
2026-05-30 10:10:52,644 WARNING games.zelda.policy: Low health | health_ratio=0.00 | task=Task(name='get_wooden_sword')
2026-05-30 10:10:52,853 INFO __main__: link_blobs={'region': None, 'blobs_found': 0, 'mask_coverage': 0.0}
2026-05-30 10:10:52,853 INFO __main__: state={'hearts_full': 0, 'hearts_half': 0, 'health_ratio': 0.0, 'link_pos': None}
2026-05-30 10:10:52,853 WARNING games.zelda.policy: Low health | health_ratio=0.00 | task=Task(name='get_wooden_sword')
2026-05-30 10:10:53,045 INFO __main__: link_blobs={'region': None, 'blobs_found': 0, 'mask_coverage': 0.0}
2026-05-30 10:10:53,045 INFO __main__: state={'hearts_full': 0, 'hearts_half': 0, 'health_ratio': 0.0, 'link_pos': None}
2026-05-30 10:10:53,045 WARNING games.zelda.policy: Low health | health_ratio=0.00 | task=Task(name='get_wooden_sword')
2026-05-30 10:10:53,206 INFO __main__: link_blobs={'region': None, 'blobs_found': 0, 'mask_coverage': 0.0}
2026-05-30 10:10:53,206 INFO __main__: state={'hearts_full': 0, 'hearts_half': 0, 'health_ratio': 0.0, 'link_pos': None}
2026-05-30 10:10:53,206 WARNING games.zelda.policy: Low health | health_ratio=0.00 | task=Task(name='get_wooden_sword')
2026-05-30 10:10:53,368 INFO __main__: link_blobs={'region': None, 'blobs_found': 0, 'mask_coverage': 0.0}
2026-05-30 10:10:53,368 INFO __main__: state={'hearts_full': 0, 'hearts_half': 0, 'health_ratio': 0.0, 'link_pos': None}
2026-05-30 10:10:53,368 WARNING games.zelda.policy: Low health | health_ratio=0.00 | task=Task(name='get_wooden_sword')
2026-05-30 10:10:53,513 INFO __main__: link_blobs={'region': None, 'blobs_found': 3, 'mask_coverage': 0.0037}
2026-05-30 10:10:53,513 INFO __main__: state={'hearts_full': 3, 'hearts_half': 0, 'health_ratio': 0.188, 'link_pos': [365, 433]}
2026-05-30 10:10:53,513 WARNING games.zelda.policy: Low health | health_ratio=0.19 | task=Task(name='get_wooden_sword')
2026-05-30 10:10:53,664 INFO __main__: link_blobs={'region': None, 'blobs_found': 3, 'mask_coverage': 0.0037}
2026-05-30 10:10:53,664 INFO __main__: state={'hearts_full': 3, 'hearts_half': 0, 'health_ratio': 0.188, 'link_pos': [365, 433]}
2026-05-30 10:10:53,664 WARNING games.zelda.policy: Low health | health_ratio=0.19 | task=Task(name='get_wooden_sword')
2026-05-30 10:10:53,802 INFO __main__: link_blobs={'region': None, 'blobs_found': 3, 'mask_coverage': 0.0037}
2026-05-30 10:10:53,802 INFO __main__: state={'hearts_full': 3, 'hearts_half': 0, 'health_ratio': 0.188, 'link_pos': [365, 433]}
2026-05-30 10:10:53,802 WARNING games.zelda.policy: Low health | health_ratio=0.19 | task=Task(name='get_wooden_sword')
2026-05-30 10:10:53,959 INFO __main__: link_blobs={'region': None, 'blobs_found': 3, 'mask_coverage': 0.0037}
2026-05-30 10:10:53,959 INFO __main__: state={'hearts_full': 3, 'hearts_half': 0, 'health_ratio': 0.188, 'link_pos': [365, 433]}
2026-05-30 10:10:53,959 WARNING games.zelda.policy: Low health | health_ratio=0.19 | task=Task(name='get_wooden_sword')
2026-05-30 10:10:54,117 INFO __main__: link_blobs={'region': None, 'blobs_found': 3, 'mask_coverage': 0.0037}
2026-05-30 10:10:54,117 INFO __main__: state={'hearts_full': 3, 'hearts_half': 0, 'health_ratio': 0.188, 'link_pos': [365, 433]}
2026-05-30 10:10:54,117 WARNING games.zelda.policy: Low health | health_ratio=0.19 | task=Task(name='get_wooden_sword')
2026-05-30 10:10:54,268 INFO __main__: link_blobs={'region': None, 'blobs_found': 3, 'mask_coverage': 0.0037}
2026-05-30 10:10:54,268 INFO __main__: state={'hearts_full': 3, 'hearts_half': 0, 'health_ratio': 0.188, 'link_pos': [365, 433]}
2026-05-30 10:10:54,268 WARNING games.zelda.policy: Low health | health_ratio=0.19 | task=Task(name='get_wooden_sword')
2026-05-30 10:10:54,414 INFO __main__: link_blobs={'region': None, 'blobs_found': 3, 'mask_coverage': 0.0037}
2026-05-30 10:10:54,414 INFO __main__: state={'hearts_full': 3, 'hearts_half': 0, 'health_ratio': 0.188, 'link_pos': [365, 433]}
2026-05-30 10:10:54,414 WARNING games.zelda.policy: Low health | health_ratio=0.19 | task=Task(name='get_wooden_sword')
2026-05-30 10:10:54,568 INFO __main__: link_blobs={'region': None, 'blobs_found': 3, 'mask_coverage': 0.0037}
2026-05-30 10:10:54,568 INFO __main__: state={'hearts_full': 3, 'hearts_half': 0, 'health_ratio': 0.188, 'link_pos': [365, 433]}
2026-05-30 10:10:54,568 WARNING games.zelda.policy: Low health | health_ratio=0.19 | task=Task(name='get_wooden_sword')
2026-05-30 10:10:54,712 INFO __main__: link_blobs={'region': None, 'blobs_found': 3, 'mask_coverage': 0.0037}
2026-05-30 10:10:54,712 INFO __main__: state={'hearts_full': 3, 'hearts_half': 0, 'health_ratio': 0.188, 'link_pos': [365, 433]}
2026-05-30 10:10:54,712 WARNING games.zelda.policy: Low health | health_ratio=0.19 | task=Task(name='get_wooden_sword')
2026-05-30 10:10:54,849 INFO __main__: link_blobs={'region': None, 'blobs_found': 3, 'mask_coverage': 0.0037}
2026-05-30 10:10:54,849 INFO __main__: state={'hearts_full': 3, 'hearts_half': 0, 'health_ratio': 0.188, 'link_pos': [365, 433]}
2026-05-30 10:10:54,849 WARNING games.zelda.policy: Low health | health_ratio=0.19 | task=Task(name='get_wooden_sword')
2026-05-30 10:10:55,004 INFO __main__: link_blobs={'region': None, 'blobs_found': 3, 'mask_coverage': 0.0037}
2026-05-30 10:10:55,004 INFO __main__: state={'hearts_full': 3, 'hearts_half': 0, 'health_ratio': 0.188, 'link_pos': [365, 433]}
2026-05-30 10:10:55,004 WARNING games.zelda.policy: Low health | health_ratio=0.19 | task=Task(name='get_wooden_sword')
2026-05-30 10:10:55,144 INFO __main__: link_blobs={'region': None, 'blobs_found': 3, 'mask_coverage': 0.0037}
2026-05-30 10:10:55,144 INFO __main__: state={'hearts_full': 3, 'hearts_half': 0, 'health_ratio': 0.188, 'link_pos': [365, 433]}
2026-05-30 10:10:55,144 WARNING games.zelda.policy: Low health | health_ratio=0.19 | task=Task(name='get_wooden_sword')
2026-05-30 10:10:55,276 INFO __main__: link_blobs={'region': None, 'blobs_found': 3, 'mask_coverage': 0.0037}
2026-05-30 10:10:55,276 INFO __main__: state={'hearts_full': 3, 'hearts_half': 0, 'health_ratio': 0.188, 'link_pos': [365, 433]}
2026-05-30 10:10:55,276 WARNING games.zelda.policy: Low health | health_ratio=0.19 | task=Task(name='get_wooden_sword')
2026-05-30 10:10:55,428 INFO __main__: link_blobs={'region': None, 'blobs_found': 3, 'mask_coverage': 0.0037}
2026-05-30 10:10:55,428 INFO __main__: state={'hearts_full': 3, 'hearts_half': 0, 'health_ratio': 0.188, 'link_pos': [365, 433]}
2026-05-30 10:10:55,428 WARNING games.zelda.policy: Low health | health_ratio=0.19 | task=Task(name='get_wooden_sword')
2026-05-30 10:10:55,564 INFO __main__: link_blobs={'region': None, 'blobs_found': 3, 'mask_coverage': 0.0037}
2026-05-30 10:10:55,565 INFO __main__: state={'hearts_full': 3, 'hearts_half': 0, 'health_ratio': 0.188, 'link_pos': [365, 433]}
2026-05-30 10:10:55,565 WARNING games.zelda.policy: Low health | health_ratio=0.19 | task=Task(name='get_wooden_sword')
2026-05-30 10:10:55,695 INFO __main__: link_blobs={'region': None, 'blobs_found': 3, 'mask_coverage': 0.0037}
2026-05-30 10:10:55,695 INFO __main__: state={'hearts_full': 3, 'hearts_half': 0, 'health_ratio': 0.188, 'link_pos': [365, 433]}
2026-05-30 10:10:55,695 WARNING games.zelda.policy: Low health | health_ratio=0.19 | task=Task(name='get_wooden_sword')
2026-05-30 10:10:55,833 INFO __main__: link_blobs={'region': None, 'blobs_found': 3, 'mask_coverage': 0.0037}
2026-05-30 10:10:55,833 INFO __main__: state={'hearts_full': 3, 'hearts_half': 0, 'health_ratio': 0.188, 'link_pos': [365, 433]}
2026-05-30 10:10:55,833 WARNING games.zelda.policy: Low health | health_ratio=0.19 | task=Task(name='get_wooden_sword')
2026-05-30 10:10:55,990 INFO __main__: link_blobs={'region': None, 'blobs_found': 3, 'mask_coverage': 0.0037}
2026-05-30 10:10:55,990 INFO __main__: state={'hearts_full': 3, 'hearts_half': 0, 'health_ratio': 0.188, 'link_pos': [365, 433]}
2026-05-30 10:10:55,990 WARNING games.zelda.policy: Low health | health_ratio=0.19 | task=Task(name='get_wooden_sword')
2026-05-30 10:10:56,143 INFO __main__: link_blobs={'region': None, 'blobs_found': 3, 'mask_coverage': 0.0037}
2026-05-30 10:10:56,143 INFO __main__: state={'hearts_full': 3, 'hearts_half': 0, 'health_ratio': 0.188, 'link_pos': [365, 433]}
2026-05-30 10:10:56,143 WARNING games.zelda.policy: Low health | health_ratio=0.19 | task=Task(name='get_wooden_sword')
2026-05-30 10:10:56,284 INFO __main__: link_blobs={'region': None, 'blobs_found': 3, 'mask_coverage': 0.0037}
2026-05-30 10:10:56,284 INFO __main__: state={'hearts_full': 3, 'hearts_half': 0, 'health_ratio': 0.188, 'link_pos': [365, 433]}
2026-05-30 10:10:56,284 WARNING games.zelda.policy: Low health | health_ratio=0.19 | task=Task(name='get_wooden_sword')
2026-05-30 10:10:56,437 INFO __main__: link_blobs={'region': None, 'blobs_found': 3, 'mask_coverage': 0.0037}
2026-05-30 10:10:56,437 INFO __main__: state={'hearts_full': 3, 'hearts_half': 0, 'health_ratio': 0.188, 'link_pos': [365, 433]}
2026-05-30 10:10:56,437 WARNING games.zelda.policy: Low health | health_ratio=0.19 | task=Task(name='get_wooden_sword')
2026-05-30 10:10:56,627 INFO __main__: link_blobs={'region': None, 'blobs_found': 3, 'mask_coverage': 0.0037}
2026-05-30 10:10:56,627 INFO __main__: state={'hearts_full': 3, 'hearts_half': 0, 'health_ratio': 0.188, 'link_pos': [365, 433]}
2026-05-30 10:10:56,627 WARNING games.zelda.policy: Low health | health_ratio=0.19 | task=Task(name='get_wooden_sword')
2026-05-30 10:10:56,791 INFO __main__: link_blobs={'region': None, 'blobs_found': 3, 'mask_coverage': 0.0037}
2026-05-30 10:10:56,793 INFO __main__: state={'hearts_full': 3, 'hearts_half': 0, 'health_ratio': 0.188, 'link_pos': [365, 433]}
2026-05-30 10:10:56,793 WARNING games.zelda.policy: Low health | health_ratio=0.19 | task=Task(name='get_wooden_sword')
2026-05-30 10:10:56,964 INFO __main__: link_blobs={'region': None, 'blobs_found': 3, 'mask_coverage': 0.0037}
2026-05-30 10:10:56,964 INFO __main__: state={'hearts_full': 3, 'hearts_half': 0, 'health_ratio': 0.188, 'link_pos': [365, 433]}
2026-05-30 10:10:56,964 WARNING games.zelda.policy: Low health | health_ratio=0.19 | task=Task(name='get_wooden_sword')
2026-05-30 10:10:57,110 INFO __main__: link_blobs={'region': None, 'blobs_found': 3, 'mask_coverage': 0.0037}
2026-05-30 10:10:57,110 INFO __main__: state={'hearts_full': 3, 'hearts_half': 0, 'health_ratio': 0.188, 'link_pos': [365, 433]}
2026-05-30 10:10:57,110 WARNING games.zelda.policy: Low health | health_ratio=0.19 | task=Task(name='get_wooden_sword')
2026-05-30 10:10:57,258 INFO __main__: link_blobs={'region': None, 'blobs_found': 3, 'mask_coverage': 0.0037}
2026-05-30 10:10:57,261 INFO __main__: state={'hearts_full': 3, 'hearts_half': 0, 'health_ratio': 0.188, 'link_pos': [365, 433]}
2026-05-30 10:10:57,261 WARNING games.zelda.policy: Low health | health_ratio=0.19 | task=Task(name='get_wooden_sword')
2026-05-30 10:10:57,407 INFO __main__: link_blobs={'region': None, 'blobs_found': 3, 'mask_coverage': 0.0037}
2026-05-30 10:10:57,407 INFO __main__: state={'hearts_full': 3, 'hearts_half': 0, 'health_ratio': 0.188, 'link_pos': [365, 433]}
2026-05-30 10:10:57,407 WARNING games.zelda.policy: Low health | health_ratio=0.19 | task=Task(name='get_wooden_sword')
2026-05-30 10:10:57,544 INFO __main__: link_blobs={'region': None, 'blobs_found': 3, 'mask_coverage': 0.0037}
2026-05-30 10:10:57,544 INFO __main__: state={'hearts_full': 3, 'hearts_half': 0, 'health_ratio': 0.188, 'link_pos': [365, 433]}
2026-05-30 10:10:57,544 WARNING games.zelda.policy: Low health | health_ratio=0.19 | task=Task(name='get_wooden_sword')
2026-05-30 10:10:57,697 INFO __main__: link_blobs={'region': None, 'blobs_found': 3, 'mask_coverage': 0.0037}
2026-05-30 10:10:57,697 INFO __main__: state={'hearts_full': 3, 'hearts_half': 0, 'health_ratio': 0.188, 'link_pos': [365, 433]}
2026-05-30 10:10:57,697 WARNING games.zelda.policy: Low health | health_ratio=0.19 | task=Task(name='get_wooden_sword')
2026-05-30 10:10:57,856 INFO __main__: link_blobs={'region': None, 'blobs_found': 3, 'mask_coverage': 0.0037}
2026-05-30 10:10:57,856 INFO __main__: state={'hearts_full': 3, 'hearts_half': 0, 'health_ratio': 0.188, 'link_pos': [365, 433]}
2026-05-30 10:10:57,856 WARNING games.zelda.policy: Low health | health_ratio=0.19 | task=Task(name='get_wooden_sword')
2026-05-30 10:10:58,068 INFO __main__: link_blobs={'region': None, 'blobs_found': 3, 'mask_coverage': 0.0037}
2026-05-30 10:10:58,070 INFO __main__: state={'hearts_full': 3, 'hearts_half': 0, 'health_ratio': 0.188, 'link_pos': [365, 433]}
2026-05-30 10:10:58,070 WARNING games.zelda.policy: Low health | health_ratio=0.19 | task=Task(name='get_wooden_sword')
2026-05-30 10:10:58,265 INFO __main__: link_blobs={'region': None, 'blobs_found': 0, 'mask_coverage': 0.0}
2026-05-30 10:10:58,265 INFO __main__: state={'hearts_full': 0, 'hearts_half': 0, 'health_ratio': 0.0, 'link_pos': None}
2026-05-30 10:10:58,265 WARNING games.zelda.policy: Low health | health_ratio=0.00 | task=Task(name='get_wooden_sword')
2026-05-30 10:10:58,460 INFO __main__: link_blobs={'region': None, 'blobs_found': 0, 'mask_coverage': 0.0}
2026-05-30 10:10:58,460 INFO __main__: state={'hearts_full': 0, 'hearts_half': 0, 'health_ratio': 0.0, 'link_pos': None}
2026-05-30 10:10:58,460 WARNING games.zelda.policy: Low health | health_ratio=0.00 | task=Task(name='get_wooden_sword')
2026-05-30 10:10:58,656 INFO __main__: link_blobs={'region': None, 'blobs_found': 0, 'mask_coverage': 0.0}
2026-05-30 10:10:58,656 INFO __main__: state={'hearts_full': 0, 'hearts_half': 0, 'health_ratio': 0.0, 'link_pos': None}
2026-05-30 10:10:58,656 WARNING games.zelda.policy: Low health | health_ratio=0.00 | task=Task(name='get_wooden_sword')
2026-05-30 10:10:58,848 INFO __main__: link_blobs={'region': None, 'blobs_found': 0, 'mask_coverage': 0.0}
2026-05-30 10:10:58,849 INFO __main__: state={'hearts_full': 0, 'hearts_half': 0, 'health_ratio': 0.0, 'link_pos': None}
2026-05-30 10:10:58,849 WARNING games.zelda.policy: Low health | health_ratio=0.00 | task=Task(name='get_wooden_sword')
2026-05-30 10:10:59,024 INFO __main__: link_blobs={'region': None, 'blobs_found': 0, 'mask_coverage': 0.0}
2026-05-30 10:10:59,024 INFO __main__: state={'hearts_full': 0, 'hearts_half': 0, 'health_ratio': 0.0, 'link_pos': None}
2026-05-30 10:10:59,026 WARNING games.zelda.policy: Low health | health_ratio=0.00 | task=Task(name='get_wooden_sword')
2026-05-30 10:10:59,217 INFO __main__: link_blobs={'region': None, 'blobs_found': 0, 'mask_coverage': 0.0}
2026-05-30 10:10:59,217 INFO __main__: state={'hearts_full': 0, 'hearts_half': 0, 'health_ratio': 0.0, 'link_pos': None}
2026-05-30 10:10:59,217 WARNING games.zelda.policy: Low health | health_ratio=0.00 | task=Task(name='get_wooden_sword')
2026-05-30 10:10:59,411 INFO __main__: link_blobs={'region': None, 'blobs_found': 0, 'mask_coverage': 0.0}
2026-05-30 10:10:59,413 INFO __main__: state={'hearts_full': 0, 'hearts_half': 0, 'health_ratio': 0.0, 'link_pos': None}
2026-05-30 10:10:59,413 WARNING games.zelda.policy: Low health | health_ratio=0.00 | task=Task(name='get_wooden_sword')
2026-05-30 10:10:59,579 INFO __main__: link_blobs={'region': None, 'blobs_found': 0, 'mask_coverage': 0.0}
2026-05-30 10:10:59,584 INFO __main__: state={'hearts_full': 0, 'hearts_half': 0, 'health_ratio': 0.0, 'link_pos': None}
2026-05-30 10:10:59,584 WARNING games.zelda.policy: Low health | health_ratio=0.00 | task=Task(name='get_wooden_sword')
2026-05-30 10:10:59,770 INFO __main__: link_blobs={'region': None, 'blobs_found': 0, 'mask_coverage': 0.0}
2026-05-30 10:10:59,770 INFO __main__: state={'hearts_full': 0, 'hearts_half': 0, 'health_ratio': 0.0, 'link_pos': None}
2026-05-30 10:10:59,770 WARNING games.zelda.policy: Low health | health_ratio=0.00 | task=Task(name='get_wooden_sword')
2026-05-30 10:10:59,959 INFO __main__: link_blobs={'region': None, 'blobs_found': 0, 'mask_coverage': 0.0}
2026-05-30 10:10:59,959 INFO __main__: state={'hearts_full': 0, 'hearts_half': 0, 'health_ratio': 0.0, 'link_pos': None}
2026-05-30 10:10:59,959 WARNING games.zelda.policy: Low health | health_ratio=0.00 | task=Task(name='get_wooden_sword')
2026-05-30 10:11:00,156 INFO __main__: link_blobs={'region': None, 'blobs_found': 0, 'mask_coverage': 0.0}
2026-05-30 10:11:00,156 INFO __main__: state={'hearts_full': 0, 'hearts_half': 0, 'health_ratio': 0.0, 'link_pos': None}
2026-05-30 10:11:00,156 WARNING games.zelda.policy: Low health | health_ratio=0.00 | task=Task(name='get_wooden_sword')
2026-05-30 10:11:00,377 INFO __main__: link_blobs={'region': None, 'blobs_found': 0, 'mask_coverage': 0.0}
2026-05-30 10:11:00,377 INFO __main__: state={'hearts_full': 0, 'hearts_half': 0, 'health_ratio': 0.0, 'link_pos': None}
2026-05-30 10:11:00,377 WARNING games.zelda.policy: Low health | health_ratio=0.00 | task=Task(name='get_wooden_sword')
2026-05-30 10:11:00,572 INFO __main__: link_blobs={'region': None, 'blobs_found': 0, 'mask_coverage': 0.0}
2026-05-30 10:11:00,572 INFO __main__: state={'hearts_full': 0, 'hearts_half': 0, 'health_ratio': 0.0, 'link_pos': None}
2026-05-30 10:11:00,573 WARNING games.zelda.policy: Low health | health_ratio=0.00 | task=Task(name='get_wooden_sword')
2026-05-30 10:11:00,755 INFO __main__: link_blobs={'region': None, 'blobs_found': 0, 'mask_coverage': 0.0}
2026-05-30 10:11:00,755 INFO __main__: state={'hearts_full': 0, 'hearts_half': 0, 'health_ratio': 0.0, 'link_pos': None}
2026-05-30 10:11:00,755 WARNING games.zelda.policy: Low health | health_ratio=0.00 | task=Task(name='get_wooden_sword')
2026-05-30 10:11:00,964 INFO __main__: link_blobs={'region': None, 'blobs_found': 0, 'mask_coverage': 0.0}
2026-05-30 10:11:00,964 INFO __main__: state={'hearts_full': 0, 'hearts_half': 0, 'health_ratio': 0.0, 'link_pos': None}
2026-05-30 10:11:00,964 WARNING games.zelda.policy: Low health | health_ratio=0.00 | task=Task(name='get_wooden_sword')
2026-05-30 10:11:01,152 INFO __main__: link_blobs={'region': None, 'blobs_found': 0, 'mask_coverage': 0.0}
2026-05-30 10:11:01,152 INFO __main__: state={'hearts_full': 0, 'hearts_half': 0, 'health_ratio': 0.0, 'link_pos': None}
2026-05-30 10:11:01,152 WARNING games.zelda.policy: Low health | health_ratio=0.00 | task=Task(name='get_wooden_sword')
2026-05-30 10:11:01,337 INFO __main__: link_blobs={'region': None, 'blobs_found': 0, 'mask_coverage': 0.0}
2026-05-30 10:11:01,337 INFO __main__: state={'hearts_full': 0, 'hearts_half': 0, 'health_ratio': 0.0, 'link_pos': None}
2026-05-30 10:11:01,337 WARNING games.zelda.policy: Low health | health_ratio=0.00 | task=Task(name='get_wooden_sword')
2026-05-30 10:11:01,532 INFO __main__: link_blobs={'region': None, 'blobs_found': 0, 'mask_coverage': 0.0}
2026-05-30 10:11:01,532 INFO __main__: state={'hearts_full': 0, 'hearts_half': 0, 'health_ratio': 0.0, 'link_pos': None}
2026-05-30 10:11:01,532 WARNING games.zelda.policy: Low health | health_ratio=0.00 | task=Task(name='get_wooden_sword')
2026-05-30 10:11:01,714 INFO __main__: link_blobs={'region': None, 'blobs_found': 0, 'mask_coverage': 0.0}
2026-05-30 10:11:01,714 INFO __main__: state={'hearts_full': 0, 'hearts_half': 0, 'health_ratio': 0.0, 'link_pos': None}
2026-05-30 10:11:01,714 WARNING games.zelda.policy: Low health | health_ratio=0.00 | task=Task(name='get_wooden_sword')
2026-05-30 10:11:01,916 INFO __main__: link_blobs={'region': None, 'blobs_found': 0, 'mask_coverage': 0.0}
2026-05-30 10:11:01,916 INFO __main__: state={'hearts_full': 0, 'hearts_half': 0, 'health_ratio': 0.0, 'link_pos': None}
2026-05-30 10:11:01,916 WARNING games.zelda.policy: Low health | health_ratio=0.00 | task=Task(name='get_wooden_sword')
2026-05-30 10:11:02,114 INFO __main__: link_blobs={'region': None, 'blobs_found': 0, 'mask_coverage': 0.0}
2026-05-30 10:11:02,114 INFO __main__: state={'hearts_full': 0, 'hearts_half': 0, 'health_ratio': 0.0, 'link_pos': None}
2026-05-30 10:11:02,120 WARNING games.zelda.policy: Low health | health_ratio=0.00 | task=Task(name='get_wooden_sword')
2026-05-30 10:11:02,300 INFO __main__: link_blobs={'region': None, 'blobs_found': 0, 'mask_coverage': 0.0}
2026-05-30 10:11:02,300 INFO __main__: state={'hearts_full': 0, 'hearts_half': 0, 'health_ratio': 0.0, 'link_pos': None}
2026-05-30 10:11:02,303 WARNING games.zelda.policy: Low health | health_ratio=0.00 | task=Task(name='get_wooden_sword')
2026-05-30 10:11:02,514 INFO __main__: link_blobs={'region': None, 'blobs_found': 0, 'mask_coverage': 0.0}
2026-05-30 10:11:02,514 INFO __main__: state={'hearts_full': 0, 'hearts_half': 0, 'health_ratio': 0.0, 'link_pos': None}
2026-05-30 10:11:02,514 WARNING games.zelda.policy: Low health | health_ratio=0.00 | task=Task(name='get_wooden_sword')
2026-05-30 10:11:02,708 INFO __main__: link_blobs={'region': None, 'blobs_found': 0, 'mask_coverage': 0.0}
2026-05-30 10:11:02,708 INFO __main__: state={'hearts_full': 0, 'hearts_half': 0, 'health_ratio': 0.0, 'link_pos': None}
2026-05-30 10:11:02,708 WARNING games.zelda.policy: Low health | health_ratio=0.00 | task=Task(name='get_wooden_sword')
2026-05-30 10:11:02,917 INFO __main__: link_blobs={'region': None, 'blobs_found': 0, 'mask_coverage': 0.0}
2026-05-30 10:11:02,917 INFO __main__: state={'hearts_full': 0, 'hearts_half': 0, 'health_ratio': 0.0, 'link_pos': None}
2026-05-30 10:11:02,917 WARNING games.zelda.policy: Low health | health_ratio=0.00 | task=Task(name='get_wooden_sword')
2026-05-30 10:11:03,144 INFO __main__: link_blobs={'region': None, 'blobs_found': 0, 'mask_coverage': 0.0}
2026-05-30 10:11:03,144 INFO __main__: state={'hearts_full': 0, 'hearts_half': 0, 'health_ratio': 0.0, 'link_pos': None}
2026-05-30 10:11:03,144 WARNING games.zelda.policy: Low health | health_ratio=0.00 | task=Task(name='get_wooden_sword')
2026-05-30 10:11:03,332 INFO __main__: link_blobs={'region': None, 'blobs_found': 0, 'mask_coverage': 0.0}
2026-05-30 10:11:03,332 INFO __main__: state={'hearts_full': 0, 'hearts_half': 0, 'health_ratio': 0.0, 'link_pos': None}
2026-05-30 10:11:03,332 WARNING games.zelda.policy: Low health | health_ratio=0.00 | task=Task(name='get_wooden_sword')
2026-05-30 10:11:03,520 INFO __main__: link_blobs={'region': None, 'blobs_found': 0, 'mask_coverage': 0.0}
2026-05-30 10:11:03,520 INFO __main__: state={'hearts_full': 0, 'hearts_half': 0, 'health_ratio': 0.0, 'link_pos': None}
2026-05-30 10:11:03,520 WARNING games.zelda.policy: Low health | health_ratio=0.00 | task=Task(name='get_wooden_sword')
2026-05-30 10:12:33,522 INFO games.zelda.policy: ZeldaPolicy initialized | [zelda_opening] 1/4: get_wooden_sword
2026-05-30 10:12:33,629 INFO __main__: Detected region: x=40, y=298, w=879, h=672
2026-05-30 10:12:33,629 INFO __main__: Detected 'RetroArch QuickNES 1.0-WIP 7178256' at region (40, 298, 879, 672)
2026-05-30 10:12:33,629 INFO __main__: ScreenCapture region: (40, 298, 879, 672)
2026-05-30 10:12:33,629 INFO __main__: Starting loop at 30 FPS
2026-05-30 10:12:33,780 INFO __main__: link_blobs={'region': None, 'blobs_found': 3, 'mask_coverage': 0.0037}
2026-05-30 10:12:33,780 INFO __main__: state={'hearts_full': 3, 'hearts_half': 0, 'health_ratio': 0.188, 'link_pos': [365, 433]}
2026-05-30 10:12:33,780 WARNING games.zelda.policy: Low health | health_ratio=0.19 | task=Task(name='get_wooden_sword')
2026-05-30 10:12:33,946 INFO __main__: link_blobs={'region': None, 'blobs_found': 3, 'mask_coverage': 0.0037}
2026-05-30 10:12:33,946 INFO __main__: state={'hearts_full': 3, 'hearts_half': 0, 'health_ratio': 0.188, 'link_pos': [365, 433]}
2026-05-30 10:12:33,946 WARNING games.zelda.policy: Low health | health_ratio=0.19 | task=Task(name='get_wooden_sword')
2026-05-30 10:12:34,103 INFO __main__: link_blobs={'region': None, 'blobs_found': 3, 'mask_coverage': 0.0037}
2026-05-30 10:12:34,103 INFO __main__: state={'hearts_full': 3, 'hearts_half': 0, 'health_ratio': 0.188, 'link_pos': [365, 433]}
2026-05-30 10:12:34,103 WARNING games.zelda.policy: Low health | health_ratio=0.19 | task=Task(name='get_wooden_sword')
2026-05-30 10:12:34,250 INFO __main__: link_blobs={'region': None, 'blobs_found': 3, 'mask_coverage': 0.0037}
2026-05-30 10:12:34,250 INFO __main__: state={'hearts_full': 3, 'hearts_half': 0, 'health_ratio': 0.188, 'link_pos': [365, 433]}
2026-05-30 10:12:34,250 WARNING games.zelda.policy: Low health | health_ratio=0.19 | task=Task(name='get_wooden_sword')
2026-05-30 10:12:34,397 INFO __main__: link_blobs={'region': None, 'blobs_found': 3, 'mask_coverage': 0.0037}
2026-05-30 10:12:34,397 INFO __main__: state={'hearts_full': 3, 'hearts_half': 0, 'health_ratio': 0.188, 'link_pos': [365, 433]}
2026-05-30 10:12:34,397 WARNING games.zelda.policy: Low health | health_ratio=0.19 | task=Task(name='get_wooden_sword')
2026-05-30 10:12:34,546 INFO __main__: link_blobs={'region': None, 'blobs_found': 3, 'mask_coverage': 0.0037}
2026-05-30 10:12:34,546 INFO __main__: state={'hearts_full': 3, 'hearts_half': 0, 'health_ratio': 0.188, 'link_pos': [365, 433]}
2026-05-30 10:12:34,546 WARNING games.zelda.policy: Low health | health_ratio=0.19 | task=Task(name='get_wooden_sword')
2026-05-30 10:12:34,691 INFO __main__: link_blobs={'region': None, 'blobs_found': 3, 'mask_coverage': 0.0037}
2026-05-30 10:12:34,691 INFO __main__: state={'hearts_full': 3, 'hearts_half': 0, 'health_ratio': 0.188, 'link_pos': [365, 433]}
2026-05-30 10:12:34,691 WARNING games.zelda.policy: Low health | health_ratio=0.19 | task=Task(name='get_wooden_sword')
2026-05-30 10:12:34,839 INFO __main__: link_blobs={'region': None, 'blobs_found': 3, 'mask_coverage': 0.0037}
2026-05-30 10:12:34,840 INFO __main__: state={'hearts_full': 3, 'hearts_half': 0, 'health_ratio': 0.188, 'link_pos': [365, 433]}
2026-05-30 10:12:34,840 WARNING games.zelda.policy: Low health | health_ratio=0.19 | task=Task(name='get_wooden_sword')
2026-05-30 10:12:35,022 INFO __main__: link_blobs={'region': None, 'blobs_found': 3, 'mask_coverage': 0.0037}
2026-05-30 10:12:35,022 INFO __main__: state={'hearts_full': 3, 'hearts_half': 0, 'health_ratio': 0.188, 'link_pos': [365, 433]}
2026-05-30 10:12:35,022 WARNING games.zelda.policy: Low health | health_ratio=0.19 | task=Task(name='get_wooden_sword')
2026-05-30 10:12:35,206 INFO __main__: link_blobs={'region': None, 'blobs_found': 3, 'mask_coverage': 0.0037}
2026-05-30 10:12:35,206 INFO __main__: state={'hearts_full': 3, 'hearts_half': 0, 'health_ratio': 0.188, 'link_pos': [365, 433]}
2026-05-30 10:12:35,206 WARNING games.zelda.policy: Low health | health_ratio=0.19 | task=Task(name='get_wooden_sword')
2026-05-30 10:12:35,387 INFO __main__: link_blobs={'region': None, 'blobs_found': 3, 'mask_coverage': 0.0037}
2026-05-30 10:12:35,387 INFO __main__: state={'hearts_full': 3, 'hearts_half': 0, 'health_ratio': 0.188, 'link_pos': [365, 433]}
2026-05-30 10:12:35,387 WARNING games.zelda.policy: Low health | health_ratio=0.19 | task=Task(name='get_wooden_sword')
2026-05-30 10:12:35,571 INFO __main__: link_blobs={'region': None, 'blobs_found': 3, 'mask_coverage': 0.0037}
2026-05-30 10:12:35,571 INFO __main__: state={'hearts_full': 3, 'hearts_half': 0, 'health_ratio': 0.188, 'link_pos': [365, 433]}
2026-05-30 10:12:35,571 WARNING games.zelda.policy: Low health | health_ratio=0.19 | task=Task(name='get_wooden_sword')
2026-05-30 10:12:35,757 INFO __main__: link_blobs={'region': None, 'blobs_found': 3, 'mask_coverage': 0.0037}
2026-05-30 10:12:35,757 INFO __main__: state={'hearts_full': 3, 'hearts_half': 0, 'health_ratio': 0.188, 'link_pos': [365, 433]}
2026-05-30 10:12:35,757 WARNING games.zelda.policy: Low health | health_ratio=0.19 | task=Task(name='get_wooden_sword')
2026-05-30 10:12:35,936 INFO __main__: link_blobs={'region': None, 'blobs_found': 3, 'mask_coverage': 0.0037}
2026-05-30 10:12:35,936 INFO __main__: state={'hearts_full': 3, 'hearts_half': 0, 'health_ratio': 0.188, 'link_pos': [365, 433]}
2026-05-30 10:12:35,936 WARNING games.zelda.policy: Low health | health_ratio=0.19 | task=Task(name='get_wooden_sword')
2026-05-30 10:12:36,086 INFO __main__: link_blobs={'region': None, 'blobs_found': 3, 'mask_coverage': 0.0037}
2026-05-30 10:12:36,086 INFO __main__: state={'hearts_full': 3, 'hearts_half': 0, 'health_ratio': 0.188, 'link_pos': [365, 433]}
2026-05-30 10:12:36,086 WARNING games.zelda.policy: Low health | health_ratio=0.19 | task=Task(name='get_wooden_sword')
2026-05-30 10:12:38,688 INFO __main__: link_blobs={'region': None, 'blobs_found': 3, 'mask_coverage': 0.0037}
2026-05-30 10:12:38,690 INFO __main__: state={'hearts_full': 3, 'hearts_half': 0, 'health_ratio': 0.188, 'link_pos': [365, 433]}
2026-05-30 10:12:38,690 WARNING games.zelda.policy: Low health | health_ratio=0.19 | task=Task(name='get_wooden_sword')
2026-05-30 10:12:38,843 INFO __main__: link_blobs={'region': None, 'blobs_found': 3, 'mask_coverage': 0.0037}
2026-05-30 10:12:38,843 INFO __main__: state={'hearts_full': 3, 'hearts_half': 0, 'health_ratio': 0.188, 'link_pos': [365, 433]}
2026-05-30 10:12:38,843 WARNING games.zelda.policy: Low health | health_ratio=0.19 | task=Task(name='get_wooden_sword')
2026-05-30 10:12:38,993 INFO __main__: link_blobs={'region': None, 'blobs_found': 3, 'mask_coverage': 0.0037}
2026-05-30 10:12:38,993 INFO __main__: state={'hearts_full': 3, 'hearts_half': 0, 'health_ratio': 0.188, 'link_pos': [365, 433]}
2026-05-30 10:12:38,993 WARNING games.zelda.policy: Low health | health_ratio=0.19 | task=Task(name='get_wooden_sword')
2026-05-30 10:12:39,129 INFO __main__: link_blobs={'region': None, 'blobs_found': 3, 'mask_coverage': 0.0037}
2026-05-30 10:12:39,129 INFO __main__: state={'hearts_full': 3, 'hearts_half': 0, 'health_ratio': 0.188, 'link_pos': [365, 433]}
2026-05-30 10:12:39,129 WARNING games.zelda.policy: Low health | health_ratio=0.19 | task=Task(name='get_wooden_sword')
2026-05-30 10:12:39,256 INFO __main__: link_blobs={'region': None, 'blobs_found': 3, 'mask_coverage': 0.0037}
2026-05-30 10:12:39,256 INFO __main__: state={'hearts_full': 3, 'hearts_half': 0, 'health_ratio': 0.188, 'link_pos': [365, 433]}
2026-05-30 10:12:39,260 WARNING games.zelda.policy: Low health | health_ratio=0.19 | task=Task(name='get_wooden_sword')
2026-05-30 10:12:39,406 INFO __main__: link_blobs={'region': None, 'blobs_found': 3, 'mask_coverage': 0.0037}
2026-05-30 10:12:39,406 INFO __main__: state={'hearts_full': 3, 'hearts_half': 0, 'health_ratio': 0.188, 'link_pos': [365, 433]}
2026-05-30 10:12:39,406 WARNING games.zelda.policy: Low health | health_ratio=0.19 | task=Task(name='get_wooden_sword')
2026-05-30 10:12:39,541 INFO __main__: link_blobs={'region': None, 'blobs_found': 3, 'mask_coverage': 0.0037}
2026-05-30 10:12:39,542 INFO __main__: state={'hearts_full': 3, 'hearts_half': 0, 'health_ratio': 0.188, 'link_pos': [365, 433]}
2026-05-30 10:12:39,542 WARNING games.zelda.policy: Low health | health_ratio=0.19 | task=Task(name='get_wooden_sword')
2026-05-30 10:12:39,689 INFO __main__: link_blobs={'region': None, 'blobs_found': 3, 'mask_coverage': 0.0037}
2026-05-30 10:12:39,689 INFO __main__: state={'hearts_full': 3, 'hearts_half': 0, 'health_ratio': 0.188, 'link_pos': [365, 433]}
2026-05-30 10:12:39,689 WARNING games.zelda.policy: Low health | health_ratio=0.19 | task=Task(name='get_wooden_sword')
2026-05-30 10:12:39,832 INFO __main__: link_blobs={'region': None, 'blobs_found': 3, 'mask_coverage': 0.0037}
2026-05-30 10:12:39,832 INFO __main__: state={'hearts_full': 3, 'hearts_half': 0, 'health_ratio': 0.188, 'link_pos': [365, 433]}
2026-05-30 10:12:39,832 WARNING games.zelda.policy: Low health | health_ratio=0.19 | task=Task(name='get_wooden_sword')
2026-05-30 10:12:39,973 INFO __main__: link_blobs={'region': None, 'blobs_found': 3, 'mask_coverage': 0.0037}
2026-05-30 10:12:39,973 INFO __main__: state={'hearts_full': 3, 'hearts_half': 0, 'health_ratio': 0.188, 'link_pos': [365, 433]}
2026-05-30 10:12:39,973 WARNING games.zelda.policy: Low health | health_ratio=0.19 | task=Task(name='get_wooden_sword')
2026-05-30 10:12:40,108 INFO __main__: link_blobs={'region': None, 'blobs_found': 3, 'mask_coverage': 0.0037}
2026-05-30 10:12:40,108 INFO __main__: state={'hearts_full': 3, 'hearts_half': 0, 'health_ratio': 0.188, 'link_pos': [365, 433]}
2026-05-30 10:12:40,108 WARNING games.zelda.policy: Low health | health_ratio=0.19 | task=Task(name='get_wooden_sword')
2026-05-30 10:12:40,242 INFO __main__: link_blobs={'region': None, 'blobs_found': 3, 'mask_coverage': 0.0037}
2026-05-30 10:12:40,242 INFO __main__: state={'hearts_full': 3, 'hearts_half': 0, 'health_ratio': 0.188, 'link_pos': [365, 433]}
2026-05-30 10:12:40,242 WARNING games.zelda.policy: Low health | health_ratio=0.19 | task=Task(name='get_wooden_sword')
2026-05-30 10:12:40,382 INFO __main__: link_blobs={'region': None, 'blobs_found': 3, 'mask_coverage': 0.0037}
2026-05-30 10:12:40,382 INFO __main__: state={'hearts_full': 3, 'hearts_half': 0, 'health_ratio': 0.188, 'link_pos': [365, 433]}
2026-05-30 10:12:40,385 WARNING games.zelda.policy: Low health | health_ratio=0.19 | task=Task(name='get_wooden_sword')
2026-05-30 10:12:40,527 INFO __main__: link_blobs={'region': None, 'blobs_found': 3, 'mask_coverage': 0.0037}
2026-05-30 10:12:40,527 INFO __main__: state={'hearts_full': 3, 'hearts_half': 0, 'health_ratio': 0.188, 'link_pos': [365, 433]}
2026-05-30 10:12:40,527 WARNING games.zelda.policy: Low health | health_ratio=0.19 | task=Task(name='get_wooden_sword')
2026-05-30 10:12:40,676 INFO __main__: link_blobs={'region': None, 'blobs_found': 3, 'mask_coverage': 0.0037}
2026-05-30 10:12:40,676 INFO __main__: state={'hearts_full': 3, 'hearts_half': 0, 'health_ratio': 0.188, 'link_pos': [365, 433]}
2026-05-30 10:12:40,676 WARNING games.zelda.policy: Low health | health_ratio=0.19 | task=Task(name='get_wooden_sword')
2026-05-30 10:12:40,841 INFO __main__: link_blobs={'region': None, 'blobs_found': 3, 'mask_coverage': 0.0037}
2026-05-30 10:12:40,841 INFO __main__: state={'hearts_full': 3, 'hearts_half': 0, 'health_ratio': 0.188, 'link_pos': [365, 433]}
2026-05-30 10:12:40,841 WARNING games.zelda.policy: Low health | health_ratio=0.19 | task=Task(name='get_wooden_sword')
2026-05-30 10:12:40,990 INFO __main__: link_blobs={'region': None, 'blobs_found': 3, 'mask_coverage': 0.0037}
2026-05-30 10:12:40,990 INFO __main__: state={'hearts_full': 3, 'hearts_half': 0, 'health_ratio': 0.188, 'link_pos': [365, 433]}
2026-05-30 10:12:40,990 WARNING games.zelda.policy: Low health | health_ratio=0.19 | task=Task(name='get_wooden_sword')
2026-05-30 10:12:41,128 INFO __main__: link_blobs={'region': None, 'blobs_found': 3, 'mask_coverage': 0.0037}
2026-05-30 10:12:41,128 INFO __main__: state={'hearts_full': 3, 'hearts_half': 0, 'health_ratio': 0.188, 'link_pos': [365, 433]}
2026-05-30 10:12:41,128 WARNING games.zelda.policy: Low health | health_ratio=0.19 | task=Task(name='get_wooden_sword')
2026-05-30 10:12:41,259 INFO __main__: link_blobs={'region': None, 'blobs_found': 3, 'mask_coverage': 0.0037}
2026-05-30 10:12:41,259 INFO __main__: state={'hearts_full': 3, 'hearts_half': 0, 'health_ratio': 0.188, 'link_pos': [365, 433]}
2026-05-30 10:12:41,259 WARNING games.zelda.policy: Low health | health_ratio=0.19 | task=Task(name='get_wooden_sword')
2026-05-30 10:12:41,414 INFO __main__: link_blobs={'region': None, 'blobs_found': 3, 'mask_coverage': 0.0037}
2026-05-30 10:12:41,414 INFO __main__: state={'hearts_full': 3, 'hearts_half': 0, 'health_ratio': 0.188, 'link_pos': [365, 433]}
2026-05-30 10:12:41,414 WARNING games.zelda.policy: Low health | health_ratio=0.19 | task=Task(name='get_wooden_sword')
2026-05-30 10:12:41,541 INFO __main__: link_blobs={'region': None, 'blobs_found': 3, 'mask_coverage': 0.0037}
2026-05-30 10:12:41,541 INFO __main__: state={'hearts_full': 3, 'hearts_half': 0, 'health_ratio': 0.188, 'link_pos': [365, 433]}
2026-05-30 10:12:41,541 WARNING games.zelda.policy: Low health | health_ratio=0.19 | task=Task(name='get_wooden_sword')
2026-05-30 10:12:41,699 INFO __main__: link_blobs={'region': None, 'blobs_found': 3, 'mask_coverage': 0.0037}
2026-05-30 10:12:41,699 INFO __main__: state={'hearts_full': 3, 'hearts_half': 0, 'health_ratio': 0.188, 'link_pos': [365, 433]}
2026-05-30 10:12:41,699 WARNING games.zelda.policy: Low health | health_ratio=0.19 | task=Task(name='get_wooden_sword')
2026-05-30 10:12:41,846 INFO __main__: link_blobs={'region': None, 'blobs_found': 3, 'mask_coverage': 0.0037}
2026-05-30 10:12:41,846 INFO __main__: state={'hearts_full': 3, 'hearts_half': 0, 'health_ratio': 0.188, 'link_pos': [365, 433]}
2026-05-30 10:12:41,846 WARNING games.zelda.policy: Low health | health_ratio=0.19 | task=Task(name='get_wooden_sword')
2026-05-30 10:12:41,996 INFO __main__: link_blobs={'region': None, 'blobs_found': 3, 'mask_coverage': 0.0037}
2026-05-30 10:12:41,996 INFO __main__: state={'hearts_full': 3, 'hearts_half': 0, 'health_ratio': 0.188, 'link_pos': [365, 433]}
2026-05-30 10:12:41,996 WARNING games.zelda.policy: Low health | health_ratio=0.19 | task=Task(name='get_wooden_sword')
2026-05-30 10:12:42,117 INFO __main__: link_blobs={'region': None, 'blobs_found': 3, 'mask_coverage': 0.0037}
2026-05-30 10:12:42,117 INFO __main__: state={'hearts_full': 3, 'hearts_half': 0, 'health_ratio': 0.188, 'link_pos': [365, 433]}
2026-05-30 10:12:42,117 WARNING games.zelda.policy: Low health | health_ratio=0.19 | task=Task(name='get_wooden_sword')
2026-05-30 10:12:42,262 INFO __main__: link_blobs={'region': None, 'blobs_found': 3, 'mask_coverage': 0.0037}
2026-05-30 10:12:42,262 INFO __main__: state={'hearts_full': 3, 'hearts_half': 0, 'health_ratio': 0.188, 'link_pos': [365, 433]}
2026-05-30 10:12:42,262 WARNING games.zelda.policy: Low health | health_ratio=0.19 | task=Task(name='get_wooden_sword')
2026-05-30 10:12:42,396 INFO __main__: link_blobs={'region': None, 'blobs_found': 3, 'mask_coverage': 0.0037}
2026-05-30 10:12:42,396 INFO __main__: state={'hearts_full': 3, 'hearts_half': 0, 'health_ratio': 0.188, 'link_pos': [365, 433]}
2026-05-30 10:12:42,396 WARNING games.zelda.policy: Low health | health_ratio=0.19 | task=Task(name='get_wooden_sword')
2026-05-30 10:12:42,540 INFO __main__: link_blobs={'region': None, 'blobs_found': 3, 'mask_coverage': 0.0037}
2026-05-30 10:12:42,540 INFO __main__: state={'hearts_full': 3, 'hearts_half': 0, 'health_ratio': 0.188, 'link_pos': [365, 433]}
2026-05-30 10:12:42,540 WARNING games.zelda.policy: Low health | health_ratio=0.19 | task=Task(name='get_wooden_sword')
2026-05-30 10:12:42,676 INFO __main__: link_blobs={'region': None, 'blobs_found': 3, 'mask_coverage': 0.0037}
2026-05-30 10:12:42,676 INFO __main__: state={'hearts_full': 3, 'hearts_half': 0, 'health_ratio': 0.188, 'link_pos': [365, 433]}
2026-05-30 10:12:42,676 WARNING games.zelda.policy: Low health | health_ratio=0.19 | task=Task(name='get_wooden_sword')
2026-05-30 10:12:42,809 INFO __main__: link_blobs={'region': None, 'blobs_found': 3, 'mask_coverage': 0.0037}
2026-05-30 10:12:42,809 INFO __main__: state={'hearts_full': 3, 'hearts_half': 0, 'health_ratio': 0.188, 'link_pos': [365, 433]}
2026-05-30 10:12:42,809 WARNING games.zelda.policy: Low health | health_ratio=0.19 | task=Task(name='get_wooden_sword')
2026-05-30 10:12:42,966 INFO __main__: link_blobs={'region': None, 'blobs_found': 3, 'mask_coverage': 0.0037}
2026-05-30 10:12:42,966 INFO __main__: state={'hearts_full': 3, 'hearts_half': 0, 'health_ratio': 0.188, 'link_pos': [365, 433]}
2026-05-30 10:12:42,967 WARNING games.zelda.policy: Low health | health_ratio=0.19 | task=Task(name='get_wooden_sword')
2026-05-30 10:12:43,116 INFO __main__: link_blobs={'region': None, 'blobs_found': 3, 'mask_coverage': 0.0037}
2026-05-30 10:12:43,116 INFO __main__: state={'hearts_full': 3, 'hearts_half': 0, 'health_ratio': 0.188, 'link_pos': [365, 433]}
2026-05-30 10:12:43,116 WARNING games.zelda.policy: Low health | health_ratio=0.19 | task=Task(name='get_wooden_sword')
2026-05-30 10:12:43,256 INFO __main__: link_blobs={'region': None, 'blobs_found': 3, 'mask_coverage': 0.0037}
2026-05-30 10:12:43,256 INFO __main__: state={'hearts_full': 3, 'hearts_half': 0, 'health_ratio': 0.188, 'link_pos': [365, 433]}
2026-05-30 10:12:43,256 WARNING games.zelda.policy: Low health | health_ratio=0.19 | task=Task(name='get_wooden_sword')
2026-05-30 10:12:43,399 INFO __main__: link_blobs={'region': None, 'blobs_found': 3, 'mask_coverage': 0.0037}
2026-05-30 10:12:43,399 INFO __main__: state={'hearts_full': 3, 'hearts_half': 0, 'health_ratio': 0.188, 'link_pos': [365, 433]}
2026-05-30 10:12:43,399 WARNING games.zelda.policy: Low health | health_ratio=0.19 | task=Task(name='get_wooden_sword')
2026-05-30 10:12:43,546 INFO __main__: link_blobs={'region': None, 'blobs_found': 3, 'mask_coverage': 0.0037}
2026-05-30 10:12:43,546 INFO __main__: state={'hearts_full': 3, 'hearts_half': 0, 'health_ratio': 0.188, 'link_pos': [365, 433]}
2026-05-30 10:12:43,546 WARNING games.zelda.policy: Low health | health_ratio=0.19 | task=Task(name='get_wooden_sword')
2026-05-30 10:12:43,672 INFO __main__: link_blobs={'region': None, 'blobs_found': 3, 'mask_coverage': 0.0037}
2026-05-30 10:12:43,672 INFO __main__: state={'hearts_full': 3, 'hearts_half': 0, 'health_ratio': 0.188, 'link_pos': [365, 433]}
2026-05-30 10:12:43,672 WARNING games.zelda.policy: Low health | health_ratio=0.19 | task=Task(name='get_wooden_sword')
2026-05-30 10:12:43,829 INFO __main__: link_blobs={'region': None, 'blobs_found': 3, 'mask_coverage': 0.0037}
2026-05-30 10:12:43,829 INFO __main__: state={'hearts_full': 3, 'hearts_half': 0, 'health_ratio': 0.188, 'link_pos': [365, 433]}
2026-05-30 10:12:43,829 WARNING games.zelda.policy: Low health | health_ratio=0.19 | task=Task(name='get_wooden_sword')
2026-05-30 10:12:43,965 INFO __main__: link_blobs={'region': None, 'blobs_found': 3, 'mask_coverage': 0.0037}
2026-05-30 10:12:43,965 INFO __main__: state={'hearts_full': 3, 'hearts_half': 0, 'health_ratio': 0.188, 'link_pos': [365, 433]}
2026-05-30 10:12:43,965 WARNING games.zelda.policy: Low health | health_ratio=0.19 | task=Task(name='get_wooden_sword')
2026-05-30 10:12:44,092 INFO __main__: link_blobs={'region': None, 'blobs_found': 3, 'mask_coverage': 0.0037}
2026-05-30 10:12:44,092 INFO __main__: state={'hearts_full': 3, 'hearts_half': 0, 'health_ratio': 0.188, 'link_pos': [365, 433]}
2026-05-30 10:12:44,092 WARNING games.zelda.policy: Low health | health_ratio=0.19 | task=Task(name='get_wooden_sword')
2026-05-30 10:12:44,240 INFO __main__: link_blobs={'region': None, 'blobs_found': 3, 'mask_coverage': 0.0037}
2026-05-30 10:12:44,240 INFO __main__: state={'hearts_full': 3, 'hearts_half': 0, 'health_ratio': 0.188, 'link_pos': [365, 433]}
2026-05-30 10:12:44,240 WARNING games.zelda.policy: Low health | health_ratio=0.19 | task=Task(name='get_wooden_sword')
2026-05-30 10:12:44,376 INFO __main__: link_blobs={'region': None, 'blobs_found': 3, 'mask_coverage': 0.0037}
2026-05-30 10:12:44,376 INFO __main__: state={'hearts_full': 3, 'hearts_half': 0, 'health_ratio': 0.188, 'link_pos': [365, 433]}
2026-05-30 10:12:44,376 WARNING games.zelda.policy: Low health | health_ratio=0.19 | task=Task(name='get_wooden_sword')
2026-05-30 10:12:44,529 INFO __main__: link_blobs={'region': None, 'blobs_found': 3, 'mask_coverage': 0.0037}
2026-05-30 10:12:44,529 INFO __main__: state={'hearts_full': 3, 'hearts_half': 0, 'health_ratio': 0.188, 'link_pos': [365, 433]}
2026-05-30 10:12:44,529 WARNING games.zelda.policy: Low health | health_ratio=0.19 | task=Task(name='get_wooden_sword')
2026-05-30 10:12:44,659 INFO __main__: link_blobs={'region': None, 'blobs_found': 3, 'mask_coverage': 0.0037}
2026-05-30 10:12:44,659 INFO __main__: state={'hearts_full': 3, 'hearts_half': 0, 'health_ratio': 0.188, 'link_pos': [365, 433]}
2026-05-30 10:12:44,659 WARNING games.zelda.policy: Low health | health_ratio=0.19 | task=Task(name='get_wooden_sword')
2026-05-30 10:12:44,813 INFO __main__: link_blobs={'region': None, 'blobs_found': 3, 'mask_coverage': 0.0037}
2026-05-30 10:12:44,815 INFO __main__: state={'hearts_full': 3, 'hearts_half': 0, 'health_ratio': 0.188, 'link_pos': [365, 433]}
2026-05-30 10:12:44,815 WARNING games.zelda.policy: Low health | health_ratio=0.19 | task=Task(name='get_wooden_sword')
2026-05-30 10:12:44,956 INFO __main__: link_blobs={'region': None, 'blobs_found': 3, 'mask_coverage': 0.0037}
2026-05-30 10:12:44,958 INFO __main__: state={'hearts_full': 3, 'hearts_half': 0, 'health_ratio': 0.188, 'link_pos': [365, 433]}
2026-05-30 10:12:44,958 WARNING games.zelda.policy: Low health | health_ratio=0.19 | task=Task(name='get_wooden_sword')
2026-05-30 10:12:45,112 INFO __main__: link_blobs={'region': None, 'blobs_found': 3, 'mask_coverage': 0.0037}
2026-05-30 10:12:45,112 INFO __main__: state={'hearts_full': 3, 'hearts_half': 0, 'health_ratio': 0.188, 'link_pos': [365, 433]}
2026-05-30 10:12:45,112 WARNING games.zelda.policy: Low health | health_ratio=0.19 | task=Task(name='get_wooden_sword')
2026-05-30 10:12:45,248 INFO __main__: link_blobs={'region': None, 'blobs_found': 3, 'mask_coverage': 0.0037}
2026-05-30 10:12:45,248 INFO __main__: state={'hearts_full': 3, 'hearts_half': 0, 'health_ratio': 0.188, 'link_pos': [365, 433]}
2026-05-30 10:12:45,248 WARNING games.zelda.policy: Low health | health_ratio=0.19 | task=Task(name='get_wooden_sword')
2026-05-30 10:12:45,389 INFO __main__: link_blobs={'region': None, 'blobs_found': 3, 'mask_coverage': 0.0037}
2026-05-30 10:12:45,389 INFO __main__: state={'hearts_full': 3, 'hearts_half': 0, 'health_ratio': 0.188, 'link_pos': [365, 433]}
2026-05-30 10:12:45,389 WARNING games.zelda.policy: Low health | health_ratio=0.19 | task=Task(name='get_wooden_sword')
2026-05-30 10:12:45,522 INFO __main__: link_blobs={'region': None, 'blobs_found': 3, 'mask_coverage': 0.0037}
2026-05-30 10:12:45,522 INFO __main__: state={'hearts_full': 3, 'hearts_half': 0, 'health_ratio': 0.188, 'link_pos': [365, 433]}
2026-05-30 10:12:45,522 WARNING games.zelda.policy: Low health | health_ratio=0.19 | task=Task(name='get_wooden_sword')
2026-05-30 10:12:45,678 INFO __main__: link_blobs={'region': None, 'blobs_found': 3, 'mask_coverage': 0.0037}
2026-05-30 10:12:45,678 INFO __main__: state={'hearts_full': 3, 'hearts_half': 0, 'health_ratio': 0.188, 'link_pos': [365, 433]}
2026-05-30 10:12:45,678 WARNING games.zelda.policy: Low health | health_ratio=0.19 | task=Task(name='get_wooden_sword')
2026-05-30 10:12:45,809 INFO __main__: link_blobs={'region': None, 'blobs_found': 3, 'mask_coverage': 0.0037}
2026-05-30 10:12:45,809 INFO __main__: state={'hearts_full': 3, 'hearts_half': 0, 'health_ratio': 0.188, 'link_pos': [365, 433]}
2026-05-30 10:12:45,809 WARNING games.zelda.policy: Low health | health_ratio=0.19 | task=Task(name='get_wooden_sword')
2026-05-30 10:12:45,946 INFO __main__: link_blobs={'region': None, 'blobs_found': 3, 'mask_coverage': 0.0037}
2026-05-30 10:12:45,946 INFO __main__: state={'hearts_full': 3, 'hearts_half': 0, 'health_ratio': 0.188, 'link_pos': [365, 433]}
2026-05-30 10:12:45,946 WARNING games.zelda.policy: Low health | health_ratio=0.19 | task=Task(name='get_wooden_sword')
2026-05-30 10:12:46,072 INFO __main__: link_blobs={'region': None, 'blobs_found': 3, 'mask_coverage': 0.0037}
2026-05-30 10:12:46,072 INFO __main__: state={'hearts_full': 3, 'hearts_half': 0, 'health_ratio': 0.188, 'link_pos': [365, 433]}
2026-05-30 10:12:46,072 WARNING games.zelda.policy: Low health | health_ratio=0.19 | task=Task(name='get_wooden_sword')
2026-05-30 10:12:46,222 INFO __main__: link_blobs={'region': None, 'blobs_found': 3, 'mask_coverage': 0.0037}
2026-05-30 10:12:46,222 INFO __main__: state={'hearts_full': 3, 'hearts_half': 0, 'health_ratio': 0.188, 'link_pos': [365, 433]}
2026-05-30 10:12:46,222 WARNING games.zelda.policy: Low health | health_ratio=0.19 | task=Task(name='get_wooden_sword')
2026-05-30 10:12:46,356 INFO __main__: link_blobs={'region': None, 'blobs_found': 3, 'mask_coverage': 0.0037}
2026-05-30 10:12:46,356 INFO __main__: state={'hearts_full': 3, 'hearts_half': 0, 'health_ratio': 0.188, 'link_pos': [365, 433]}
2026-05-30 10:12:46,356 WARNING games.zelda.policy: Low health | health_ratio=0.19 | task=Task(name='get_wooden_sword')
2026-05-30 10:12:46,493 INFO __main__: link_blobs={'region': None, 'blobs_found': 3, 'mask_coverage': 0.0037}
2026-05-30 10:12:46,493 INFO __main__: state={'hearts_full': 3, 'hearts_half': 0, 'health_ratio': 0.188, 'link_pos': [365, 433]}
2026-05-30 10:12:46,493 WARNING games.zelda.policy: Low health | health_ratio=0.19 | task=Task(name='get_wooden_sword')
2026-05-30 10:12:46,640 INFO __main__: link_blobs={'region': None, 'blobs_found': 3, 'mask_coverage': 0.0037}
2026-05-30 10:12:46,640 INFO __main__: state={'hearts_full': 3, 'hearts_half': 0, 'health_ratio': 0.188, 'link_pos': [365, 433]}
2026-05-30 10:12:46,640 WARNING games.zelda.policy: Low health | health_ratio=0.19 | task=Task(name='get_wooden_sword')
2026-05-30 10:12:46,789 INFO __main__: link_blobs={'region': None, 'blobs_found': 3, 'mask_coverage': 0.0037}
2026-05-30 10:12:46,789 INFO __main__: state={'hearts_full': 3, 'hearts_half': 0, 'health_ratio': 0.188, 'link_pos': [365, 433]}
2026-05-30 10:12:46,789 WARNING games.zelda.policy: Low health | health_ratio=0.19 | task=Task(name='get_wooden_sword')
2026-05-30 10:12:46,932 INFO __main__: link_blobs={'region': None, 'blobs_found': 3, 'mask_coverage': 0.0037}
2026-05-30 10:12:46,932 INFO __main__: state={'hearts_full': 3, 'hearts_half': 0, 'health_ratio': 0.188, 'link_pos': [365, 433]}
2026-05-30 10:12:46,932 WARNING games.zelda.policy: Low health | health_ratio=0.19 | task=Task(name='get_wooden_sword')
2026-05-30 10:12:47,070 INFO __main__: link_blobs={'region': None, 'blobs_found': 3, 'mask_coverage': 0.0037}
2026-05-30 10:12:47,070 INFO __main__: state={'hearts_full': 3, 'hearts_half': 0, 'health_ratio': 0.188, 'link_pos': [365, 433]}
2026-05-30 10:12:47,070 WARNING games.zelda.policy: Low health | health_ratio=0.19 | task=Task(name='get_wooden_sword')
2026-05-30 10:12:47,221 INFO __main__: link_blobs={'region': None, 'blobs_found': 3, 'mask_coverage': 0.0037}
2026-05-30 10:12:47,221 INFO __main__: state={'hearts_full': 3, 'hearts_half': 0, 'health_ratio': 0.188, 'link_pos': [365, 433]}
2026-05-30 10:12:47,221 WARNING games.zelda.policy: Low health | health_ratio=0.19 | task=Task(name='get_wooden_sword')
2026-05-30 10:12:47,372 INFO __main__: link_blobs={'region': None, 'blobs_found': 3, 'mask_coverage': 0.0037}
2026-05-30 10:12:47,372 INFO __main__: state={'hearts_full': 3, 'hearts_half': 0, 'health_ratio': 0.188, 'link_pos': [365, 433]}
2026-05-30 10:12:47,372 WARNING games.zelda.policy: Low health | health_ratio=0.19 | task=Task(name='get_wooden_sword')
2026-05-30 10:12:47,530 INFO __main__: link_blobs={'region': None, 'blobs_found': 3, 'mask_coverage': 0.0037}
2026-05-30 10:12:47,530 INFO __main__: state={'hearts_full': 3, 'hearts_half': 0, 'health_ratio': 0.188, 'link_pos': [365, 433]}
2026-05-30 10:12:47,530 WARNING games.zelda.policy: Low health | health_ratio=0.19 | task=Task(name='get_wooden_sword')
2026-05-30 10:12:47,672 INFO __main__: link_blobs={'region': None, 'blobs_found': 3, 'mask_coverage': 0.0037}
2026-05-30 10:12:47,672 INFO __main__: state={'hearts_full': 3, 'hearts_half': 0, 'health_ratio': 0.188, 'link_pos': [365, 433]}
2026-05-30 10:12:47,672 WARNING games.zelda.policy: Low health | health_ratio=0.19 | task=Task(name='get_wooden_sword')
2026-05-30 10:12:47,831 INFO __main__: link_blobs={'region': None, 'blobs_found': 3, 'mask_coverage': 0.0037}
2026-05-30 10:12:47,831 INFO __main__: state={'hearts_full': 3, 'hearts_half': 0, 'health_ratio': 0.188, 'link_pos': [365, 433]}
2026-05-30 10:12:47,831 WARNING games.zelda.policy: Low health | health_ratio=0.19 | task=Task(name='get_wooden_sword')
2026-05-30 10:12:47,976 INFO __main__: link_blobs={'region': None, 'blobs_found': 3, 'mask_coverage': 0.0037}
2026-05-30 10:12:47,976 INFO __main__: state={'hearts_full': 3, 'hearts_half': 0, 'health_ratio': 0.188, 'link_pos': [365, 433]}
2026-05-30 10:12:47,976 WARNING games.zelda.policy: Low health | health_ratio=0.19 | task=Task(name='get_wooden_sword')
2026-05-30 10:12:48,122 INFO __main__: link_blobs={'region': None, 'blobs_found': 3, 'mask_coverage': 0.0037}
2026-05-30 10:12:48,122 INFO __main__: state={'hearts_full': 3, 'hearts_half': 0, 'health_ratio': 0.188, 'link_pos': [365, 433]}
2026-05-30 10:12:48,122 WARNING games.zelda.policy: Low health | health_ratio=0.19 | task=Task(name='get_wooden_sword')
2026-05-30 10:12:48,259 INFO __main__: link_blobs={'region': None, 'blobs_found': 3, 'mask_coverage': 0.0037}
2026-05-30 10:12:48,259 INFO __main__: state={'hearts_full': 3, 'hearts_half': 0, 'health_ratio': 0.188, 'link_pos': [365, 433]}
2026-05-30 10:12:48,259 WARNING games.zelda.policy: Low health | health_ratio=0.19 | task=Task(name='get_wooden_sword')
2026-05-30 10:12:48,407 INFO __main__: link_blobs={'region': None, 'blobs_found': 3, 'mask_coverage': 0.0037}
2026-05-30 10:12:48,407 INFO __main__: state={'hearts_full': 3, 'hearts_half': 0, 'health_ratio': 0.188, 'link_pos': [365, 433]}
2026-05-30 10:12:48,407 WARNING games.zelda.policy: Low health | health_ratio=0.19 | task=Task(name='get_wooden_sword')
2026-05-30 10:12:48,546 INFO __main__: link_blobs={'region': None, 'blobs_found': 3, 'mask_coverage': 0.0037}
2026-05-30 10:12:48,546 INFO __main__: state={'hearts_full': 3, 'hearts_half': 0, 'health_ratio': 0.188, 'link_pos': [365, 433]}
2026-05-30 10:12:48,546 WARNING games.zelda.policy: Low health | health_ratio=0.19 | task=Task(name='get_wooden_sword')
2026-05-30 10:12:48,689 INFO __main__: link_blobs={'region': None, 'blobs_found': 3, 'mask_coverage': 0.0037}
2026-05-30 10:12:48,689 INFO __main__: state={'hearts_full': 3, 'hearts_half': 0, 'health_ratio': 0.188, 'link_pos': [365, 433]}
2026-05-30 10:12:48,689 WARNING games.zelda.policy: Low health | health_ratio=0.19 | task=Task(name='get_wooden_sword')
2026-05-30 10:12:48,828 INFO __main__: link_blobs={'region': None, 'blobs_found': 3, 'mask_coverage': 0.0037}
2026-05-30 10:12:48,828 INFO __main__: state={'hearts_full': 3, 'hearts_half': 0, 'health_ratio': 0.188, 'link_pos': [365, 433]}
2026-05-30 10:12:48,828 WARNING games.zelda.policy: Low health | health_ratio=0.19 | task=Task(name='get_wooden_sword')
2026-05-30 10:12:48,976 INFO __main__: link_blobs={'region': None, 'blobs_found': 3, 'mask_coverage': 0.0037}
2026-05-30 10:12:48,976 INFO __main__: state={'hearts_full': 3, 'hearts_half': 0, 'health_ratio': 0.188, 'link_pos': [365, 433]}
2026-05-30 10:12:48,976 WARNING games.zelda.policy: Low health | health_ratio=0.19 | task=Task(name='get_wooden_sword')
2026-05-30 10:12:49,107 INFO __main__: link_blobs={'region': None, 'blobs_found': 3, 'mask_coverage': 0.0037}
2026-05-30 10:12:49,107 INFO __main__: state={'hearts_full': 3, 'hearts_half': 0, 'health_ratio': 0.188, 'link_pos': [365, 433]}
2026-05-30 10:12:49,107 WARNING games.zelda.policy: Low health | health_ratio=0.19 | task=Task(name='get_wooden_sword')
2026-05-30 10:12:49,256 INFO __main__: link_blobs={'region': None, 'blobs_found': 3, 'mask_coverage': 0.0037}
2026-05-30 10:12:49,256 INFO __main__: state={'hearts_full': 3, 'hearts_half': 0, 'health_ratio': 0.188, 'link_pos': [365, 433]}
2026-05-30 10:12:49,256 WARNING games.zelda.policy: Low health | health_ratio=0.19 | task=Task(name='get_wooden_sword')
2026-05-30 10:12:49,411 INFO __main__: link_blobs={'region': None, 'blobs_found': 3, 'mask_coverage': 0.0037}
2026-05-30 10:12:49,411 INFO __main__: state={'hearts_full': 3, 'hearts_half': 0, 'health_ratio': 0.188, 'link_pos': [365, 433]}
2026-05-30 10:12:49,411 WARNING games.zelda.policy: Low health | health_ratio=0.19 | task=Task(name='get_wooden_sword')
2026-05-30 10:12:49,559 INFO __main__: link_blobs={'region': None, 'blobs_found': 3, 'mask_coverage': 0.0037}
2026-05-30 10:12:49,559 INFO __main__: state={'hearts_full': 3, 'hearts_half': 0, 'health_ratio': 0.188, 'link_pos': [365, 433]}
2026-05-30 10:12:49,559 WARNING games.zelda.policy: Low health | health_ratio=0.19 | task=Task(name='get_wooden_sword')
2026-05-30 10:12:49,696 INFO __main__: link_blobs={'region': None, 'blobs_found': 3, 'mask_coverage': 0.0037}
2026-05-30 10:12:49,696 INFO __main__: state={'hearts_full': 3, 'hearts_half': 0, 'health_ratio': 0.188, 'link_pos': [365, 433]}
2026-05-30 10:12:49,696 WARNING games.zelda.policy: Low health | health_ratio=0.19 | task=Task(name='get_wooden_sword')
2026-05-30 10:12:49,841 INFO __main__: link_blobs={'region': None, 'blobs_found': 3, 'mask_coverage': 0.0037}
2026-05-30 10:12:49,841 INFO __main__: state={'hearts_full': 3, 'hearts_half': 0, 'health_ratio': 0.188, 'link_pos': [365, 433]}
2026-05-30 10:12:49,841 WARNING games.zelda.policy: Low health | health_ratio=0.19 | task=Task(name='get_wooden_sword')
2026-05-30 10:12:49,980 INFO __main__: link_blobs={'region': None, 'blobs_found': 3, 'mask_coverage': 0.0037}
2026-05-30 10:12:49,980 INFO __main__: state={'hearts_full': 3, 'hearts_half': 0, 'health_ratio': 0.188, 'link_pos': [365, 433]}
2026-05-30 10:12:49,980 WARNING games.zelda.policy: Low health | health_ratio=0.19 | task=Task(name='get_wooden_sword')
2026-05-30 10:12:50,128 INFO __main__: link_blobs={'region': None, 'blobs_found': 3, 'mask_coverage': 0.0037}
2026-05-30 10:12:50,128 INFO __main__: state={'hearts_full': 3, 'hearts_half': 0, 'health_ratio': 0.188, 'link_pos': [365, 433]}
2026-05-30 10:12:50,128 WARNING games.zelda.policy: Low health | health_ratio=0.19 | task=Task(name='get_wooden_sword')
2026-05-30 10:12:50,257 INFO __main__: link_blobs={'region': None, 'blobs_found': 3, 'mask_coverage': 0.0037}
2026-05-30 10:12:50,257 INFO __main__: state={'hearts_full': 3, 'hearts_half': 0, 'health_ratio': 0.188, 'link_pos': [365, 433]}
2026-05-30 10:12:50,257 WARNING games.zelda.policy: Low health | health_ratio=0.19 | task=Task(name='get_wooden_sword')
2026-05-30 10:12:50,392 INFO __main__: link_blobs={'region': None, 'blobs_found': 3, 'mask_coverage': 0.0037}
2026-05-30 10:12:50,392 INFO __main__: state={'hearts_full': 3, 'hearts_half': 0, 'health_ratio': 0.188, 'link_pos': [365, 433]}
2026-05-30 10:12:50,392 WARNING games.zelda.policy: Low health | health_ratio=0.19 | task=Task(name='get_wooden_sword')
2026-05-30 10:12:50,541 INFO __main__: link_blobs={'region': None, 'blobs_found': 3, 'mask_coverage': 0.0037}
2026-05-30 10:12:50,541 INFO __main__: state={'hearts_full': 3, 'hearts_half': 0, 'health_ratio': 0.188, 'link_pos': [365, 433]}
2026-05-30 10:12:50,541 WARNING games.zelda.policy: Low health | health_ratio=0.19 | task=Task(name='get_wooden_sword')
2026-05-30 10:12:50,693 INFO __main__: link_blobs={'region': None, 'blobs_found': 3, 'mask_coverage': 0.0037}
2026-05-30 10:12:50,693 INFO __main__: state={'hearts_full': 3, 'hearts_half': 0, 'health_ratio': 0.188, 'link_pos': [365, 433]}
2026-05-30 10:12:50,693 WARNING games.zelda.policy: Low health | health_ratio=0.19 | task=Task(name='get_wooden_sword')
2026-05-30 10:12:50,841 INFO __main__: link_blobs={'region': None, 'blobs_found': 3, 'mask_coverage': 0.0037}
2026-05-30 10:12:50,841 INFO __main__: state={'hearts_full': 3, 'hearts_half': 0, 'health_ratio': 0.188, 'link_pos': [365, 433]}
2026-05-30 10:12:50,841 WARNING games.zelda.policy: Low health | health_ratio=0.19 | task=Task(name='get_wooden_sword')
2026-05-30 10:12:50,972 INFO __main__: link_blobs={'region': None, 'blobs_found': 3, 'mask_coverage': 0.0037}
2026-05-30 10:12:50,972 INFO __main__: state={'hearts_full': 3, 'hearts_half': 0, 'health_ratio': 0.188, 'link_pos': [365, 433]}
2026-05-30 10:12:50,972 WARNING games.zelda.policy: Low health | health_ratio=0.19 | task=Task(name='get_wooden_sword')
2026-05-30 10:12:51,126 INFO __main__: link_blobs={'region': None, 'blobs_found': 3, 'mask_coverage': 0.0037}
2026-05-30 10:12:51,126 INFO __main__: state={'hearts_full': 3, 'hearts_half': 0, 'health_ratio': 0.188, 'link_pos': [365, 433]}
2026-05-30 10:12:51,126 WARNING games.zelda.policy: Low health | health_ratio=0.19 | task=Task(name='get_wooden_sword')
2026-05-30 10:12:51,278 INFO __main__: link_blobs={'region': None, 'blobs_found': 3, 'mask_coverage': 0.0037}
2026-05-30 10:12:51,278 INFO __main__: state={'hearts_full': 3, 'hearts_half': 0, 'health_ratio': 0.188, 'link_pos': [365, 433]}
2026-05-30 10:12:51,278 WARNING games.zelda.policy: Low health | health_ratio=0.19 | task=Task(name='get_wooden_sword')
2026-05-30 10:12:51,407 INFO __main__: link_blobs={'region': None, 'blobs_found': 3, 'mask_coverage': 0.0037}
2026-05-30 10:12:51,407 INFO __main__: state={'hearts_full': 3, 'hearts_half': 0, 'health_ratio': 0.188, 'link_pos': [365, 433]}
2026-05-30 10:12:51,407 WARNING games.zelda.policy: Low health | health_ratio=0.19 | task=Task(name='get_wooden_sword')
2026-05-30 10:12:51,544 INFO __main__: link_blobs={'region': None, 'blobs_found': 3, 'mask_coverage': 0.0037}
2026-05-30 10:12:51,544 INFO __main__: state={'hearts_full': 3, 'hearts_half': 0, 'health_ratio': 0.188, 'link_pos': [365, 433]}
2026-05-30 10:12:51,544 WARNING games.zelda.policy: Low health | health_ratio=0.19 | task=Task(name='get_wooden_sword')
2026-05-30 10:12:51,677 INFO __main__: link_blobs={'region': None, 'blobs_found': 3, 'mask_coverage': 0.0037}
2026-05-30 10:12:51,677 INFO __main__: state={'hearts_full': 3, 'hearts_half': 0, 'health_ratio': 0.188, 'link_pos': [365, 433]}
2026-05-30 10:12:51,677 WARNING games.zelda.policy: Low health | health_ratio=0.19 | task=Task(name='get_wooden_sword')
2026-05-30 10:12:51,813 INFO __main__: link_blobs={'region': None, 'blobs_found': 3, 'mask_coverage': 0.0037}
2026-05-30 10:12:51,813 INFO __main__: state={'hearts_full': 3, 'hearts_half': 0, 'health_ratio': 0.188, 'link_pos': [365, 433]}
2026-05-30 10:12:51,813 WARNING games.zelda.policy: Low health | health_ratio=0.19 | task=Task(name='get_wooden_sword')
2026-05-30 10:12:51,956 INFO __main__: link_blobs={'region': None, 'blobs_found': 3, 'mask_coverage': 0.0037}
2026-05-30 10:12:51,956 INFO __main__: state={'hearts_full': 3, 'hearts_half': 0, 'health_ratio': 0.188, 'link_pos': [365, 433]}
2026-05-30 10:12:51,956 WARNING games.zelda.policy: Low health | health_ratio=0.19 | task=Task(name='get_wooden_sword')
2026-05-30 10:12:52,089 INFO __main__: link_blobs={'region': None, 'blobs_found': 3, 'mask_coverage': 0.0037}
2026-05-30 10:12:52,089 INFO __main__: state={'hearts_full': 3, 'hearts_half': 0, 'health_ratio': 0.188, 'link_pos': [365, 433]}
2026-05-30 10:12:52,089 WARNING games.zelda.policy: Low health | health_ratio=0.19 | task=Task(name='get_wooden_sword')
2026-05-30 10:12:52,226 INFO __main__: link_blobs={'region': None, 'blobs_found': 3, 'mask_coverage': 0.0037}
2026-05-30 10:12:52,226 INFO __main__: state={'hearts_full': 3, 'hearts_half': 0, 'health_ratio': 0.188, 'link_pos': [365, 433]}
2026-05-30 10:12:52,226 WARNING games.zelda.policy: Low health | health_ratio=0.19 | task=Task(name='get_wooden_sword')
2026-05-30 10:12:52,378 INFO __main__: link_blobs={'region': None, 'blobs_found': 3, 'mask_coverage': 0.0037}
2026-05-30 10:12:52,378 INFO __main__: state={'hearts_full': 3, 'hearts_half': 0, 'health_ratio': 0.188, 'link_pos': [365, 433]}
2026-05-30 10:12:52,378 WARNING games.zelda.policy: Low health | health_ratio=0.19 | task=Task(name='get_wooden_sword')
2026-05-30 10:12:52,507 INFO __main__: link_blobs={'region': None, 'blobs_found': 3, 'mask_coverage': 0.0037}
2026-05-30 10:12:52,507 INFO __main__: state={'hearts_full': 3, 'hearts_half': 0, 'health_ratio': 0.188, 'link_pos': [365, 433]}
2026-05-30 10:12:52,507 WARNING games.zelda.policy: Low health | health_ratio=0.19 | task=Task(name='get_wooden_sword')
2026-05-30 10:12:52,660 INFO __main__: link_blobs={'region': None, 'blobs_found': 3, 'mask_coverage': 0.0037}
2026-05-30 10:12:52,660 INFO __main__: state={'hearts_full': 3, 'hearts_half': 0, 'health_ratio': 0.188, 'link_pos': [365, 433]}
2026-05-30 10:12:52,660 WARNING games.zelda.policy: Low health | health_ratio=0.19 | task=Task(name='get_wooden_sword')
2026-05-30 10:12:52,796 INFO __main__: link_blobs={'region': None, 'blobs_found': 3, 'mask_coverage': 0.0037}
2026-05-30 10:12:52,796 INFO __main__: state={'hearts_full': 3, 'hearts_half': 0, 'health_ratio': 0.188, 'link_pos': [365, 433]}
2026-05-30 10:12:52,796 WARNING games.zelda.policy: Low health | health_ratio=0.19 | task=Task(name='get_wooden_sword')
2026-05-30 10:12:52,936 INFO __main__: link_blobs={'region': None, 'blobs_found': 3, 'mask_coverage': 0.0037}
2026-05-30 10:12:52,936 INFO __main__: state={'hearts_full': 3, 'hearts_half': 0, 'health_ratio': 0.188, 'link_pos': [365, 433]}
2026-05-30 10:12:52,936 WARNING games.zelda.policy: Low health | health_ratio=0.19 | task=Task(name='get_wooden_sword')
2026-05-30 10:12:53,076 INFO __main__: link_blobs={'region': None, 'blobs_found': 3, 'mask_coverage': 0.0037}
2026-05-30 10:12:53,076 INFO __main__: state={'hearts_full': 3, 'hearts_half': 0, 'health_ratio': 0.188, 'link_pos': [365, 433]}
2026-05-30 10:12:53,076 WARNING games.zelda.policy: Low health | health_ratio=0.19 | task=Task(name='get_wooden_sword')
2026-05-30 10:12:53,220 INFO __main__: link_blobs={'region': None, 'blobs_found': 3, 'mask_coverage': 0.0037}
2026-05-30 10:12:53,220 INFO __main__: state={'hearts_full': 3, 'hearts_half': 0, 'health_ratio': 0.188, 'link_pos': [365, 433]}
2026-05-30 10:12:53,220 WARNING games.zelda.policy: Low health | health_ratio=0.19 | task=Task(name='get_wooden_sword')
2026-05-30 10:12:53,358 INFO __main__: link_blobs={'region': None, 'blobs_found': 3, 'mask_coverage': 0.0037}
2026-05-30 10:12:53,358 INFO __main__: state={'hearts_full': 3, 'hearts_half': 0, 'health_ratio': 0.188, 'link_pos': [365, 433]}
2026-05-30 10:12:53,358 WARNING games.zelda.policy: Low health | health_ratio=0.19 | task=Task(name='get_wooden_sword')
2026-05-30 10:12:53,511 INFO __main__: link_blobs={'region': None, 'blobs_found': 3, 'mask_coverage': 0.0037}
2026-05-30 10:12:53,511 INFO __main__: state={'hearts_full': 3, 'hearts_half': 0, 'health_ratio': 0.188, 'link_pos': [365, 433]}
2026-05-30 10:12:53,511 WARNING games.zelda.policy: Low health | health_ratio=0.19 | task=Task(name='get_wooden_sword')
2026-05-30 10:12:53,641 INFO __main__: link_blobs={'region': None, 'blobs_found': 3, 'mask_coverage': 0.0037}
2026-05-30 10:12:53,641 INFO __main__: state={'hearts_full': 3, 'hearts_half': 0, 'health_ratio': 0.188, 'link_pos': [365, 433]}
2026-05-30 10:12:53,641 WARNING games.zelda.policy: Low health | health_ratio=0.19 | task=Task(name='get_wooden_sword')
2026-05-30 10:12:53,789 INFO __main__: link_blobs={'region': None, 'blobs_found': 3, 'mask_coverage': 0.0037}
2026-05-30 10:12:53,789 INFO __main__: state={'hearts_full': 3, 'hearts_half': 0, 'health_ratio': 0.188, 'link_pos': [365, 433]}
2026-05-30 10:12:53,789 WARNING games.zelda.policy: Low health | health_ratio=0.19 | task=Task(name='get_wooden_sword')
2026-05-30 10:12:53,927 INFO __main__: link_blobs={'region': None, 'blobs_found': 3, 'mask_coverage': 0.0037}
2026-05-30 10:12:53,927 INFO __main__: state={'hearts_full': 3, 'hearts_half': 0, 'health_ratio': 0.188, 'link_pos': [365, 433]}
2026-05-30 10:12:53,936 WARNING games.zelda.policy: Low health | health_ratio=0.19 | task=Task(name='get_wooden_sword')
2026-05-30 10:12:54,072 INFO __main__: link_blobs={'region': None, 'blobs_found': 3, 'mask_coverage': 0.0037}
2026-05-30 10:12:54,072 INFO __main__: state={'hearts_full': 3, 'hearts_half': 0, 'health_ratio': 0.188, 'link_pos': [365, 433]}
2026-05-30 10:12:54,072 WARNING games.zelda.policy: Low health | health_ratio=0.19 | task=Task(name='get_wooden_sword')
2026-05-30 10:12:54,206 INFO __main__: link_blobs={'region': None, 'blobs_found': 3, 'mask_coverage': 0.0037}
2026-05-30 10:12:54,206 INFO __main__: state={'hearts_full': 3, 'hearts_half': 0, 'health_ratio': 0.188, 'link_pos': [365, 433]}
2026-05-30 10:12:54,206 WARNING games.zelda.policy: Low health | health_ratio=0.19 | task=Task(name='get_wooden_sword')
2026-05-30 10:12:54,350 INFO __main__: link_blobs={'region': None, 'blobs_found': 3, 'mask_coverage': 0.0037}
2026-05-30 10:12:54,350 INFO __main__: state={'hearts_full': 3, 'hearts_half': 0, 'health_ratio': 0.188, 'link_pos': [365, 433]}
2026-05-30 10:12:54,350 WARNING games.zelda.policy: Low health | health_ratio=0.19 | task=Task(name='get_wooden_sword')
2026-05-30 10:12:54,490 INFO __main__: link_blobs={'region': None, 'blobs_found': 3, 'mask_coverage': 0.0037}
2026-05-30 10:12:54,492 INFO __main__: state={'hearts_full': 3, 'hearts_half': 0, 'health_ratio': 0.188, 'link_pos': [365, 433]}
2026-05-30 10:12:54,492 WARNING games.zelda.policy: Low health | health_ratio=0.19 | task=Task(name='get_wooden_sword')
2026-05-30 10:12:54,639 INFO __main__: link_blobs={'region': None, 'blobs_found': 3, 'mask_coverage': 0.0037}
2026-05-30 10:12:54,639 INFO __main__: state={'hearts_full': 3, 'hearts_half': 0, 'health_ratio': 0.188, 'link_pos': [365, 433]}
2026-05-30 10:12:54,639 WARNING games.zelda.policy: Low health | health_ratio=0.19 | task=Task(name='get_wooden_sword')
2026-05-30 10:12:54,766 INFO __main__: link_blobs={'region': None, 'blobs_found': 3, 'mask_coverage': 0.0037}
2026-05-30 10:12:54,766 INFO __main__: state={'hearts_full': 3, 'hearts_half': 0, 'health_ratio': 0.188, 'link_pos': [365, 433]}
2026-05-30 10:12:54,766 WARNING games.zelda.policy: Low health | health_ratio=0.19 | task=Task(name='get_wooden_sword')
2026-05-30 10:12:54,928 INFO __main__: link_blobs={'region': None, 'blobs_found': 3, 'mask_coverage': 0.0037}
2026-05-30 10:12:54,928 INFO __main__: state={'hearts_full': 3, 'hearts_half': 0, 'health_ratio': 0.188, 'link_pos': [365, 433]}
2026-05-30 10:12:54,928 WARNING games.zelda.policy: Low health | health_ratio=0.19 | task=Task(name='get_wooden_sword')
2026-05-30 10:12:55,062 INFO __main__: link_blobs={'region': None, 'blobs_found': 3, 'mask_coverage': 0.0037}
2026-05-30 10:12:55,062 INFO __main__: state={'hearts_full': 3, 'hearts_half': 0, 'health_ratio': 0.188, 'link_pos': [365, 433]}
2026-05-30 10:12:55,062 WARNING games.zelda.policy: Low health | health_ratio=0.19 | task=Task(name='get_wooden_sword')
2026-05-30 10:12:55,190 INFO __main__: link_blobs={'region': None, 'blobs_found': 3, 'mask_coverage': 0.0037}
2026-05-30 10:12:55,190 INFO __main__: state={'hearts_full': 3, 'hearts_half': 0, 'health_ratio': 0.188, 'link_pos': [365, 433]}
2026-05-30 10:12:55,190 WARNING games.zelda.policy: Low health | health_ratio=0.19 | task=Task(name='get_wooden_sword')
2026-05-30 10:12:55,345 INFO __main__: link_blobs={'region': None, 'blobs_found': 3, 'mask_coverage': 0.0037}
2026-05-30 10:12:55,345 INFO __main__: state={'hearts_full': 3, 'hearts_half': 0, 'health_ratio': 0.188, 'link_pos': [365, 433]}
2026-05-30 10:12:55,345 WARNING games.zelda.policy: Low health | health_ratio=0.19 | task=Task(name='get_wooden_sword')
2026-05-30 10:12:55,496 INFO __main__: link_blobs={'region': None, 'blobs_found': 3, 'mask_coverage': 0.0037}
2026-05-30 10:12:55,496 INFO __main__: state={'hearts_full': 3, 'hearts_half': 0, 'health_ratio': 0.188, 'link_pos': [365, 433]}
2026-05-30 10:12:55,496 WARNING games.zelda.policy: Low health | health_ratio=0.19 | task=Task(name='get_wooden_sword')
2026-05-30 10:12:55,627 INFO __main__: link_blobs={'region': None, 'blobs_found': 3, 'mask_coverage': 0.0037}
2026-05-30 10:12:55,627 INFO __main__: state={'hearts_full': 3, 'hearts_half': 0, 'health_ratio': 0.188, 'link_pos': [365, 433]}
2026-05-30 10:12:55,627 WARNING games.zelda.policy: Low health | health_ratio=0.19 | task=Task(name='get_wooden_sword')
2026-05-30 10:12:55,773 INFO __main__: link_blobs={'region': None, 'blobs_found': 3, 'mask_coverage': 0.0037}
2026-05-30 10:12:55,773 INFO __main__: state={'hearts_full': 3, 'hearts_half': 0, 'health_ratio': 0.188, 'link_pos': [365, 433]}
2026-05-30 10:12:55,773 WARNING games.zelda.policy: Low health | health_ratio=0.19 | task=Task(name='get_wooden_sword')
2026-05-30 10:12:55,911 INFO __main__: link_blobs={'region': None, 'blobs_found': 3, 'mask_coverage': 0.0037}
2026-05-30 10:12:55,911 INFO __main__: state={'hearts_full': 3, 'hearts_half': 0, 'health_ratio': 0.188, 'link_pos': [365, 433]}
2026-05-30 10:12:55,911 WARNING games.zelda.policy: Low health | health_ratio=0.19 | task=Task(name='get_wooden_sword')
2026-05-30 10:12:56,062 INFO __main__: link_blobs={'region': None, 'blobs_found': 3, 'mask_coverage': 0.0037}
2026-05-30 10:12:56,062 INFO __main__: state={'hearts_full': 3, 'hearts_half': 0, 'health_ratio': 0.188, 'link_pos': [365, 433]}
2026-05-30 10:12:56,062 WARNING games.zelda.policy: Low health | health_ratio=0.19 | task=Task(name='get_wooden_sword')
2026-05-30 10:12:56,206 INFO __main__: link_blobs={'region': None, 'blobs_found': 3, 'mask_coverage': 0.0037}
2026-05-30 10:12:56,206 INFO __main__: state={'hearts_full': 3, 'hearts_half': 0, 'health_ratio': 0.188, 'link_pos': [365, 433]}
2026-05-30 10:12:56,206 WARNING games.zelda.policy: Low health | health_ratio=0.19 | task=Task(name='get_wooden_sword')
2026-05-30 10:12:56,343 INFO __main__: link_blobs={'region': None, 'blobs_found': 3, 'mask_coverage': 0.0037}
2026-05-30 10:12:56,343 INFO __main__: state={'hearts_full': 3, 'hearts_half': 0, 'health_ratio': 0.188, 'link_pos': [365, 433]}
2026-05-30 10:12:56,343 WARNING games.zelda.policy: Low health | health_ratio=0.19 | task=Task(name='get_wooden_sword')
2026-05-30 10:12:56,476 INFO __main__: link_blobs={'region': None, 'blobs_found': 3, 'mask_coverage': 0.0037}
2026-05-30 10:12:56,476 INFO __main__: state={'hearts_full': 3, 'hearts_half': 0, 'health_ratio': 0.188, 'link_pos': [365, 433]}
2026-05-30 10:12:56,476 WARNING games.zelda.policy: Low health | health_ratio=0.19 | task=Task(name='get_wooden_sword')
2026-05-30 10:12:56,622 INFO __main__: link_blobs={'region': None, 'blobs_found': 3, 'mask_coverage': 0.0037}
2026-05-30 10:12:56,622 INFO __main__: state={'hearts_full': 3, 'hearts_half': 0, 'health_ratio': 0.188, 'link_pos': [365, 433]}
2026-05-30 10:12:56,622 WARNING games.zelda.policy: Low health | health_ratio=0.19 | task=Task(name='get_wooden_sword')
2026-05-30 10:12:56,773 INFO __main__: link_blobs={'region': None, 'blobs_found': 3, 'mask_coverage': 0.0037}
2026-05-30 10:12:56,773 INFO __main__: state={'hearts_full': 3, 'hearts_half': 0, 'health_ratio': 0.188, 'link_pos': [365, 433]}
2026-05-30 10:12:56,773 WARNING games.zelda.policy: Low health | health_ratio=0.19 | task=Task(name='get_wooden_sword')
2026-05-30 10:12:56,909 INFO __main__: link_blobs={'region': None, 'blobs_found': 3, 'mask_coverage': 0.0037}
2026-05-30 10:12:56,909 INFO __main__: state={'hearts_full': 3, 'hearts_half': 0, 'health_ratio': 0.188, 'link_pos': [365, 433]}
2026-05-30 10:12:56,909 WARNING games.zelda.policy: Low health | health_ratio=0.19 | task=Task(name='get_wooden_sword')
2026-05-30 10:12:57,059 INFO __main__: link_blobs={'region': None, 'blobs_found': 3, 'mask_coverage': 0.0037}
2026-05-30 10:12:57,059 INFO __main__: state={'hearts_full': 3, 'hearts_half': 0, 'health_ratio': 0.188, 'link_pos': [365, 433]}
2026-05-30 10:12:57,059 WARNING games.zelda.policy: Low health | health_ratio=0.19 | task=Task(name='get_wooden_sword')
2026-05-30 10:12:57,210 INFO __main__: link_blobs={'region': None, 'blobs_found': 3, 'mask_coverage': 0.0037}
2026-05-30 10:12:57,210 INFO __main__: state={'hearts_full': 3, 'hearts_half': 0, 'health_ratio': 0.188, 'link_pos': [365, 433]}
2026-05-30 10:12:57,210 WARNING games.zelda.policy: Low health | health_ratio=0.19 | task=Task(name='get_wooden_sword')
2026-05-30 10:12:57,359 INFO __main__: link_blobs={'region': None, 'blobs_found': 3, 'mask_coverage': 0.0037}
2026-05-30 10:12:57,359 INFO __main__: state={'hearts_full': 3, 'hearts_half': 0, 'health_ratio': 0.188, 'link_pos': [365, 433]}
2026-05-30 10:12:57,359 WARNING games.zelda.policy: Low health | health_ratio=0.19 | task=Task(name='get_wooden_sword')
2026-05-30 10:12:57,496 INFO __main__: link_blobs={'region': None, 'blobs_found': 3, 'mask_coverage': 0.0037}
2026-05-30 10:12:57,496 INFO __main__: state={'hearts_full': 3, 'hearts_half': 0, 'health_ratio': 0.188, 'link_pos': [365, 433]}
2026-05-30 10:12:57,496 WARNING games.zelda.policy: Low health | health_ratio=0.19 | task=Task(name='get_wooden_sword')
2026-05-30 10:12:57,624 INFO __main__: link_blobs={'region': None, 'blobs_found': 3, 'mask_coverage': 0.0037}
2026-05-30 10:12:57,624 INFO __main__: state={'hearts_full': 3, 'hearts_half': 0, 'health_ratio': 0.188, 'link_pos': [365, 433]}
2026-05-30 10:12:57,624 WARNING games.zelda.policy: Low health | health_ratio=0.19 | task=Task(name='get_wooden_sword')
2026-05-30 10:12:57,757 INFO __main__: link_blobs={'region': None, 'blobs_found': 3, 'mask_coverage': 0.0037}
2026-05-30 10:12:57,757 INFO __main__: state={'hearts_full': 3, 'hearts_half': 0, 'health_ratio': 0.188, 'link_pos': [365, 433]}
2026-05-30 10:12:57,757 WARNING games.zelda.policy: Low health | health_ratio=0.19 | task=Task(name='get_wooden_sword')
2026-05-30 10:12:57,907 INFO __main__: link_blobs={'region': None, 'blobs_found': 3, 'mask_coverage': 0.0037}
2026-05-30 10:12:57,907 INFO __main__: state={'hearts_full': 3, 'hearts_half': 0, 'health_ratio': 0.188, 'link_pos': [365, 433]}
2026-05-30 10:12:57,907 WARNING games.zelda.policy: Low health | health_ratio=0.19 | task=Task(name='get_wooden_sword')
2026-05-30 10:12:58,045 INFO __main__: link_blobs={'region': None, 'blobs_found': 3, 'mask_coverage': 0.0037}
2026-05-30 10:12:58,045 INFO __main__: state={'hearts_full': 3, 'hearts_half': 0, 'health_ratio': 0.188, 'link_pos': [365, 433]}
2026-05-30 10:12:58,045 WARNING games.zelda.policy: Low health | health_ratio=0.19 | task=Task(name='get_wooden_sword')
2026-05-30 10:12:58,178 INFO __main__: link_blobs={'region': None, 'blobs_found': 3, 'mask_coverage': 0.0037}
2026-05-30 10:12:58,178 INFO __main__: state={'hearts_full': 3, 'hearts_half': 0, 'health_ratio': 0.188, 'link_pos': [365, 433]}
2026-05-30 10:12:58,178 WARNING games.zelda.policy: Low health | health_ratio=0.19 | task=Task(name='get_wooden_sword')
2026-05-30 10:12:58,312 INFO __main__: link_blobs={'region': None, 'blobs_found': 3, 'mask_coverage': 0.0037}
2026-05-30 10:12:58,312 INFO __main__: state={'hearts_full': 3, 'hearts_half': 0, 'health_ratio': 0.188, 'link_pos': [365, 433]}
2026-05-30 10:12:58,312 WARNING games.zelda.policy: Low health | health_ratio=0.19 | task=Task(name='get_wooden_sword')
2026-05-30 10:12:58,464 INFO __main__: link_blobs={'region': None, 'blobs_found': 3, 'mask_coverage': 0.0037}
2026-05-30 10:12:58,464 INFO __main__: state={'hearts_full': 3, 'hearts_half': 0, 'health_ratio': 0.188, 'link_pos': [365, 433]}
2026-05-30 10:12:58,464 WARNING games.zelda.policy: Low health | health_ratio=0.19 | task=Task(name='get_wooden_sword')
2026-05-30 10:12:58,592 INFO __main__: link_blobs={'region': None, 'blobs_found': 3, 'mask_coverage': 0.0037}
2026-05-30 10:12:58,592 INFO __main__: state={'hearts_full': 3, 'hearts_half': 0, 'health_ratio': 0.188, 'link_pos': [365, 433]}
2026-05-30 10:12:58,592 WARNING games.zelda.policy: Low health | health_ratio=0.19 | task=Task(name='get_wooden_sword')
2026-05-30 10:12:58,728 INFO __main__: link_blobs={'region': None, 'blobs_found': 3, 'mask_coverage': 0.0037}
2026-05-30 10:12:58,728 INFO __main__: state={'hearts_full': 3, 'hearts_half': 0, 'health_ratio': 0.188, 'link_pos': [365, 433]}
2026-05-30 10:12:58,728 WARNING games.zelda.policy: Low health | health_ratio=0.19 | task=Task(name='get_wooden_sword')
2026-05-30 10:12:58,883 INFO __main__: link_blobs={'region': None, 'blobs_found': 3, 'mask_coverage': 0.0037}
2026-05-30 10:12:58,883 INFO __main__: state={'hearts_full': 3, 'hearts_half': 0, 'health_ratio': 0.188, 'link_pos': [365, 433]}
2026-05-30 10:12:58,883 WARNING games.zelda.policy: Low health | health_ratio=0.19 | task=Task(name='get_wooden_sword')
2026-05-30 10:12:59,020 INFO __main__: link_blobs={'region': None, 'blobs_found': 3, 'mask_coverage': 0.0037}
2026-05-30 10:12:59,022 INFO __main__: state={'hearts_full': 3, 'hearts_half': 0, 'health_ratio': 0.188, 'link_pos': [365, 433]}
2026-05-30 10:12:59,022 WARNING games.zelda.policy: Low health | health_ratio=0.19 | task=Task(name='get_wooden_sword')
2026-05-30 10:12:59,166 INFO __main__: link_blobs={'region': None, 'blobs_found': 3, 'mask_coverage': 0.0037}
2026-05-30 10:12:59,166 INFO __main__: state={'hearts_full': 3, 'hearts_half': 0, 'health_ratio': 0.188, 'link_pos': [365, 433]}
2026-05-30 10:12:59,166 WARNING games.zelda.policy: Low health | health_ratio=0.19 | task=Task(name='get_wooden_sword')
2026-05-30 10:12:59,310 INFO __main__: link_blobs={'region': None, 'blobs_found': 3, 'mask_coverage': 0.0037}
2026-05-30 10:12:59,310 INFO __main__: state={'hearts_full': 3, 'hearts_half': 0, 'health_ratio': 0.188, 'link_pos': [365, 433]}
2026-05-30 10:12:59,310 WARNING games.zelda.policy: Low health | health_ratio=0.19 | task=Task(name='get_wooden_sword')
2026-05-30 10:12:59,457 INFO __main__: link_blobs={'region': None, 'blobs_found': 3, 'mask_coverage': 0.0037}
2026-05-30 10:12:59,457 INFO __main__: state={'hearts_full': 3, 'hearts_half': 0, 'health_ratio': 0.188, 'link_pos': [365, 433]}
2026-05-30 10:12:59,457 WARNING games.zelda.policy: Low health | health_ratio=0.19 | task=Task(name='get_wooden_sword')
2026-05-30 10:12:59,597 INFO __main__: link_blobs={'region': None, 'blobs_found': 3, 'mask_coverage': 0.0037}
2026-05-30 10:12:59,597 INFO __main__: state={'hearts_full': 3, 'hearts_half': 0, 'health_ratio': 0.188, 'link_pos': [365, 433]}
2026-05-30 10:12:59,597 WARNING games.zelda.policy: Low health | health_ratio=0.19 | task=Task(name='get_wooden_sword')
2026-05-30 10:12:59,741 INFO __main__: link_blobs={'region': None, 'blobs_found': 3, 'mask_coverage': 0.0037}
2026-05-30 10:12:59,741 INFO __main__: state={'hearts_full': 3, 'hearts_half': 0, 'health_ratio': 0.188, 'link_pos': [365, 433]}
2026-05-30 10:12:59,741 WARNING games.zelda.policy: Low health | health_ratio=0.19 | task=Task(name='get_wooden_sword')
2026-05-30 10:12:59,878 INFO __main__: link_blobs={'region': None, 'blobs_found': 3, 'mask_coverage': 0.0037}
2026-05-30 10:12:59,878 INFO __main__: state={'hearts_full': 3, 'hearts_half': 0, 'health_ratio': 0.188, 'link_pos': [365, 433]}
2026-05-30 10:12:59,878 WARNING games.zelda.policy: Low health | health_ratio=0.19 | task=Task(name='get_wooden_sword')
2026-05-30 10:13:00,027 INFO __main__: link_blobs={'region': None, 'blobs_found': 3, 'mask_coverage': 0.0037}
2026-05-30 10:13:00,027 INFO __main__: state={'hearts_full': 3, 'hearts_half': 0, 'health_ratio': 0.188, 'link_pos': [365, 433]}
2026-05-30 10:13:00,027 WARNING games.zelda.policy: Low health | health_ratio=0.19 | task=Task(name='get_wooden_sword')
2026-05-30 10:13:00,179 INFO __main__: link_blobs={'region': None, 'blobs_found': 3, 'mask_coverage': 0.0037}
2026-05-30 10:13:00,179 INFO __main__: state={'hearts_full': 3, 'hearts_half': 0, 'health_ratio': 0.188, 'link_pos': [365, 433]}
2026-05-30 10:13:00,179 WARNING games.zelda.policy: Low health | health_ratio=0.19 | task=Task(name='get_wooden_sword')
2026-05-30 10:13:00,311 INFO __main__: link_blobs={'region': None, 'blobs_found': 3, 'mask_coverage': 0.0037}
2026-05-30 10:13:00,311 INFO __main__: state={'hearts_full': 3, 'hearts_half': 0, 'health_ratio': 0.188, 'link_pos': [365, 433]}
2026-05-30 10:13:00,311 WARNING games.zelda.policy: Low health | health_ratio=0.19 | task=Task(name='get_wooden_sword')
2026-05-30 10:13:00,439 INFO __main__: link_blobs={'region': None, 'blobs_found': 3, 'mask_coverage': 0.0037}
2026-05-30 10:13:00,439 INFO __main__: state={'hearts_full': 3, 'hearts_half': 0, 'health_ratio': 0.188, 'link_pos': [365, 433]}
2026-05-30 10:13:00,439 WARNING games.zelda.policy: Low health | health_ratio=0.19 | task=Task(name='get_wooden_sword')
2026-05-30 10:13:00,574 INFO __main__: link_blobs={'region': None, 'blobs_found': 3, 'mask_coverage': 0.0037}
2026-05-30 10:13:00,574 INFO __main__: state={'hearts_full': 3, 'hearts_half': 0, 'health_ratio': 0.188, 'link_pos': [365, 433]}
2026-05-30 10:13:00,574 WARNING games.zelda.policy: Low health | health_ratio=0.19 | task=Task(name='get_wooden_sword')
2026-05-30 10:13:00,724 INFO __main__: link_blobs={'region': None, 'blobs_found': 3, 'mask_coverage': 0.0037}
2026-05-30 10:13:00,725 INFO __main__: state={'hearts_full': 3, 'hearts_half': 0, 'health_ratio': 0.188, 'link_pos': [365, 433]}
2026-05-30 10:13:00,725 WARNING games.zelda.policy: Low health | health_ratio=0.19 | task=Task(name='get_wooden_sword')
2026-05-30 10:13:00,876 INFO __main__: link_blobs={'region': None, 'blobs_found': 3, 'mask_coverage': 0.0037}
2026-05-30 10:13:00,876 INFO __main__: state={'hearts_full': 3, 'hearts_half': 0, 'health_ratio': 0.188, 'link_pos': [365, 433]}
2026-05-30 10:13:00,876 WARNING games.zelda.policy: Low health | health_ratio=0.19 | task=Task(name='get_wooden_sword')
2026-05-30 10:13:01,020 INFO __main__: link_blobs={'region': None, 'blobs_found': 3, 'mask_coverage': 0.0037}
2026-05-30 10:13:01,020 INFO __main__: state={'hearts_full': 3, 'hearts_half': 0, 'health_ratio': 0.188, 'link_pos': [365, 433]}
2026-05-30 10:13:01,020 WARNING games.zelda.policy: Low health | health_ratio=0.19 | task=Task(name='get_wooden_sword')
2026-05-30 10:13:01,157 INFO __main__: link_blobs={'region': None, 'blobs_found': 3, 'mask_coverage': 0.0037}
2026-05-30 10:13:01,157 INFO __main__: state={'hearts_full': 3, 'hearts_half': 0, 'health_ratio': 0.188, 'link_pos': [365, 433]}
2026-05-30 10:13:01,157 WARNING games.zelda.policy: Low health | health_ratio=0.19 | task=Task(name='get_wooden_sword')
2026-05-30 10:13:01,307 INFO __main__: link_blobs={'region': None, 'blobs_found': 3, 'mask_coverage': 0.0037}
2026-05-30 10:13:01,307 INFO __main__: state={'hearts_full': 3, 'hearts_half': 0, 'health_ratio': 0.188, 'link_pos': [365, 433]}
2026-05-30 10:13:01,307 WARNING games.zelda.policy: Low health | health_ratio=0.19 | task=Task(name='get_wooden_sword')
2026-05-30 10:13:01,438 INFO __main__: link_blobs={'region': None, 'blobs_found': 3, 'mask_coverage': 0.0037}
2026-05-30 10:13:01,438 INFO __main__: state={'hearts_full': 3, 'hearts_half': 0, 'health_ratio': 0.188, 'link_pos': [365, 433]}
2026-05-30 10:13:01,438 WARNING games.zelda.policy: Low health | health_ratio=0.19 | task=Task(name='get_wooden_sword')
2026-05-30 10:13:01,589 INFO __main__: link_blobs={'region': None, 'blobs_found': 3, 'mask_coverage': 0.0037}
2026-05-30 10:13:01,589 INFO __main__: state={'hearts_full': 3, 'hearts_half': 0, 'health_ratio': 0.188, 'link_pos': [365, 433]}
2026-05-30 10:13:01,589 WARNING games.zelda.policy: Low health | health_ratio=0.19 | task=Task(name='get_wooden_sword')
2026-05-30 10:13:01,722 INFO __main__: link_blobs={'region': None, 'blobs_found': 3, 'mask_coverage': 0.0037}
2026-05-30 10:13:01,722 INFO __main__: state={'hearts_full': 3, 'hearts_half': 0, 'health_ratio': 0.188, 'link_pos': [365, 433]}
2026-05-30 10:13:01,722 WARNING games.zelda.policy: Low health | health_ratio=0.19 | task=Task(name='get_wooden_sword')
2026-05-30 10:13:01,877 INFO __main__: link_blobs={'region': None, 'blobs_found': 3, 'mask_coverage': 0.0037}
2026-05-30 10:13:01,877 INFO __main__: state={'hearts_full': 3, 'hearts_half': 0, 'health_ratio': 0.188, 'link_pos': [365, 433]}
2026-05-30 10:13:01,877 WARNING games.zelda.policy: Low health | health_ratio=0.19 | task=Task(name='get_wooden_sword')
2026-05-30 10:13:02,014 INFO __main__: link_blobs={'region': None, 'blobs_found': 3, 'mask_coverage': 0.0037}
2026-05-30 10:13:02,014 INFO __main__: state={'hearts_full': 3, 'hearts_half': 0, 'health_ratio': 0.188, 'link_pos': [365, 433]}
2026-05-30 10:13:02,014 WARNING games.zelda.policy: Low health | health_ratio=0.19 | task=Task(name='get_wooden_sword')
2026-05-30 10:13:02,147 INFO __main__: link_blobs={'region': None, 'blobs_found': 3, 'mask_coverage': 0.0037}
2026-05-30 10:13:02,147 INFO __main__: state={'hearts_full': 3, 'hearts_half': 0, 'health_ratio': 0.188, 'link_pos': [365, 433]}
2026-05-30 10:13:02,147 WARNING games.zelda.policy: Low health | health_ratio=0.19 | task=Task(name='get_wooden_sword')
2026-05-30 10:13:02,272 INFO __main__: link_blobs={'region': None, 'blobs_found': 3, 'mask_coverage': 0.0037}
2026-05-30 10:13:02,272 INFO __main__: state={'hearts_full': 3, 'hearts_half': 0, 'health_ratio': 0.188, 'link_pos': [365, 433]}
2026-05-30 10:13:02,272 WARNING games.zelda.policy: Low health | health_ratio=0.19 | task=Task(name='get_wooden_sword')
2026-05-30 10:13:02,422 INFO __main__: link_blobs={'region': None, 'blobs_found': 3, 'mask_coverage': 0.0037}
2026-05-30 10:13:02,422 INFO __main__: state={'hearts_full': 3, 'hearts_half': 0, 'health_ratio': 0.188, 'link_pos': [365, 433]}
2026-05-30 10:13:02,422 WARNING games.zelda.policy: Low health | health_ratio=0.19 | task=Task(name='get_wooden_sword')
2026-05-30 10:13:02,561 INFO __main__: link_blobs={'region': None, 'blobs_found': 3, 'mask_coverage': 0.0037}
2026-05-30 10:13:02,561 INFO __main__: state={'hearts_full': 3, 'hearts_half': 0, 'health_ratio': 0.188, 'link_pos': [365, 433]}
2026-05-30 10:13:02,561 WARNING games.zelda.policy: Low health | health_ratio=0.19 | task=Task(name='get_wooden_sword')
2026-05-30 10:13:02,697 INFO __main__: link_blobs={'region': None, 'blobs_found': 3, 'mask_coverage': 0.0037}
2026-05-30 10:13:02,697 INFO __main__: state={'hearts_full': 3, 'hearts_half': 0, 'health_ratio': 0.188, 'link_pos': [365, 433]}
2026-05-30 10:13:02,697 WARNING games.zelda.policy: Low health | health_ratio=0.19 | task=Task(name='get_wooden_sword')
2026-05-30 10:13:02,838 INFO __main__: link_blobs={'region': None, 'blobs_found': 3, 'mask_coverage': 0.0037}
2026-05-30 10:13:02,847 INFO __main__: state={'hearts_full': 3, 'hearts_half': 0, 'health_ratio': 0.188, 'link_pos': [365, 433]}
2026-05-30 10:13:02,847 WARNING games.zelda.policy: Low health | health_ratio=0.19 | task=Task(name='get_wooden_sword')
2026-05-30 10:13:02,988 INFO __main__: link_blobs={'region': None, 'blobs_found': 3, 'mask_coverage': 0.0037}
2026-05-30 10:13:02,988 INFO __main__: state={'hearts_full': 3, 'hearts_half': 0, 'health_ratio': 0.188, 'link_pos': [365, 433]}
2026-05-30 10:13:02,988 WARNING games.zelda.policy: Low health | health_ratio=0.19 | task=Task(name='get_wooden_sword')
2026-05-30 10:13:03,139 INFO __main__: link_blobs={'region': None, 'blobs_found': 3, 'mask_coverage': 0.0037}
2026-05-30 10:13:03,139 INFO __main__: state={'hearts_full': 3, 'hearts_half': 0, 'health_ratio': 0.188, 'link_pos': [365, 433]}
2026-05-30 10:13:03,139 WARNING games.zelda.policy: Low health | health_ratio=0.19 | task=Task(name='get_wooden_sword')
2026-05-30 10:13:03,277 INFO __main__: link_blobs={'region': None, 'blobs_found': 3, 'mask_coverage': 0.0037}
2026-05-30 10:13:03,277 INFO __main__: state={'hearts_full': 3, 'hearts_half': 0, 'health_ratio': 0.188, 'link_pos': [365, 433]}
2026-05-30 10:13:03,277 WARNING games.zelda.policy: Low health | health_ratio=0.19 | task=Task(name='get_wooden_sword')
2026-05-30 10:13:03,427 INFO __main__: link_blobs={'region': None, 'blobs_found': 3, 'mask_coverage': 0.0037}
2026-05-30 10:13:03,427 INFO __main__: state={'hearts_full': 3, 'hearts_half': 0, 'health_ratio': 0.188, 'link_pos': [365, 433]}
2026-05-30 10:13:03,427 WARNING games.zelda.policy: Low health | health_ratio=0.19 | task=Task(name='get_wooden_sword')
2026-05-30 10:13:03,567 INFO __main__: link_blobs={'region': None, 'blobs_found': 3, 'mask_coverage': 0.0037}
2026-05-30 10:13:03,567 INFO __main__: state={'hearts_full': 3, 'hearts_half': 0, 'health_ratio': 0.188, 'link_pos': [365, 433]}
2026-05-30 10:13:03,567 WARNING games.zelda.policy: Low health | health_ratio=0.19 | task=Task(name='get_wooden_sword')
2026-05-30 10:13:03,711 INFO __main__: link_blobs={'region': None, 'blobs_found': 3, 'mask_coverage': 0.0037}
2026-05-30 10:13:03,711 INFO __main__: state={'hearts_full': 3, 'hearts_half': 0, 'health_ratio': 0.188, 'link_pos': [365, 433]}
2026-05-30 10:13:03,711 WARNING games.zelda.policy: Low health | health_ratio=0.19 | task=Task(name='get_wooden_sword')
2026-05-30 10:13:03,849 INFO __main__: link_blobs={'region': None, 'blobs_found': 3, 'mask_coverage': 0.0037}
2026-05-30 10:13:03,849 INFO __main__: state={'hearts_full': 3, 'hearts_half': 0, 'health_ratio': 0.188, 'link_pos': [365, 433]}
2026-05-30 10:13:03,849 WARNING games.zelda.policy: Low health | health_ratio=0.19 | task=Task(name='get_wooden_sword')
2026-05-30 10:13:03,995 INFO __main__: link_blobs={'region': None, 'blobs_found': 3, 'mask_coverage': 0.0037}
2026-05-30 10:13:03,995 INFO __main__: state={'hearts_full': 3, 'hearts_half': 0, 'health_ratio': 0.188, 'link_pos': [365, 433]}
2026-05-30 10:13:03,995 WARNING games.zelda.policy: Low health | health_ratio=0.19 | task=Task(name='get_wooden_sword')
2026-05-30 10:13:04,131 INFO __main__: link_blobs={'region': None, 'blobs_found': 3, 'mask_coverage': 0.0037}
2026-05-30 10:13:04,131 INFO __main__: state={'hearts_full': 3, 'hearts_half': 0, 'health_ratio': 0.188, 'link_pos': [365, 433]}
2026-05-30 10:13:04,131 WARNING games.zelda.policy: Low health | health_ratio=0.19 | task=Task(name='get_wooden_sword')
2026-05-30 10:13:04,274 INFO __main__: link_blobs={'region': None, 'blobs_found': 3, 'mask_coverage': 0.0037}
2026-05-30 10:13:04,274 INFO __main__: state={'hearts_full': 3, 'hearts_half': 0, 'health_ratio': 0.188, 'link_pos': [365, 433]}
2026-05-30 10:13:04,274 WARNING games.zelda.policy: Low health | health_ratio=0.19 | task=Task(name='get_wooden_sword')
2026-05-30 10:13:04,417 INFO __main__: link_blobs={'region': None, 'blobs_found': 3, 'mask_coverage': 0.0037}
2026-05-30 10:13:04,417 INFO __main__: state={'hearts_full': 3, 'hearts_half': 0, 'health_ratio': 0.188, 'link_pos': [365, 433]}
2026-05-30 10:13:04,417 WARNING games.zelda.policy: Low health | health_ratio=0.19 | task=Task(name='get_wooden_sword')
2026-05-30 10:13:04,561 INFO __main__: link_blobs={'region': None, 'blobs_found': 3, 'mask_coverage': 0.0037}
2026-05-30 10:13:04,561 INFO __main__: state={'hearts_full': 3, 'hearts_half': 0, 'health_ratio': 0.188, 'link_pos': [365, 433]}
2026-05-30 10:13:04,561 WARNING games.zelda.policy: Low health | health_ratio=0.19 | task=Task(name='get_wooden_sword')
2026-05-30 10:13:04,713 INFO __main__: link_blobs={'region': None, 'blobs_found': 3, 'mask_coverage': 0.0037}
2026-05-30 10:13:04,713 INFO __main__: state={'hearts_full': 3, 'hearts_half': 0, 'health_ratio': 0.188, 'link_pos': [365, 433]}
2026-05-30 10:13:04,713 WARNING games.zelda.policy: Low health | health_ratio=0.19 | task=Task(name='get_wooden_sword')
2026-05-30 10:13:04,851 INFO __main__: link_blobs={'region': None, 'blobs_found': 3, 'mask_coverage': 0.0037}
2026-05-30 10:13:04,851 INFO __main__: state={'hearts_full': 3, 'hearts_half': 0, 'health_ratio': 0.188, 'link_pos': [365, 433]}
2026-05-30 10:13:04,851 WARNING games.zelda.policy: Low health | health_ratio=0.19 | task=Task(name='get_wooden_sword')
2026-05-30 10:13:04,989 INFO __main__: link_blobs={'region': None, 'blobs_found': 3, 'mask_coverage': 0.0037}
2026-05-30 10:13:04,989 INFO __main__: state={'hearts_full': 3, 'hearts_half': 0, 'health_ratio': 0.188, 'link_pos': [365, 433]}
2026-05-30 10:13:04,989 WARNING games.zelda.policy: Low health | health_ratio=0.19 | task=Task(name='get_wooden_sword')
2026-05-30 10:13:05,140 INFO __main__: link_blobs={'region': None, 'blobs_found': 3, 'mask_coverage': 0.0037}
2026-05-30 10:13:05,140 INFO __main__: state={'hearts_full': 3, 'hearts_half': 0, 'health_ratio': 0.188, 'link_pos': [365, 433]}
2026-05-30 10:13:05,140 WARNING games.zelda.policy: Low health | health_ratio=0.19 | task=Task(name='get_wooden_sword')
2026-05-30 10:13:05,287 INFO __main__: link_blobs={'region': None, 'blobs_found': 3, 'mask_coverage': 0.0037}
2026-05-30 10:13:05,287 INFO __main__: state={'hearts_full': 3, 'hearts_half': 0, 'health_ratio': 0.188, 'link_pos': [365, 433]}
2026-05-30 10:13:05,287 WARNING games.zelda.policy: Low health | health_ratio=0.19 | task=Task(name='get_wooden_sword')
2026-05-30 10:13:05,424 INFO __main__: link_blobs={'region': None, 'blobs_found': 3, 'mask_coverage': 0.0037}
2026-05-30 10:13:05,424 INFO __main__: state={'hearts_full': 3, 'hearts_half': 0, 'health_ratio': 0.188, 'link_pos': [365, 433]}
2026-05-30 10:13:05,424 WARNING games.zelda.policy: Low health | health_ratio=0.19 | task=Task(name='get_wooden_sword')
2026-05-30 10:13:05,578 INFO __main__: link_blobs={'region': None, 'blobs_found': 3, 'mask_coverage': 0.0037}
2026-05-30 10:13:05,578 INFO __main__: state={'hearts_full': 3, 'hearts_half': 0, 'health_ratio': 0.188, 'link_pos': [365, 433]}
2026-05-30 10:13:05,578 WARNING games.zelda.policy: Low health | health_ratio=0.19 | task=Task(name='get_wooden_sword')
2026-05-30 10:13:05,710 INFO __main__: link_blobs={'region': None, 'blobs_found': 3, 'mask_coverage': 0.0037}
2026-05-30 10:13:05,710 INFO __main__: state={'hearts_full': 3, 'hearts_half': 0, 'health_ratio': 0.188, 'link_pos': [365, 433]}
2026-05-30 10:13:05,710 WARNING games.zelda.policy: Low health | health_ratio=0.19 | task=Task(name='get_wooden_sword')
2026-05-30 10:13:05,862 INFO __main__: link_blobs={'region': None, 'blobs_found': 3, 'mask_coverage': 0.0037}
2026-05-30 10:13:05,862 INFO __main__: state={'hearts_full': 3, 'hearts_half': 0, 'health_ratio': 0.188, 'link_pos': [365, 433]}
2026-05-30 10:13:05,862 WARNING games.zelda.policy: Low health | health_ratio=0.19 | task=Task(name='get_wooden_sword')
2026-05-30 10:13:06,014 INFO __main__: link_blobs={'region': None, 'blobs_found': 3, 'mask_coverage': 0.0037}
2026-05-30 10:13:06,014 INFO __main__: state={'hearts_full': 3, 'hearts_half': 0, 'health_ratio': 0.188, 'link_pos': [365, 433]}
2026-05-30 10:13:06,014 WARNING games.zelda.policy: Low health | health_ratio=0.19 | task=Task(name='get_wooden_sword')
2026-05-30 10:13:06,144 INFO __main__: link_blobs={'region': None, 'blobs_found': 3, 'mask_coverage': 0.0037}
2026-05-30 10:13:06,144 INFO __main__: state={'hearts_full': 3, 'hearts_half': 0, 'health_ratio': 0.188, 'link_pos': [365, 433]}
2026-05-30 10:13:06,144 WARNING games.zelda.policy: Low health | health_ratio=0.19 | task=Task(name='get_wooden_sword')
2026-05-30 10:13:06,278 INFO __main__: link_blobs={'region': None, 'blobs_found': 3, 'mask_coverage': 0.0037}
2026-05-30 10:13:06,278 INFO __main__: state={'hearts_full': 3, 'hearts_half': 0, 'health_ratio': 0.188, 'link_pos': [365, 433]}
2026-05-30 10:13:06,278 WARNING games.zelda.policy: Low health | health_ratio=0.19 | task=Task(name='get_wooden_sword')
2026-05-30 10:13:06,437 INFO __main__: link_blobs={'region': None, 'blobs_found': 3, 'mask_coverage': 0.0037}
2026-05-30 10:13:06,437 INFO __main__: state={'hearts_full': 3, 'hearts_half': 0, 'health_ratio': 0.188, 'link_pos': [365, 433]}
2026-05-30 10:13:06,439 WARNING games.zelda.policy: Low health | health_ratio=0.19 | task=Task(name='get_wooden_sword')
2026-05-30 10:13:06,583 INFO __main__: link_blobs={'region': None, 'blobs_found': 3, 'mask_coverage': 0.0037}
2026-05-30 10:13:06,583 INFO __main__: state={'hearts_full': 3, 'hearts_half': 0, 'health_ratio': 0.188, 'link_pos': [365, 433]}
2026-05-30 10:13:06,583 WARNING games.zelda.policy: Low health | health_ratio=0.19 | task=Task(name='get_wooden_sword')
2026-05-30 10:13:06,727 INFO __main__: link_blobs={'region': None, 'blobs_found': 3, 'mask_coverage': 0.0037}
2026-05-30 10:13:06,727 INFO __main__: state={'hearts_full': 3, 'hearts_half': 0, 'health_ratio': 0.188, 'link_pos': [365, 433]}
2026-05-30 10:13:06,727 WARNING games.zelda.policy: Low health | health_ratio=0.19 | task=Task(name='get_wooden_sword')
2026-05-30 10:13:06,880 INFO __main__: link_blobs={'region': None, 'blobs_found': 3, 'mask_coverage': 0.0037}
2026-05-30 10:13:06,880 INFO __main__: state={'hearts_full': 3, 'hearts_half': 0, 'health_ratio': 0.188, 'link_pos': [365, 433]}
2026-05-30 10:13:06,880 WARNING games.zelda.policy: Low health | health_ratio=0.19 | task=Task(name='get_wooden_sword')
2026-05-30 10:13:07,028 INFO __main__: link_blobs={'region': None, 'blobs_found': 3, 'mask_coverage': 0.0037}
2026-05-30 10:13:07,028 INFO __main__: state={'hearts_full': 3, 'hearts_half': 0, 'health_ratio': 0.188, 'link_pos': [365, 433]}
2026-05-30 10:13:07,028 WARNING games.zelda.policy: Low health | health_ratio=0.19 | task=Task(name='get_wooden_sword')
2026-05-30 10:13:07,158 INFO __main__: link_blobs={'region': None, 'blobs_found': 3, 'mask_coverage': 0.0037}
2026-05-30 10:13:07,158 INFO __main__: state={'hearts_full': 3, 'hearts_half': 0, 'health_ratio': 0.188, 'link_pos': [365, 433]}
2026-05-30 10:13:07,158 WARNING games.zelda.policy: Low health | health_ratio=0.19 | task=Task(name='get_wooden_sword')
2026-05-30 10:13:07,314 INFO __main__: link_blobs={'region': None, 'blobs_found': 3, 'mask_coverage': 0.0037}
2026-05-30 10:13:07,314 INFO __main__: state={'hearts_full': 3, 'hearts_half': 0, 'health_ratio': 0.188, 'link_pos': [365, 433]}
2026-05-30 10:13:07,314 WARNING games.zelda.policy: Low health | health_ratio=0.19 | task=Task(name='get_wooden_sword')
2026-05-30 10:13:07,451 INFO __main__: link_blobs={'region': None, 'blobs_found': 3, 'mask_coverage': 0.0037}
2026-05-30 10:13:07,451 INFO __main__: state={'hearts_full': 3, 'hearts_half': 0, 'health_ratio': 0.188, 'link_pos': [365, 433]}
2026-05-30 10:13:07,451 WARNING games.zelda.policy: Low health | health_ratio=0.19 | task=Task(name='get_wooden_sword')
2026-05-30 10:13:07,590 INFO __main__: link_blobs={'region': None, 'blobs_found': 3, 'mask_coverage': 0.0037}
2026-05-30 10:13:07,590 INFO __main__: state={'hearts_full': 3, 'hearts_half': 0, 'health_ratio': 0.188, 'link_pos': [365, 433]}
2026-05-30 10:13:07,590 WARNING games.zelda.policy: Low health | health_ratio=0.19 | task=Task(name='get_wooden_sword')
2026-05-30 10:13:07,741 INFO __main__: link_blobs={'region': None, 'blobs_found': 3, 'mask_coverage': 0.0037}
2026-05-30 10:13:07,741 INFO __main__: state={'hearts_full': 3, 'hearts_half': 0, 'health_ratio': 0.188, 'link_pos': [365, 433]}
2026-05-30 10:13:07,741 WARNING games.zelda.policy: Low health | health_ratio=0.19 | task=Task(name='get_wooden_sword')
2026-05-30 10:13:07,881 INFO __main__: link_blobs={'region': None, 'blobs_found': 3, 'mask_coverage': 0.0037}
2026-05-30 10:13:07,881 INFO __main__: state={'hearts_full': 3, 'hearts_half': 0, 'health_ratio': 0.188, 'link_pos': [365, 433]}
2026-05-30 10:13:07,881 WARNING games.zelda.policy: Low health | health_ratio=0.19 | task=Task(name='get_wooden_sword')
2026-05-30 10:13:08,035 INFO __main__: link_blobs={'region': None, 'blobs_found': 3, 'mask_coverage': 0.0037}
2026-05-30 10:13:08,035 INFO __main__: state={'hearts_full': 3, 'hearts_half': 0, 'health_ratio': 0.188, 'link_pos': [365, 433]}
2026-05-30 10:13:08,035 WARNING games.zelda.policy: Low health | health_ratio=0.19 | task=Task(name='get_wooden_sword')
2026-05-30 10:13:08,182 INFO __main__: link_blobs={'region': None, 'blobs_found': 3, 'mask_coverage': 0.0037}
2026-05-30 10:13:08,182 INFO __main__: state={'hearts_full': 3, 'hearts_half': 0, 'health_ratio': 0.188, 'link_pos': [365, 433]}
2026-05-30 10:13:08,182 WARNING games.zelda.policy: Low health | health_ratio=0.19 | task=Task(name='get_wooden_sword')
2026-05-30 10:13:08,334 INFO __main__: link_blobs={'region': None, 'blobs_found': 3, 'mask_coverage': 0.0037}
2026-05-30 10:13:08,334 INFO __main__: state={'hearts_full': 3, 'hearts_half': 0, 'health_ratio': 0.188, 'link_pos': [365, 433]}
2026-05-30 10:13:08,334 WARNING games.zelda.policy: Low health | health_ratio=0.19 | task=Task(name='get_wooden_sword')
2026-05-30 10:13:08,492 INFO __main__: link_blobs={'region': None, 'blobs_found': 3, 'mask_coverage': 0.0037}
2026-05-30 10:13:08,492 INFO __main__: state={'hearts_full': 3, 'hearts_half': 0, 'health_ratio': 0.188, 'link_pos': [365, 433]}
2026-05-30 10:13:08,492 WARNING games.zelda.policy: Low health | health_ratio=0.19 | task=Task(name='get_wooden_sword')
2026-05-30 10:13:08,641 INFO __main__: link_blobs={'region': None, 'blobs_found': 3, 'mask_coverage': 0.0037}
2026-05-30 10:13:08,641 INFO __main__: state={'hearts_full': 3, 'hearts_half': 0, 'health_ratio': 0.188, 'link_pos': [365, 433]}
2026-05-30 10:13:08,641 WARNING games.zelda.policy: Low health | health_ratio=0.19 | task=Task(name='get_wooden_sword')
2026-05-30 10:13:08,789 INFO __main__: link_blobs={'region': None, 'blobs_found': 3, 'mask_coverage': 0.0037}
2026-05-30 10:13:08,789 INFO __main__: state={'hearts_full': 3, 'hearts_half': 0, 'health_ratio': 0.188, 'link_pos': [365, 433]}
2026-05-30 10:13:08,789 WARNING games.zelda.policy: Low health | health_ratio=0.19 | task=Task(name='get_wooden_sword')
2026-05-30 10:13:08,947 INFO __main__: link_blobs={'region': None, 'blobs_found': 3, 'mask_coverage': 0.0037}
2026-05-30 10:13:08,947 INFO __main__: state={'hearts_full': 3, 'hearts_half': 0, 'health_ratio': 0.188, 'link_pos': [365, 433]}
2026-05-30 10:13:08,947 WARNING games.zelda.policy: Low health | health_ratio=0.19 | task=Task(name='get_wooden_sword')
2026-05-30 10:13:09,089 INFO __main__: link_blobs={'region': None, 'blobs_found': 3, 'mask_coverage': 0.0037}
2026-05-30 10:13:09,089 INFO __main__: state={'hearts_full': 3, 'hearts_half': 0, 'health_ratio': 0.188, 'link_pos': [365, 433]}
2026-05-30 10:13:09,089 WARNING games.zelda.policy: Low health | health_ratio=0.19 | task=Task(name='get_wooden_sword')
2026-05-30 10:13:09,228 INFO __main__: link_blobs={'region': None, 'blobs_found': 3, 'mask_coverage': 0.0037}
2026-05-30 10:13:09,228 INFO __main__: state={'hearts_full': 3, 'hearts_half': 0, 'health_ratio': 0.188, 'link_pos': [365, 433]}
2026-05-30 10:13:09,228 WARNING games.zelda.policy: Low health | health_ratio=0.19 | task=Task(name='get_wooden_sword')
2026-05-30 10:13:09,356 INFO __main__: link_blobs={'region': None, 'blobs_found': 3, 'mask_coverage': 0.0037}
2026-05-30 10:13:09,357 INFO __main__: state={'hearts_full': 3, 'hearts_half': 0, 'health_ratio': 0.188, 'link_pos': [365, 433]}
2026-05-30 10:13:09,357 WARNING games.zelda.policy: Low health | health_ratio=0.19 | task=Task(name='get_wooden_sword')
2026-05-30 10:13:09,511 INFO __main__: link_blobs={'region': None, 'blobs_found': 3, 'mask_coverage': 0.0037}
2026-05-30 10:13:09,511 INFO __main__: state={'hearts_full': 3, 'hearts_half': 0, 'health_ratio': 0.188, 'link_pos': [365, 433]}
2026-05-30 10:13:09,511 WARNING games.zelda.policy: Low health | health_ratio=0.19 | task=Task(name='get_wooden_sword')
2026-05-30 10:13:09,659 INFO __main__: link_blobs={'region': None, 'blobs_found': 3, 'mask_coverage': 0.0037}
2026-05-30 10:13:09,659 INFO __main__: state={'hearts_full': 3, 'hearts_half': 0, 'health_ratio': 0.188, 'link_pos': [365, 433]}
2026-05-30 10:13:09,659 WARNING games.zelda.policy: Low health | health_ratio=0.19 | task=Task(name='get_wooden_sword')
2026-05-30 10:13:09,791 INFO __main__: link_blobs={'region': None, 'blobs_found': 3, 'mask_coverage': 0.0037}
2026-05-30 10:13:09,791 INFO __main__: state={'hearts_full': 3, 'hearts_half': 0, 'health_ratio': 0.188, 'link_pos': [365, 433]}
2026-05-30 10:13:09,791 WARNING games.zelda.policy: Low health | health_ratio=0.19 | task=Task(name='get_wooden_sword')
2026-05-30 10:13:09,929 INFO __main__: link_blobs={'region': None, 'blobs_found': 3, 'mask_coverage': 0.0037}
2026-05-30 10:13:09,929 INFO __main__: state={'hearts_full': 3, 'hearts_half': 0, 'health_ratio': 0.188, 'link_pos': [365, 433]}
2026-05-30 10:13:09,929 WARNING games.zelda.policy: Low health | health_ratio=0.19 | task=Task(name='get_wooden_sword')
2026-05-30 10:13:10,077 INFO __main__: link_blobs={'region': None, 'blobs_found': 3, 'mask_coverage': 0.0037}
2026-05-30 10:13:10,077 INFO __main__: state={'hearts_full': 3, 'hearts_half': 0, 'health_ratio': 0.188, 'link_pos': [365, 433]}
2026-05-30 10:13:10,077 WARNING games.zelda.policy: Low health | health_ratio=0.19 | task=Task(name='get_wooden_sword')
2026-05-30 10:13:10,222 INFO __main__: link_blobs={'region': None, 'blobs_found': 3, 'mask_coverage': 0.0037}
2026-05-30 10:13:10,222 INFO __main__: state={'hearts_full': 3, 'hearts_half': 0, 'health_ratio': 0.188, 'link_pos': [365, 433]}
2026-05-30 10:13:10,222 WARNING games.zelda.policy: Low health | health_ratio=0.19 | task=Task(name='get_wooden_sword')
2026-05-30 10:13:10,364 INFO __main__: link_blobs={'region': None, 'blobs_found': 3, 'mask_coverage': 0.0037}
2026-05-30 10:13:10,364 INFO __main__: state={'hearts_full': 3, 'hearts_half': 0, 'health_ratio': 0.188, 'link_pos': [365, 433]}
2026-05-30 10:13:10,364 WARNING games.zelda.policy: Low health | health_ratio=0.19 | task=Task(name='get_wooden_sword')
2026-05-30 10:13:10,514 INFO __main__: link_blobs={'region': None, 'blobs_found': 3, 'mask_coverage': 0.0037}
2026-05-30 10:13:10,514 INFO __main__: state={'hearts_full': 3, 'hearts_half': 0, 'health_ratio': 0.188, 'link_pos': [365, 433]}
2026-05-30 10:13:10,514 WARNING games.zelda.policy: Low health | health_ratio=0.19 | task=Task(name='get_wooden_sword')
2026-05-30 10:13:10,649 INFO __main__: link_blobs={'region': None, 'blobs_found': 3, 'mask_coverage': 0.0037}
2026-05-30 10:13:10,649 INFO __main__: state={'hearts_full': 3, 'hearts_half': 0, 'health_ratio': 0.188, 'link_pos': [365, 433]}
2026-05-30 10:13:10,649 WARNING games.zelda.policy: Low health | health_ratio=0.19 | task=Task(name='get_wooden_sword')
2026-05-30 10:13:10,792 INFO __main__: link_blobs={'region': None, 'blobs_found': 3, 'mask_coverage': 0.0037}
2026-05-30 10:13:10,792 INFO __main__: state={'hearts_full': 3, 'hearts_half': 0, 'health_ratio': 0.188, 'link_pos': [365, 433]}
2026-05-30 10:13:10,792 WARNING games.zelda.policy: Low health | health_ratio=0.19 | task=Task(name='get_wooden_sword')
2026-05-30 10:13:10,940 INFO __main__: link_blobs={'region': None, 'blobs_found': 3, 'mask_coverage': 0.0037}
2026-05-30 10:13:10,940 INFO __main__: state={'hearts_full': 3, 'hearts_half': 0, 'health_ratio': 0.188, 'link_pos': [365, 433]}
2026-05-30 10:13:10,940 WARNING games.zelda.policy: Low health | health_ratio=0.19 | task=Task(name='get_wooden_sword')
2026-05-30 10:13:11,107 INFO __main__: link_blobs={'region': None, 'blobs_found': 3, 'mask_coverage': 0.0037}
2026-05-30 10:13:11,107 INFO __main__: state={'hearts_full': 3, 'hearts_half': 0, 'health_ratio': 0.188, 'link_pos': [365, 433]}
2026-05-30 10:13:11,107 WARNING games.zelda.policy: Low health | health_ratio=0.19 | task=Task(name='get_wooden_sword')
2026-05-30 10:13:11,239 INFO __main__: link_blobs={'region': None, 'blobs_found': 3, 'mask_coverage': 0.0037}
2026-05-30 10:13:11,239 INFO __main__: state={'hearts_full': 3, 'hearts_half': 0, 'health_ratio': 0.188, 'link_pos': [365, 433]}
2026-05-30 10:13:11,239 WARNING games.zelda.policy: Low health | health_ratio=0.19 | task=Task(name='get_wooden_sword')
2026-05-30 10:13:11,386 INFO __main__: link_blobs={'region': None, 'blobs_found': 3, 'mask_coverage': 0.0037}
2026-05-30 10:13:11,386 INFO __main__: state={'hearts_full': 3, 'hearts_half': 0, 'health_ratio': 0.188, 'link_pos': [365, 433]}
2026-05-30 10:13:11,386 WARNING games.zelda.policy: Low health | health_ratio=0.19 | task=Task(name='get_wooden_sword')
2026-05-30 10:13:11,522 INFO __main__: link_blobs={'region': None, 'blobs_found': 3, 'mask_coverage': 0.0037}
2026-05-30 10:13:11,522 INFO __main__: state={'hearts_full': 3, 'hearts_half': 0, 'health_ratio': 0.188, 'link_pos': [365, 433]}
2026-05-30 10:13:11,522 WARNING games.zelda.policy: Low health | health_ratio=0.19 | task=Task(name='get_wooden_sword')
2026-05-30 10:13:11,685 INFO __main__: link_blobs={'region': None, 'blobs_found': 3, 'mask_coverage': 0.0037}
2026-05-30 10:13:11,685 INFO __main__: state={'hearts_full': 3, 'hearts_half': 0, 'health_ratio': 0.188, 'link_pos': [365, 433]}
2026-05-30 10:13:11,685 WARNING games.zelda.policy: Low health | health_ratio=0.19 | task=Task(name='get_wooden_sword')
2026-05-30 10:13:11,839 INFO __main__: link_blobs={'region': None, 'blobs_found': 3, 'mask_coverage': 0.0037}
2026-05-30 10:13:11,839 INFO __main__: state={'hearts_full': 3, 'hearts_half': 0, 'health_ratio': 0.188, 'link_pos': [365, 433]}
2026-05-30 10:13:11,839 WARNING games.zelda.policy: Low health | health_ratio=0.19 | task=Task(name='get_wooden_sword')
2026-05-30 10:13:11,973 INFO __main__: link_blobs={'region': None, 'blobs_found': 3, 'mask_coverage': 0.0037}
2026-05-30 10:13:11,973 INFO __main__: state={'hearts_full': 3, 'hearts_half': 0, 'health_ratio': 0.188, 'link_pos': [365, 433]}
2026-05-30 10:13:11,973 WARNING games.zelda.policy: Low health | health_ratio=0.19 | task=Task(name='get_wooden_sword')
2026-05-30 10:13:12,131 INFO __main__: link_blobs={'region': None, 'blobs_found': 3, 'mask_coverage': 0.0037}
2026-05-30 10:13:12,131 INFO __main__: state={'hearts_full': 3, 'hearts_half': 0, 'health_ratio': 0.188, 'link_pos': [365, 433]}
2026-05-30 10:13:12,131 WARNING games.zelda.policy: Low health | health_ratio=0.19 | task=Task(name='get_wooden_sword')
2026-05-30 10:13:12,285 INFO __main__: link_blobs={'region': None, 'blobs_found': 3, 'mask_coverage': 0.0037}
2026-05-30 10:13:12,285 INFO __main__: state={'hearts_full': 3, 'hearts_half': 0, 'health_ratio': 0.188, 'link_pos': [365, 433]}
2026-05-30 10:13:12,285 WARNING games.zelda.policy: Low health | health_ratio=0.19 | task=Task(name='get_wooden_sword')
2026-05-30 10:13:12,438 INFO __main__: link_blobs={'region': None, 'blobs_found': 3, 'mask_coverage': 0.0037}
2026-05-30 10:13:12,438 INFO __main__: state={'hearts_full': 3, 'hearts_half': 0, 'health_ratio': 0.188, 'link_pos': [365, 433]}
2026-05-30 10:13:12,439 WARNING games.zelda.policy: Low health | health_ratio=0.19 | task=Task(name='get_wooden_sword')
2026-05-30 10:13:12,583 INFO __main__: link_blobs={'region': None, 'blobs_found': 3, 'mask_coverage': 0.0037}
2026-05-30 10:13:12,583 INFO __main__: state={'hearts_full': 3, 'hearts_half': 0, 'health_ratio': 0.188, 'link_pos': [365, 433]}
2026-05-30 10:13:12,583 WARNING games.zelda.policy: Low health | health_ratio=0.19 | task=Task(name='get_wooden_sword')
2026-05-30 10:13:12,743 INFO __main__: link_blobs={'region': None, 'blobs_found': 3, 'mask_coverage': 0.0037}
2026-05-30 10:13:12,743 INFO __main__: state={'hearts_full': 3, 'hearts_half': 0, 'health_ratio': 0.188, 'link_pos': [365, 433]}
2026-05-30 10:13:12,743 WARNING games.zelda.policy: Low health | health_ratio=0.19 | task=Task(name='get_wooden_sword')
2026-05-30 10:13:12,903 INFO __main__: link_blobs={'region': None, 'blobs_found': 3, 'mask_coverage': 0.0037}
2026-05-30 10:13:12,903 INFO __main__: state={'hearts_full': 3, 'hearts_half': 0, 'health_ratio': 0.188, 'link_pos': [365, 433]}
2026-05-30 10:13:12,903 WARNING games.zelda.policy: Low health | health_ratio=0.19 | task=Task(name='get_wooden_sword')
2026-05-30 10:13:13,041 INFO __main__: link_blobs={'region': None, 'blobs_found': 3, 'mask_coverage': 0.0037}
2026-05-30 10:13:13,041 INFO __main__: state={'hearts_full': 3, 'hearts_half': 0, 'health_ratio': 0.188, 'link_pos': [365, 433]}
2026-05-30 10:13:13,041 WARNING games.zelda.policy: Low health | health_ratio=0.19 | task=Task(name='get_wooden_sword')
2026-05-30 10:13:13,175 INFO __main__: link_blobs={'region': None, 'blobs_found': 3, 'mask_coverage': 0.0037}
2026-05-30 10:13:13,175 INFO __main__: state={'hearts_full': 3, 'hearts_half': 0, 'health_ratio': 0.188, 'link_pos': [365, 433]}
2026-05-30 10:13:13,175 WARNING games.zelda.policy: Low health | health_ratio=0.19 | task=Task(name='get_wooden_sword')
2026-05-30 10:13:13,324 INFO __main__: link_blobs={'region': None, 'blobs_found': 3, 'mask_coverage': 0.0037}
2026-05-30 10:13:13,324 INFO __main__: state={'hearts_full': 3, 'hearts_half': 0, 'health_ratio': 0.188, 'link_pos': [365, 433]}
2026-05-30 10:13:13,324 WARNING games.zelda.policy: Low health | health_ratio=0.19 | task=Task(name='get_wooden_sword')
2026-05-30 10:13:13,458 INFO __main__: link_blobs={'region': None, 'blobs_found': 3, 'mask_coverage': 0.0037}
2026-05-30 10:13:13,458 INFO __main__: state={'hearts_full': 3, 'hearts_half': 0, 'health_ratio': 0.188, 'link_pos': [365, 433]}
2026-05-30 10:13:13,458 WARNING games.zelda.policy: Low health | health_ratio=0.19 | task=Task(name='get_wooden_sword')
2026-05-30 10:13:13,598 INFO __main__: link_blobs={'region': None, 'blobs_found': 3, 'mask_coverage': 0.0037}
2026-05-30 10:13:13,598 INFO __main__: state={'hearts_full': 3, 'hearts_half': 0, 'health_ratio': 0.188, 'link_pos': [365, 433]}
2026-05-30 10:13:13,598 WARNING games.zelda.policy: Low health | health_ratio=0.19 | task=Task(name='get_wooden_sword')
2026-05-30 10:13:13,747 INFO __main__: link_blobs={'region': None, 'blobs_found': 3, 'mask_coverage': 0.0037}
2026-05-30 10:13:13,747 INFO __main__: state={'hearts_full': 3, 'hearts_half': 0, 'health_ratio': 0.188, 'link_pos': [365, 433]}
2026-05-30 10:13:13,747 WARNING games.zelda.policy: Low health | health_ratio=0.19 | task=Task(name='get_wooden_sword')
2026-05-30 10:13:13,889 INFO __main__: link_blobs={'region': None, 'blobs_found': 3, 'mask_coverage': 0.0037}
2026-05-30 10:13:13,889 INFO __main__: state={'hearts_full': 3, 'hearts_half': 0, 'health_ratio': 0.188, 'link_pos': [365, 433]}
2026-05-30 10:13:13,889 WARNING games.zelda.policy: Low health | health_ratio=0.19 | task=Task(name='get_wooden_sword')
2026-05-30 10:13:14,026 INFO __main__: link_blobs={'region': None, 'blobs_found': 3, 'mask_coverage': 0.0037}
2026-05-30 10:13:14,026 INFO __main__: state={'hearts_full': 3, 'hearts_half': 0, 'health_ratio': 0.188, 'link_pos': [365, 433]}
2026-05-30 10:13:14,026 WARNING games.zelda.policy: Low health | health_ratio=0.19 | task=Task(name='get_wooden_sword')
2026-05-30 10:13:14,159 INFO __main__: link_blobs={'region': None, 'blobs_found': 3, 'mask_coverage': 0.0037}
2026-05-30 10:13:14,159 INFO __main__: state={'hearts_full': 3, 'hearts_half': 0, 'health_ratio': 0.188, 'link_pos': [365, 433]}
2026-05-30 10:13:14,159 WARNING games.zelda.policy: Low health | health_ratio=0.19 | task=Task(name='get_wooden_sword')
2026-05-30 10:13:14,291 INFO __main__: link_blobs={'region': None, 'blobs_found': 3, 'mask_coverage': 0.0037}
2026-05-30 10:13:14,291 INFO __main__: state={'hearts_full': 3, 'hearts_half': 0, 'health_ratio': 0.188, 'link_pos': [365, 433]}
2026-05-30 10:13:14,291 WARNING games.zelda.policy: Low health | health_ratio=0.19 | task=Task(name='get_wooden_sword')
2026-05-30 10:13:14,433 INFO __main__: link_blobs={'region': None, 'blobs_found': 3, 'mask_coverage': 0.0037}
2026-05-30 10:13:14,433 INFO __main__: state={'hearts_full': 3, 'hearts_half': 0, 'health_ratio': 0.188, 'link_pos': [365, 433]}
2026-05-30 10:13:14,433 WARNING games.zelda.policy: Low health | health_ratio=0.19 | task=Task(name='get_wooden_sword')
2026-05-30 10:13:14,584 INFO __main__: link_blobs={'region': None, 'blobs_found': 3, 'mask_coverage': 0.0037}
2026-05-30 10:13:14,584 INFO __main__: state={'hearts_full': 3, 'hearts_half': 0, 'health_ratio': 0.188, 'link_pos': [365, 433]}
2026-05-30 10:13:14,584 WARNING games.zelda.policy: Low health | health_ratio=0.19 | task=Task(name='get_wooden_sword')
2026-05-30 10:13:14,729 INFO __main__: link_blobs={'region': None, 'blobs_found': 3, 'mask_coverage': 0.0037}
2026-05-30 10:13:14,729 INFO __main__: state={'hearts_full': 3, 'hearts_half': 0, 'health_ratio': 0.188, 'link_pos': [365, 433]}
2026-05-30 10:13:14,729 WARNING games.zelda.policy: Low health | health_ratio=0.19 | task=Task(name='get_wooden_sword')
2026-05-30 10:13:14,887 INFO __main__: link_blobs={'region': None, 'blobs_found': 3, 'mask_coverage': 0.0037}
2026-05-30 10:13:14,887 INFO __main__: state={'hearts_full': 3, 'hearts_half': 0, 'health_ratio': 0.188, 'link_pos': [365, 433]}
2026-05-30 10:13:14,887 WARNING games.zelda.policy: Low health | health_ratio=0.19 | task=Task(name='get_wooden_sword')
2026-05-30 10:13:15,037 INFO __main__: link_blobs={'region': None, 'blobs_found': 3, 'mask_coverage': 0.0037}
2026-05-30 10:13:15,037 INFO __main__: state={'hearts_full': 3, 'hearts_half': 0, 'health_ratio': 0.188, 'link_pos': [365, 433]}
2026-05-30 10:13:15,037 WARNING games.zelda.policy: Low health | health_ratio=0.19 | task=Task(name='get_wooden_sword')
2026-05-30 10:13:15,175 INFO __main__: link_blobs={'region': None, 'blobs_found': 3, 'mask_coverage': 0.0037}
2026-05-30 10:13:15,175 INFO __main__: state={'hearts_full': 3, 'hearts_half': 0, 'health_ratio': 0.188, 'link_pos': [365, 433]}
2026-05-30 10:13:15,175 WARNING games.zelda.policy: Low health | health_ratio=0.19 | task=Task(name='get_wooden_sword')
2026-05-30 10:13:15,315 INFO __main__: link_blobs={'region': None, 'blobs_found': 3, 'mask_coverage': 0.0037}
2026-05-30 10:13:15,315 INFO __main__: state={'hearts_full': 3, 'hearts_half': 0, 'health_ratio': 0.188, 'link_pos': [365, 433]}
2026-05-30 10:13:15,315 WARNING games.zelda.policy: Low health | health_ratio=0.19 | task=Task(name='get_wooden_sword')
2026-05-30 10:13:15,459 INFO __main__: link_blobs={'region': None, 'blobs_found': 3, 'mask_coverage': 0.0037}
2026-05-30 10:13:15,459 INFO __main__: state={'hearts_full': 3, 'hearts_half': 0, 'health_ratio': 0.188, 'link_pos': [365, 433]}
2026-05-30 10:13:15,459 WARNING games.zelda.policy: Low health | health_ratio=0.19 | task=Task(name='get_wooden_sword')
2026-05-30 10:13:15,599 INFO __main__: link_blobs={'region': None, 'blobs_found': 3, 'mask_coverage': 0.0037}
2026-05-30 10:13:15,599 INFO __main__: state={'hearts_full': 3, 'hearts_half': 0, 'health_ratio': 0.188, 'link_pos': [365, 433]}
2026-05-30 10:13:15,599 WARNING games.zelda.policy: Low health | health_ratio=0.19 | task=Task(name='get_wooden_sword')
2026-05-30 10:13:15,742 INFO __main__: link_blobs={'region': None, 'blobs_found': 3, 'mask_coverage': 0.0037}
2026-05-30 10:13:15,742 INFO __main__: state={'hearts_full': 3, 'hearts_half': 0, 'health_ratio': 0.188, 'link_pos': [365, 433]}
2026-05-30 10:13:15,742 WARNING games.zelda.policy: Low health | health_ratio=0.19 | task=Task(name='get_wooden_sword')
2026-05-30 10:13:15,884 INFO __main__: link_blobs={'region': None, 'blobs_found': 3, 'mask_coverage': 0.0037}
2026-05-30 10:13:15,885 INFO __main__: state={'hearts_full': 3, 'hearts_half': 0, 'health_ratio': 0.188, 'link_pos': [365, 433]}
2026-05-30 10:13:15,885 WARNING games.zelda.policy: Low health | health_ratio=0.19 | task=Task(name='get_wooden_sword')
2026-05-30 10:13:16,021 INFO __main__: link_blobs={'region': None, 'blobs_found': 3, 'mask_coverage': 0.0037}
2026-05-30 10:13:16,021 INFO __main__: state={'hearts_full': 3, 'hearts_half': 0, 'health_ratio': 0.188, 'link_pos': [365, 433]}
2026-05-30 10:13:16,021 WARNING games.zelda.policy: Low health | health_ratio=0.19 | task=Task(name='get_wooden_sword')
2026-05-30 10:13:16,159 INFO __main__: link_blobs={'region': None, 'blobs_found': 3, 'mask_coverage': 0.0037}
2026-05-30 10:13:16,159 INFO __main__: state={'hearts_full': 3, 'hearts_half': 0, 'health_ratio': 0.188, 'link_pos': [365, 433]}
2026-05-30 10:13:16,159 WARNING games.zelda.policy: Low health | health_ratio=0.19 | task=Task(name='get_wooden_sword')
2026-05-30 10:13:16,297 INFO __main__: link_blobs={'region': None, 'blobs_found': 3, 'mask_coverage': 0.0037}
2026-05-30 10:13:16,297 INFO __main__: state={'hearts_full': 3, 'hearts_half': 0, 'health_ratio': 0.188, 'link_pos': [365, 433]}
2026-05-30 10:13:16,297 WARNING games.zelda.policy: Low health | health_ratio=0.19 | task=Task(name='get_wooden_sword')
2026-05-30 10:13:16,445 INFO __main__: link_blobs={'region': None, 'blobs_found': 3, 'mask_coverage': 0.0037}
2026-05-30 10:13:16,445 INFO __main__: state={'hearts_full': 3, 'hearts_half': 0, 'health_ratio': 0.188, 'link_pos': [365, 433]}
2026-05-30 10:13:16,445 WARNING games.zelda.policy: Low health | health_ratio=0.19 | task=Task(name='get_wooden_sword')
2026-05-30 10:13:16,598 INFO __main__: link_blobs={'region': None, 'blobs_found': 3, 'mask_coverage': 0.0037}
2026-05-30 10:13:16,598 INFO __main__: state={'hearts_full': 3, 'hearts_half': 0, 'health_ratio': 0.188, 'link_pos': [365, 433]}
2026-05-30 10:13:16,598 WARNING games.zelda.policy: Low health | health_ratio=0.19 | task=Task(name='get_wooden_sword')
2026-05-30 10:13:16,756 INFO __main__: link_blobs={'region': None, 'blobs_found': 3, 'mask_coverage': 0.0037}
2026-05-30 10:13:16,756 INFO __main__: state={'hearts_full': 3, 'hearts_half': 0, 'health_ratio': 0.188, 'link_pos': [365, 433]}
2026-05-30 10:13:16,756 WARNING games.zelda.policy: Low health | health_ratio=0.19 | task=Task(name='get_wooden_sword')
2026-05-30 10:13:16,907 INFO __main__: link_blobs={'region': None, 'blobs_found': 3, 'mask_coverage': 0.0037}
2026-05-30 10:13:16,910 INFO __main__: state={'hearts_full': 3, 'hearts_half': 0, 'health_ratio': 0.188, 'link_pos': [365, 433]}
2026-05-30 10:13:16,910 WARNING games.zelda.policy: Low health | health_ratio=0.19 | task=Task(name='get_wooden_sword')
2026-05-30 10:13:17,057 INFO __main__: link_blobs={'region': None, 'blobs_found': 3, 'mask_coverage': 0.0037}
2026-05-30 10:13:17,057 INFO __main__: state={'hearts_full': 3, 'hearts_half': 0, 'health_ratio': 0.188, 'link_pos': [365, 433]}
2026-05-30 10:13:17,057 WARNING games.zelda.policy: Low health | health_ratio=0.19 | task=Task(name='get_wooden_sword')
2026-05-30 10:13:17,199 INFO __main__: link_blobs={'region': None, 'blobs_found': 3, 'mask_coverage': 0.0037}
2026-05-30 10:13:17,199 INFO __main__: state={'hearts_full': 3, 'hearts_half': 0, 'health_ratio': 0.188, 'link_pos': [365, 433]}
2026-05-30 10:13:17,199 WARNING games.zelda.policy: Low health | health_ratio=0.19 | task=Task(name='get_wooden_sword')
2026-05-30 10:13:17,339 INFO __main__: link_blobs={'region': None, 'blobs_found': 3, 'mask_coverage': 0.0037}
2026-05-30 10:13:17,339 INFO __main__: state={'hearts_full': 3, 'hearts_half': 0, 'health_ratio': 0.188, 'link_pos': [365, 433]}
2026-05-30 10:13:17,339 WARNING games.zelda.policy: Low health | health_ratio=0.19 | task=Task(name='get_wooden_sword')
2026-05-30 10:13:17,484 INFO __main__: link_blobs={'region': None, 'blobs_found': 3, 'mask_coverage': 0.0037}
2026-05-30 10:13:17,484 INFO __main__: state={'hearts_full': 3, 'hearts_half': 0, 'health_ratio': 0.188, 'link_pos': [365, 433]}
2026-05-30 10:13:17,484 WARNING games.zelda.policy: Low health | health_ratio=0.19 | task=Task(name='get_wooden_sword')
2026-05-30 10:13:17,627 INFO __main__: link_blobs={'region': None, 'blobs_found': 3, 'mask_coverage': 0.0037}
2026-05-30 10:13:17,627 INFO __main__: state={'hearts_full': 3, 'hearts_half': 0, 'health_ratio': 0.188, 'link_pos': [365, 433]}
2026-05-30 10:13:17,627 WARNING games.zelda.policy: Low health | health_ratio=0.19 | task=Task(name='get_wooden_sword')
2026-05-30 10:13:17,759 INFO __main__: link_blobs={'region': None, 'blobs_found': 3, 'mask_coverage': 0.0037}
2026-05-30 10:13:17,759 INFO __main__: state={'hearts_full': 3, 'hearts_half': 0, 'health_ratio': 0.188, 'link_pos': [365, 433]}
2026-05-30 10:13:17,759 WARNING games.zelda.policy: Low health | health_ratio=0.19 | task=Task(name='get_wooden_sword')
2026-05-30 10:13:17,899 INFO __main__: link_blobs={'region': None, 'blobs_found': 3, 'mask_coverage': 0.0037}
2026-05-30 10:13:17,899 INFO __main__: state={'hearts_full': 3, 'hearts_half': 0, 'health_ratio': 0.188, 'link_pos': [365, 433]}
2026-05-30 10:13:17,899 WARNING games.zelda.policy: Low health | health_ratio=0.19 | task=Task(name='get_wooden_sword')
2026-05-30 10:13:18,048 INFO __main__: link_blobs={'region': None, 'blobs_found': 3, 'mask_coverage': 0.0037}
2026-05-30 10:13:18,048 INFO __main__: state={'hearts_full': 3, 'hearts_half': 0, 'health_ratio': 0.188, 'link_pos': [365, 433]}
2026-05-30 10:13:18,048 WARNING games.zelda.policy: Low health | health_ratio=0.19 | task=Task(name='get_wooden_sword')
2026-05-30 10:13:18,199 INFO __main__: link_blobs={'region': None, 'blobs_found': 3, 'mask_coverage': 0.0037}
2026-05-30 10:13:18,199 INFO __main__: state={'hearts_full': 3, 'hearts_half': 0, 'health_ratio': 0.188, 'link_pos': [365, 433]}
2026-05-30 10:13:18,199 WARNING games.zelda.policy: Low health | health_ratio=0.19 | task=Task(name='get_wooden_sword')
2026-05-30 10:13:18,351 INFO __main__: link_blobs={'region': None, 'blobs_found': 3, 'mask_coverage': 0.0037}
2026-05-30 10:13:18,351 INFO __main__: state={'hearts_full': 3, 'hearts_half': 0, 'health_ratio': 0.188, 'link_pos': [365, 433]}
2026-05-30 10:13:18,351 WARNING games.zelda.policy: Low health | health_ratio=0.19 | task=Task(name='get_wooden_sword')
2026-05-30 10:13:18,491 INFO __main__: link_blobs={'region': None, 'blobs_found': 3, 'mask_coverage': 0.0037}
2026-05-30 10:13:18,491 INFO __main__: state={'hearts_full': 3, 'hearts_half': 0, 'health_ratio': 0.188, 'link_pos': [365, 433]}
2026-05-30 10:13:18,491 WARNING games.zelda.policy: Low health | health_ratio=0.19 | task=Task(name='get_wooden_sword')
2026-05-30 10:13:18,632 INFO __main__: link_blobs={'region': None, 'blobs_found': 3, 'mask_coverage': 0.0037}
2026-05-30 10:13:18,632 INFO __main__: state={'hearts_full': 3, 'hearts_half': 0, 'health_ratio': 0.188, 'link_pos': [365, 433]}
2026-05-30 10:13:18,632 WARNING games.zelda.policy: Low health | health_ratio=0.19 | task=Task(name='get_wooden_sword')
2026-05-30 10:13:18,778 INFO __main__: link_blobs={'region': None, 'blobs_found': 3, 'mask_coverage': 0.0037}
2026-05-30 10:13:18,778 INFO __main__: state={'hearts_full': 3, 'hearts_half': 0, 'health_ratio': 0.188, 'link_pos': [365, 433]}
2026-05-30 10:13:18,778 WARNING games.zelda.policy: Low health | health_ratio=0.19 | task=Task(name='get_wooden_sword')
2026-05-30 10:13:18,943 INFO __main__: link_blobs={'region': None, 'blobs_found': 3, 'mask_coverage': 0.0037}
2026-05-30 10:13:18,943 INFO __main__: state={'hearts_full': 3, 'hearts_half': 0, 'health_ratio': 0.188, 'link_pos': [365, 433]}
2026-05-30 10:13:18,943 WARNING games.zelda.policy: Low health | health_ratio=0.19 | task=Task(name='get_wooden_sword')
2026-05-30 10:13:19,092 INFO __main__: link_blobs={'region': None, 'blobs_found': 3, 'mask_coverage': 0.0037}
2026-05-30 10:13:19,092 INFO __main__: state={'hearts_full': 3, 'hearts_half': 0, 'health_ratio': 0.188, 'link_pos': [365, 433]}
2026-05-30 10:13:19,092 WARNING games.zelda.policy: Low health | health_ratio=0.19 | task=Task(name='get_wooden_sword')
2026-05-30 10:13:19,226 INFO __main__: link_blobs={'region': None, 'blobs_found': 3, 'mask_coverage': 0.0037}
2026-05-30 10:13:19,226 INFO __main__: state={'hearts_full': 3, 'hearts_half': 0, 'health_ratio': 0.188, 'link_pos': [365, 433]}
2026-05-30 10:13:19,226 WARNING games.zelda.policy: Low health | health_ratio=0.19 | task=Task(name='get_wooden_sword')
2026-05-30 10:13:19,390 INFO __main__: link_blobs={'region': None, 'blobs_found': 3, 'mask_coverage': 0.0037}
2026-05-30 10:13:19,390 INFO __main__: state={'hearts_full': 3, 'hearts_half': 0, 'health_ratio': 0.188, 'link_pos': [365, 433]}
2026-05-30 10:13:19,390 WARNING games.zelda.policy: Low health | health_ratio=0.19 | task=Task(name='get_wooden_sword')
2026-05-30 10:13:19,533 INFO __main__: link_blobs={'region': None, 'blobs_found': 3, 'mask_coverage': 0.0037}
2026-05-30 10:13:19,533 INFO __main__: state={'hearts_full': 3, 'hearts_half': 0, 'health_ratio': 0.188, 'link_pos': [365, 433]}
2026-05-30 10:13:19,533 WARNING games.zelda.policy: Low health | health_ratio=0.19 | task=Task(name='get_wooden_sword')
2026-05-30 10:13:19,682 INFO __main__: link_blobs={'region': None, 'blobs_found': 3, 'mask_coverage': 0.0037}
2026-05-30 10:13:19,682 INFO __main__: state={'hearts_full': 3, 'hearts_half': 0, 'health_ratio': 0.188, 'link_pos': [365, 433]}
2026-05-30 10:13:19,682 WARNING games.zelda.policy: Low health | health_ratio=0.19 | task=Task(name='get_wooden_sword')
2026-05-30 10:13:19,852 INFO __main__: link_blobs={'region': None, 'blobs_found': 3, 'mask_coverage': 0.0037}
2026-05-30 10:13:19,852 INFO __main__: state={'hearts_full': 3, 'hearts_half': 0, 'health_ratio': 0.188, 'link_pos': [365, 433]}
2026-05-30 10:13:19,852 WARNING games.zelda.policy: Low health | health_ratio=0.19 | task=Task(name='get_wooden_sword')
2026-05-30 10:13:20,014 INFO __main__: link_blobs={'region': None, 'blobs_found': 3, 'mask_coverage': 0.0037}
2026-05-30 10:13:20,014 INFO __main__: state={'hearts_full': 3, 'hearts_half': 0, 'health_ratio': 0.188, 'link_pos': [365, 433]}
2026-05-30 10:13:20,014 WARNING games.zelda.policy: Low health | health_ratio=0.19 | task=Task(name='get_wooden_sword')
2026-05-30 10:13:20,147 INFO __main__: link_blobs={'region': None, 'blobs_found': 3, 'mask_coverage': 0.0037}
2026-05-30 10:13:20,147 INFO __main__: state={'hearts_full': 3, 'hearts_half': 0, 'health_ratio': 0.188, 'link_pos': [365, 433]}
2026-05-30 10:13:20,147 WARNING games.zelda.policy: Low health | health_ratio=0.19 | task=Task(name='get_wooden_sword')
2026-05-30 10:13:20,277 INFO __main__: link_blobs={'region': None, 'blobs_found': 3, 'mask_coverage': 0.0037}
2026-05-30 10:13:20,277 INFO __main__: state={'hearts_full': 3, 'hearts_half': 0, 'health_ratio': 0.188, 'link_pos': [365, 433]}
2026-05-30 10:13:20,277 WARNING games.zelda.policy: Low health | health_ratio=0.19 | task=Task(name='get_wooden_sword')
2026-05-30 10:13:20,430 INFO __main__: link_blobs={'region': None, 'blobs_found': 3, 'mask_coverage': 0.0037}
2026-05-30 10:13:20,430 INFO __main__: state={'hearts_full': 3, 'hearts_half': 0, 'health_ratio': 0.188, 'link_pos': [365, 433]}
2026-05-30 10:13:20,430 WARNING games.zelda.policy: Low health | health_ratio=0.19 | task=Task(name='get_wooden_sword')
2026-05-30 10:13:20,567 INFO __main__: link_blobs={'region': None, 'blobs_found': 3, 'mask_coverage': 0.0037}
2026-05-30 10:13:20,567 INFO __main__: state={'hearts_full': 3, 'hearts_half': 0, 'health_ratio': 0.188, 'link_pos': [365, 433]}
2026-05-30 10:13:20,567 WARNING games.zelda.policy: Low health | health_ratio=0.19 | task=Task(name='get_wooden_sword')
2026-05-30 10:13:20,721 INFO __main__: link_blobs={'region': None, 'blobs_found': 3, 'mask_coverage': 0.0037}
2026-05-30 10:13:20,721 INFO __main__: state={'hearts_full': 3, 'hearts_half': 0, 'health_ratio': 0.188, 'link_pos': [365, 433]}
2026-05-30 10:13:20,721 WARNING games.zelda.policy: Low health | health_ratio=0.19 | task=Task(name='get_wooden_sword')
2026-05-30 10:13:20,870 INFO __main__: link_blobs={'region': None, 'blobs_found': 3, 'mask_coverage': 0.0037}
2026-05-30 10:13:20,870 INFO __main__: state={'hearts_full': 3, 'hearts_half': 0, 'health_ratio': 0.188, 'link_pos': [365, 433]}
2026-05-30 10:13:20,870 WARNING games.zelda.policy: Low health | health_ratio=0.19 | task=Task(name='get_wooden_sword')
2026-05-30 10:13:21,024 INFO __main__: link_blobs={'region': None, 'blobs_found': 3, 'mask_coverage': 0.0037}
2026-05-30 10:13:21,024 INFO __main__: state={'hearts_full': 3, 'hearts_half': 0, 'health_ratio': 0.188, 'link_pos': [365, 433]}
2026-05-30 10:13:21,024 WARNING games.zelda.policy: Low health | health_ratio=0.19 | task=Task(name='get_wooden_sword')
2026-05-30 10:13:21,165 INFO __main__: link_blobs={'region': None, 'blobs_found': 3, 'mask_coverage': 0.0037}
2026-05-30 10:13:21,165 INFO __main__: state={'hearts_full': 3, 'hearts_half': 0, 'health_ratio': 0.188, 'link_pos': [365, 433]}
2026-05-30 10:13:21,165 WARNING games.zelda.policy: Low health | health_ratio=0.19 | task=Task(name='get_wooden_sword')
2026-05-30 10:13:21,297 INFO __main__: link_blobs={'region': None, 'blobs_found': 3, 'mask_coverage': 0.0037}
2026-05-30 10:13:21,297 INFO __main__: state={'hearts_full': 3, 'hearts_half': 0, 'health_ratio': 0.188, 'link_pos': [365, 433]}
2026-05-30 10:13:21,297 WARNING games.zelda.policy: Low health | health_ratio=0.19 | task=Task(name='get_wooden_sword')
2026-05-30 10:13:21,434 INFO __main__: link_blobs={'region': None, 'blobs_found': 3, 'mask_coverage': 0.0037}
2026-05-30 10:13:21,434 INFO __main__: state={'hearts_full': 3, 'hearts_half': 0, 'health_ratio': 0.188, 'link_pos': [365, 433]}
2026-05-30 10:13:21,434 WARNING games.zelda.policy: Low health | health_ratio=0.19 | task=Task(name='get_wooden_sword')
2026-05-30 10:13:21,577 INFO __main__: link_blobs={'region': None, 'blobs_found': 3, 'mask_coverage': 0.0037}
2026-05-30 10:13:21,577 INFO __main__: state={'hearts_full': 3, 'hearts_half': 0, 'health_ratio': 0.188, 'link_pos': [365, 433]}
2026-05-30 10:13:21,577 WARNING games.zelda.policy: Low health | health_ratio=0.19 | task=Task(name='get_wooden_sword')
2026-05-30 10:13:21,724 INFO __main__: link_blobs={'region': None, 'blobs_found': 3, 'mask_coverage': 0.0037}
2026-05-30 10:13:21,724 INFO __main__: state={'hearts_full': 3, 'hearts_half': 0, 'health_ratio': 0.188, 'link_pos': [365, 433]}
2026-05-30 10:13:21,724 WARNING games.zelda.policy: Low health | health_ratio=0.19 | task=Task(name='get_wooden_sword')
2026-05-30 10:13:21,864 INFO __main__: link_blobs={'region': None, 'blobs_found': 3, 'mask_coverage': 0.0037}
2026-05-30 10:13:21,864 INFO __main__: state={'hearts_full': 3, 'hearts_half': 0, 'health_ratio': 0.188, 'link_pos': [365, 433]}
2026-05-30 10:13:21,864 WARNING games.zelda.policy: Low health | health_ratio=0.19 | task=Task(name='get_wooden_sword')
2026-05-30 10:13:22,007 INFO __main__: link_blobs={'region': None, 'blobs_found': 3, 'mask_coverage': 0.0037}
2026-05-30 10:13:22,007 INFO __main__: state={'hearts_full': 3, 'hearts_half': 0, 'health_ratio': 0.188, 'link_pos': [365, 433]}
2026-05-30 10:13:22,007 WARNING games.zelda.policy: Low health | health_ratio=0.19 | task=Task(name='get_wooden_sword')
2026-05-30 10:13:22,158 INFO __main__: link_blobs={'region': None, 'blobs_found': 3, 'mask_coverage': 0.0037}
2026-05-30 10:13:22,158 INFO __main__: state={'hearts_full': 3, 'hearts_half': 0, 'health_ratio': 0.188, 'link_pos': [365, 433]}
2026-05-30 10:13:22,158 WARNING games.zelda.policy: Low health | health_ratio=0.19 | task=Task(name='get_wooden_sword')
2026-05-30 10:13:22,307 INFO __main__: link_blobs={'region': None, 'blobs_found': 3, 'mask_coverage': 0.0037}
2026-05-30 10:13:22,307 INFO __main__: state={'hearts_full': 3, 'hearts_half': 0, 'health_ratio': 0.188, 'link_pos': [365, 433]}
2026-05-30 10:13:22,307 WARNING games.zelda.policy: Low health | health_ratio=0.19 | task=Task(name='get_wooden_sword')
2026-05-30 10:13:22,444 INFO __main__: link_blobs={'region': None, 'blobs_found': 3, 'mask_coverage': 0.0037}
2026-05-30 10:13:22,444 INFO __main__: state={'hearts_full': 3, 'hearts_half': 0, 'health_ratio': 0.188, 'link_pos': [365, 433]}
2026-05-30 10:13:22,444 WARNING games.zelda.policy: Low health | health_ratio=0.19 | task=Task(name='get_wooden_sword')
2026-05-30 10:13:22,594 INFO __main__: link_blobs={'region': None, 'blobs_found': 3, 'mask_coverage': 0.0037}
2026-05-30 10:13:22,594 INFO __main__: state={'hearts_full': 3, 'hearts_half': 0, 'health_ratio': 0.188, 'link_pos': [365, 433]}
2026-05-30 10:13:22,594 WARNING games.zelda.policy: Low health | health_ratio=0.19 | task=Task(name='get_wooden_sword')
2026-05-30 10:13:22,731 INFO __main__: link_blobs={'region': None, 'blobs_found': 3, 'mask_coverage': 0.0037}
2026-05-30 10:13:22,731 INFO __main__: state={'hearts_full': 3, 'hearts_half': 0, 'health_ratio': 0.188, 'link_pos': [365, 433]}
2026-05-30 10:13:22,731 WARNING games.zelda.policy: Low health | health_ratio=0.19 | task=Task(name='get_wooden_sword')
2026-05-30 10:13:22,877 INFO __main__: link_blobs={'region': None, 'blobs_found': 3, 'mask_coverage': 0.0037}
2026-05-30 10:13:22,877 INFO __main__: state={'hearts_full': 3, 'hearts_half': 0, 'health_ratio': 0.188, 'link_pos': [365, 433]}
2026-05-30 10:13:22,877 WARNING games.zelda.policy: Low health | health_ratio=0.19 | task=Task(name='get_wooden_sword')
2026-05-30 10:13:23,027 INFO __main__: link_blobs={'region': None, 'blobs_found': 3, 'mask_coverage': 0.0037}
2026-05-30 10:13:23,027 INFO __main__: state={'hearts_full': 3, 'hearts_half': 0, 'health_ratio': 0.188, 'link_pos': [365, 433]}
2026-05-30 10:13:23,027 WARNING games.zelda.policy: Low health | health_ratio=0.19 | task=Task(name='get_wooden_sword')
2026-05-30 10:13:23,157 INFO __main__: link_blobs={'region': None, 'blobs_found': 3, 'mask_coverage': 0.0037}
2026-05-30 10:13:23,157 INFO __main__: state={'hearts_full': 3, 'hearts_half': 0, 'health_ratio': 0.188, 'link_pos': [365, 433]}
2026-05-30 10:13:23,157 WARNING games.zelda.policy: Low health | health_ratio=0.19 | task=Task(name='get_wooden_sword')
2026-05-30 10:13:23,287 INFO __main__: link_blobs={'region': None, 'blobs_found': 3, 'mask_coverage': 0.0037}
2026-05-30 10:13:23,287 INFO __main__: state={'hearts_full': 3, 'hearts_half': 0, 'health_ratio': 0.188, 'link_pos': [365, 433]}
2026-05-30 10:13:23,287 WARNING games.zelda.policy: Low health | health_ratio=0.19 | task=Task(name='get_wooden_sword')
2026-05-30 10:13:23,427 INFO __main__: link_blobs={'region': None, 'blobs_found': 3, 'mask_coverage': 0.0037}
2026-05-30 10:13:23,427 INFO __main__: state={'hearts_full': 3, 'hearts_half': 0, 'health_ratio': 0.188, 'link_pos': [365, 433]}
2026-05-30 10:13:23,427 WARNING games.zelda.policy: Low health | health_ratio=0.19 | task=Task(name='get_wooden_sword')
2026-05-30 10:13:23,579 INFO __main__: link_blobs={'region': None, 'blobs_found': 3, 'mask_coverage': 0.0037}
2026-05-30 10:13:23,579 INFO __main__: state={'hearts_full': 3, 'hearts_half': 0, 'health_ratio': 0.188, 'link_pos': [365, 433]}
2026-05-30 10:13:23,579 WARNING games.zelda.policy: Low health | health_ratio=0.19 | task=Task(name='get_wooden_sword')
2026-05-30 10:13:23,728 INFO __main__: link_blobs={'region': None, 'blobs_found': 3, 'mask_coverage': 0.0037}
2026-05-30 10:13:23,728 INFO __main__: state={'hearts_full': 3, 'hearts_half': 0, 'health_ratio': 0.188, 'link_pos': [365, 433]}
2026-05-30 10:13:23,728 WARNING games.zelda.policy: Low health | health_ratio=0.19 | task=Task(name='get_wooden_sword')
2026-05-30 10:13:23,892 INFO __main__: link_blobs={'region': None, 'blobs_found': 3, 'mask_coverage': 0.0037}
2026-05-30 10:13:23,892 INFO __main__: state={'hearts_full': 3, 'hearts_half': 0, 'health_ratio': 0.188, 'link_pos': [365, 433]}
2026-05-30 10:13:23,892 WARNING games.zelda.policy: Low health | health_ratio=0.19 | task=Task(name='get_wooden_sword')
2026-05-30 10:13:24,047 INFO __main__: link_blobs={'region': None, 'blobs_found': 3, 'mask_coverage': 0.0037}
2026-05-30 10:13:24,047 INFO __main__: state={'hearts_full': 3, 'hearts_half': 0, 'health_ratio': 0.188, 'link_pos': [365, 433]}
2026-05-30 10:13:24,047 WARNING games.zelda.policy: Low health | health_ratio=0.19 | task=Task(name='get_wooden_sword')
2026-05-30 10:13:24,177 INFO __main__: link_blobs={'region': None, 'blobs_found': 3, 'mask_coverage': 0.0037}
2026-05-30 10:13:24,177 INFO __main__: state={'hearts_full': 3, 'hearts_half': 0, 'health_ratio': 0.188, 'link_pos': [365, 433]}
2026-05-30 10:13:24,177 WARNING games.zelda.policy: Low health | health_ratio=0.19 | task=Task(name='get_wooden_sword')
2026-05-30 10:13:24,308 INFO __main__: link_blobs={'region': None, 'blobs_found': 3, 'mask_coverage': 0.0037}
2026-05-30 10:13:24,308 INFO __main__: state={'hearts_full': 3, 'hearts_half': 0, 'health_ratio': 0.188, 'link_pos': [365, 433]}
2026-05-30 10:13:24,308 WARNING games.zelda.policy: Low health | health_ratio=0.19 | task=Task(name='get_wooden_sword')
2026-05-30 10:13:24,471 INFO __main__: link_blobs={'region': None, 'blobs_found': 3, 'mask_coverage': 0.0037}
2026-05-30 10:13:24,471 INFO __main__: state={'hearts_full': 3, 'hearts_half': 0, 'health_ratio': 0.188, 'link_pos': [365, 433]}
2026-05-30 10:13:24,471 WARNING games.zelda.policy: Low health | health_ratio=0.19 | task=Task(name='get_wooden_sword')
2026-05-30 10:13:24,609 INFO __main__: link_blobs={'region': None, 'blobs_found': 3, 'mask_coverage': 0.0037}
2026-05-30 10:13:24,609 INFO __main__: state={'hearts_full': 3, 'hearts_half': 0, 'health_ratio': 0.188, 'link_pos': [365, 433]}
2026-05-30 10:13:24,609 WARNING games.zelda.policy: Low health | health_ratio=0.19 | task=Task(name='get_wooden_sword')
2026-05-30 10:13:24,759 INFO __main__: link_blobs={'region': None, 'blobs_found': 3, 'mask_coverage': 0.0037}
2026-05-30 10:13:24,759 INFO __main__: state={'hearts_full': 3, 'hearts_half': 0, 'health_ratio': 0.188, 'link_pos': [365, 433]}
2026-05-30 10:13:24,759 WARNING games.zelda.policy: Low health | health_ratio=0.19 | task=Task(name='get_wooden_sword')
2026-05-30 10:13:24,925 INFO __main__: link_blobs={'region': None, 'blobs_found': 3, 'mask_coverage': 0.0037}
2026-05-30 10:13:24,925 INFO __main__: state={'hearts_full': 3, 'hearts_half': 0, 'health_ratio': 0.188, 'link_pos': [365, 433]}
2026-05-30 10:13:24,925 WARNING games.zelda.policy: Low health | health_ratio=0.19 | task=Task(name='get_wooden_sword')
2026-05-30 10:13:25,058 INFO __main__: link_blobs={'region': None, 'blobs_found': 3, 'mask_coverage': 0.0037}
2026-05-30 10:13:25,058 INFO __main__: state={'hearts_full': 3, 'hearts_half': 0, 'health_ratio': 0.188, 'link_pos': [365, 433]}
2026-05-30 10:13:25,058 WARNING games.zelda.policy: Low health | health_ratio=0.19 | task=Task(name='get_wooden_sword')
2026-05-30 10:13:25,199 INFO __main__: link_blobs={'region': None, 'blobs_found': 3, 'mask_coverage': 0.0037}
2026-05-30 10:13:25,199 INFO __main__: state={'hearts_full': 3, 'hearts_half': 0, 'health_ratio': 0.188, 'link_pos': [365, 433]}
2026-05-30 10:13:25,199 WARNING games.zelda.policy: Low health | health_ratio=0.19 | task=Task(name='get_wooden_sword')
2026-05-30 10:13:25,340 INFO __main__: link_blobs={'region': None, 'blobs_found': 3, 'mask_coverage': 0.0037}
2026-05-30 10:13:25,340 INFO __main__: state={'hearts_full': 3, 'hearts_half': 0, 'health_ratio': 0.188, 'link_pos': [365, 433]}
2026-05-30 10:13:25,340 WARNING games.zelda.policy: Low health | health_ratio=0.19 | task=Task(name='get_wooden_sword')
2026-05-30 10:13:25,477 INFO __main__: link_blobs={'region': None, 'blobs_found': 3, 'mask_coverage': 0.0037}
2026-05-30 10:13:25,478 INFO __main__: state={'hearts_full': 3, 'hearts_half': 0, 'health_ratio': 0.188, 'link_pos': [365, 433]}
2026-05-30 10:13:25,478 WARNING games.zelda.policy: Low health | health_ratio=0.19 | task=Task(name='get_wooden_sword')
2026-05-30 10:13:25,632 INFO __main__: link_blobs={'region': None, 'blobs_found': 3, 'mask_coverage': 0.0037}
2026-05-30 10:13:25,632 INFO __main__: state={'hearts_full': 3, 'hearts_half': 0, 'health_ratio': 0.188, 'link_pos': [365, 433]}
2026-05-30 10:13:25,632 WARNING games.zelda.policy: Low health | health_ratio=0.19 | task=Task(name='get_wooden_sword')
2026-05-30 10:13:25,786 INFO __main__: link_blobs={'region': None, 'blobs_found': 3, 'mask_coverage': 0.0037}
2026-05-30 10:13:25,786 INFO __main__: state={'hearts_full': 3, 'hearts_half': 0, 'health_ratio': 0.188, 'link_pos': [365, 433]}
2026-05-30 10:13:25,786 WARNING games.zelda.policy: Low health | health_ratio=0.19 | task=Task(name='get_wooden_sword')
2026-05-30 10:13:25,964 INFO __main__: link_blobs={'region': None, 'blobs_found': 3, 'mask_coverage': 0.0037}
2026-05-30 10:13:25,964 INFO __main__: state={'hearts_full': 3, 'hearts_half': 0, 'health_ratio': 0.188, 'link_pos': [365, 433]}
2026-05-30 10:13:25,964 WARNING games.zelda.policy: Low health | health_ratio=0.19 | task=Task(name='get_wooden_sword')
2026-05-30 10:13:26,111 INFO __main__: link_blobs={'region': None, 'blobs_found': 3, 'mask_coverage': 0.0037}
2026-05-30 10:13:26,111 INFO __main__: state={'hearts_full': 3, 'hearts_half': 0, 'health_ratio': 0.188, 'link_pos': [365, 433]}
2026-05-30 10:13:26,111 WARNING games.zelda.policy: Low health | health_ratio=0.19 | task=Task(name='get_wooden_sword')
2026-05-30 10:13:26,246 INFO __main__: link_blobs={'region': None, 'blobs_found': 3, 'mask_coverage': 0.0037}
2026-05-30 10:13:26,246 INFO __main__: state={'hearts_full': 3, 'hearts_half': 0, 'health_ratio': 0.188, 'link_pos': [365, 433]}
2026-05-30 10:13:26,246 WARNING games.zelda.policy: Low health | health_ratio=0.19 | task=Task(name='get_wooden_sword')
2026-05-30 10:13:26,395 INFO __main__: link_blobs={'region': None, 'blobs_found': 3, 'mask_coverage': 0.0037}
2026-05-30 10:13:26,395 INFO __main__: state={'hearts_full': 3, 'hearts_half': 0, 'health_ratio': 0.188, 'link_pos': [365, 433]}
2026-05-30 10:13:26,395 WARNING games.zelda.policy: Low health | health_ratio=0.19 | task=Task(name='get_wooden_sword')
2026-05-30 10:13:26,529 INFO __main__: link_blobs={'region': None, 'blobs_found': 3, 'mask_coverage': 0.0037}
2026-05-30 10:13:26,529 INFO __main__: state={'hearts_full': 3, 'hearts_half': 0, 'health_ratio': 0.188, 'link_pos': [365, 433]}
2026-05-30 10:13:26,529 WARNING games.zelda.policy: Low health | health_ratio=0.19 | task=Task(name='get_wooden_sword')
2026-05-30 10:13:26,674 INFO __main__: link_blobs={'region': None, 'blobs_found': 3, 'mask_coverage': 0.0037}
2026-05-30 10:13:26,674 INFO __main__: state={'hearts_full': 3, 'hearts_half': 0, 'health_ratio': 0.188, 'link_pos': [365, 433]}
2026-05-30 10:13:26,677 WARNING games.zelda.policy: Low health | health_ratio=0.19 | task=Task(name='get_wooden_sword')
2026-05-30 10:13:26,847 INFO __main__: link_blobs={'region': None, 'blobs_found': 3, 'mask_coverage': 0.0037}
2026-05-30 10:13:26,847 INFO __main__: state={'hearts_full': 3, 'hearts_half': 0, 'health_ratio': 0.188, 'link_pos': [365, 433]}
2026-05-30 10:13:26,847 WARNING games.zelda.policy: Low health | health_ratio=0.19 | task=Task(name='get_wooden_sword')
2026-05-30 10:13:26,991 INFO __main__: link_blobs={'region': None, 'blobs_found': 3, 'mask_coverage': 0.0037}
2026-05-30 10:13:26,991 INFO __main__: state={'hearts_full': 3, 'hearts_half': 0, 'health_ratio': 0.188, 'link_pos': [365, 433]}
2026-05-30 10:13:26,991 WARNING games.zelda.policy: Low health | health_ratio=0.19 | task=Task(name='get_wooden_sword')
2026-05-30 10:13:27,147 INFO __main__: link_blobs={'region': None, 'blobs_found': 3, 'mask_coverage': 0.0037}
2026-05-30 10:13:27,147 INFO __main__: state={'hearts_full': 3, 'hearts_half': 0, 'health_ratio': 0.188, 'link_pos': [365, 433]}
2026-05-30 10:13:27,147 WARNING games.zelda.policy: Low health | health_ratio=0.19 | task=Task(name='get_wooden_sword')
2026-05-30 10:13:27,290 INFO __main__: link_blobs={'region': None, 'blobs_found': 3, 'mask_coverage': 0.0037}
2026-05-30 10:13:27,290 INFO __main__: state={'hearts_full': 3, 'hearts_half': 0, 'health_ratio': 0.188, 'link_pos': [365, 433]}
2026-05-30 10:13:27,290 WARNING games.zelda.policy: Low health | health_ratio=0.19 | task=Task(name='get_wooden_sword')
2026-05-30 10:13:27,425 INFO __main__: link_blobs={'region': None, 'blobs_found': 3, 'mask_coverage': 0.0037}
2026-05-30 10:13:27,427 INFO __main__: state={'hearts_full': 3, 'hearts_half': 0, 'health_ratio': 0.188, 'link_pos': [365, 433]}
2026-05-30 10:13:27,427 WARNING games.zelda.policy: Low health | health_ratio=0.19 | task=Task(name='get_wooden_sword')
2026-05-30 10:13:27,580 INFO __main__: link_blobs={'region': None, 'blobs_found': 3, 'mask_coverage': 0.0037}
2026-05-30 10:13:27,580 INFO __main__: state={'hearts_full': 3, 'hearts_half': 0, 'health_ratio': 0.188, 'link_pos': [365, 433]}
2026-05-30 10:13:27,580 WARNING games.zelda.policy: Low health | health_ratio=0.19 | task=Task(name='get_wooden_sword')
2026-05-30 10:13:27,718 INFO __main__: link_blobs={'region': None, 'blobs_found': 3, 'mask_coverage': 0.0037}
2026-05-30 10:13:27,718 INFO __main__: state={'hearts_full': 3, 'hearts_half': 0, 'health_ratio': 0.188, 'link_pos': [365, 433]}
2026-05-30 10:13:27,718 WARNING games.zelda.policy: Low health | health_ratio=0.19 | task=Task(name='get_wooden_sword')
2026-05-30 10:13:27,887 INFO __main__: link_blobs={'region': None, 'blobs_found': 3, 'mask_coverage': 0.0037}
2026-05-30 10:13:27,887 INFO __main__: state={'hearts_full': 3, 'hearts_half': 0, 'health_ratio': 0.188, 'link_pos': [365, 433]}
2026-05-30 10:13:27,887 WARNING games.zelda.policy: Low health | health_ratio=0.19 | task=Task(name='get_wooden_sword')
2026-05-30 10:13:28,043 INFO __main__: link_blobs={'region': None, 'blobs_found': 3, 'mask_coverage': 0.0037}
2026-05-30 10:13:28,043 INFO __main__: state={'hearts_full': 3, 'hearts_half': 0, 'health_ratio': 0.188, 'link_pos': [365, 433]}
2026-05-30 10:13:28,043 WARNING games.zelda.policy: Low health | health_ratio=0.19 | task=Task(name='get_wooden_sword')
2026-05-30 10:13:28,197 INFO __main__: link_blobs={'region': None, 'blobs_found': 3, 'mask_coverage': 0.0037}
2026-05-30 10:13:28,197 INFO __main__: state={'hearts_full': 3, 'hearts_half': 0, 'health_ratio': 0.188, 'link_pos': [365, 433]}
2026-05-30 10:13:28,197 WARNING games.zelda.policy: Low health | health_ratio=0.19 | task=Task(name='get_wooden_sword')
2026-05-30 10:13:28,329 INFO __main__: link_blobs={'region': None, 'blobs_found': 3, 'mask_coverage': 0.0037}
2026-05-30 10:13:28,329 INFO __main__: state={'hearts_full': 3, 'hearts_half': 0, 'health_ratio': 0.188, 'link_pos': [365, 433]}
2026-05-30 10:13:28,329 WARNING games.zelda.policy: Low health | health_ratio=0.19 | task=Task(name='get_wooden_sword')
2026-05-30 10:13:28,469 INFO __main__: link_blobs={'region': None, 'blobs_found': 3, 'mask_coverage': 0.0037}
2026-05-30 10:13:28,469 INFO __main__: state={'hearts_full': 3, 'hearts_half': 0, 'health_ratio': 0.188, 'link_pos': [365, 433]}
2026-05-30 10:13:28,469 WARNING games.zelda.policy: Low health | health_ratio=0.19 | task=Task(name='get_wooden_sword')
2026-05-30 10:13:28,635 INFO __main__: link_blobs={'region': None, 'blobs_found': 3, 'mask_coverage': 0.0037}
2026-05-30 10:13:28,637 INFO __main__: state={'hearts_full': 3, 'hearts_half': 0, 'health_ratio': 0.188, 'link_pos': [365, 433]}
2026-05-30 10:13:28,637 WARNING games.zelda.policy: Low health | health_ratio=0.19 | task=Task(name='get_wooden_sword')
2026-05-30 10:13:28,796 INFO __main__: link_blobs={'region': None, 'blobs_found': 3, 'mask_coverage': 0.0037}
2026-05-30 10:13:28,796 INFO __main__: state={'hearts_full': 3, 'hearts_half': 0, 'health_ratio': 0.188, 'link_pos': [365, 433]}
2026-05-30 10:13:28,796 WARNING games.zelda.policy: Low health | health_ratio=0.19 | task=Task(name='get_wooden_sword')
2026-05-30 10:13:28,934 INFO __main__: link_blobs={'region': None, 'blobs_found': 3, 'mask_coverage': 0.0037}
2026-05-30 10:13:28,937 INFO __main__: state={'hearts_full': 3, 'hearts_half': 0, 'health_ratio': 0.188, 'link_pos': [365, 433]}
2026-05-30 10:13:28,937 WARNING games.zelda.policy: Low health | health_ratio=0.19 | task=Task(name='get_wooden_sword')
2026-05-30 10:13:29,077 INFO __main__: link_blobs={'region': None, 'blobs_found': 3, 'mask_coverage': 0.0037}
2026-05-30 10:13:29,077 INFO __main__: state={'hearts_full': 3, 'hearts_half': 0, 'health_ratio': 0.188, 'link_pos': [365, 433]}
2026-05-30 10:13:29,077 WARNING games.zelda.policy: Low health | health_ratio=0.19 | task=Task(name='get_wooden_sword')
2026-05-30 10:13:29,215 INFO __main__: link_blobs={'region': None, 'blobs_found': 3, 'mask_coverage': 0.0037}
2026-05-30 10:13:29,215 INFO __main__: state={'hearts_full': 3, 'hearts_half': 0, 'health_ratio': 0.188, 'link_pos': [365, 433]}
2026-05-30 10:13:29,215 WARNING games.zelda.policy: Low health | health_ratio=0.19 | task=Task(name='get_wooden_sword')
2026-05-30 10:13:29,357 INFO __main__: link_blobs={'region': None, 'blobs_found': 3, 'mask_coverage': 0.0037}
2026-05-30 10:13:29,357 INFO __main__: state={'hearts_full': 3, 'hearts_half': 0, 'health_ratio': 0.188, 'link_pos': [365, 433]}
2026-05-30 10:13:29,357 WARNING games.zelda.policy: Low health | health_ratio=0.19 | task=Task(name='get_wooden_sword')
2026-05-30 10:13:29,514 INFO __main__: link_blobs={'region': None, 'blobs_found': 3, 'mask_coverage': 0.0037}
2026-05-30 10:13:29,514 INFO __main__: state={'hearts_full': 3, 'hearts_half': 0, 'health_ratio': 0.188, 'link_pos': [365, 433]}
2026-05-30 10:13:29,514 WARNING games.zelda.policy: Low health | health_ratio=0.19 | task=Task(name='get_wooden_sword')
2026-05-30 10:13:29,682 INFO __main__: link_blobs={'region': None, 'blobs_found': 3, 'mask_coverage': 0.0037}
2026-05-30 10:13:29,682 INFO __main__: state={'hearts_full': 3, 'hearts_half': 0, 'health_ratio': 0.188, 'link_pos': [365, 433]}
2026-05-30 10:13:29,682 WARNING games.zelda.policy: Low health | health_ratio=0.19 | task=Task(name='get_wooden_sword')
2026-05-30 10:13:29,839 INFO __main__: link_blobs={'region': None, 'blobs_found': 3, 'mask_coverage': 0.0037}
2026-05-30 10:13:29,839 INFO __main__: state={'hearts_full': 3, 'hearts_half': 0, 'health_ratio': 0.188, 'link_pos': [365, 433]}
2026-05-30 10:13:29,839 WARNING games.zelda.policy: Low health | health_ratio=0.19 | task=Task(name='get_wooden_sword')
2026-05-30 10:13:29,977 INFO __main__: link_blobs={'region': None, 'blobs_found': 3, 'mask_coverage': 0.0037}
2026-05-30 10:13:29,977 INFO __main__: state={'hearts_full': 3, 'hearts_half': 0, 'health_ratio': 0.188, 'link_pos': [365, 433]}
2026-05-30 10:13:29,977 WARNING games.zelda.policy: Low health | health_ratio=0.19 | task=Task(name='get_wooden_sword')
2026-05-30 10:13:30,112 INFO __main__: link_blobs={'region': None, 'blobs_found': 3, 'mask_coverage': 0.0037}
2026-05-30 10:13:30,112 INFO __main__: state={'hearts_full': 3, 'hearts_half': 0, 'health_ratio': 0.188, 'link_pos': [365, 433]}
2026-05-30 10:13:30,112 WARNING games.zelda.policy: Low health | health_ratio=0.19 | task=Task(name='get_wooden_sword')
2026-05-30 10:13:30,248 INFO __main__: link_blobs={'region': None, 'blobs_found': 3, 'mask_coverage': 0.0037}
2026-05-30 10:13:30,248 INFO __main__: state={'hearts_full': 3, 'hearts_half': 0, 'health_ratio': 0.188, 'link_pos': [365, 433]}
2026-05-30 10:13:30,248 WARNING games.zelda.policy: Low health | health_ratio=0.19 | task=Task(name='get_wooden_sword')
2026-05-30 10:13:30,403 INFO __main__: link_blobs={'region': None, 'blobs_found': 3, 'mask_coverage': 0.0037}
2026-05-30 10:13:30,403 INFO __main__: state={'hearts_full': 3, 'hearts_half': 0, 'health_ratio': 0.188, 'link_pos': [365, 433]}
2026-05-30 10:13:30,403 WARNING games.zelda.policy: Low health | health_ratio=0.19 | task=Task(name='get_wooden_sword')
2026-05-30 10:13:30,548 INFO __main__: link_blobs={'region': None, 'blobs_found': 3, 'mask_coverage': 0.0037}
2026-05-30 10:13:30,548 INFO __main__: state={'hearts_full': 3, 'hearts_half': 0, 'health_ratio': 0.188, 'link_pos': [365, 433]}
2026-05-30 10:13:30,548 WARNING games.zelda.policy: Low health | health_ratio=0.19 | task=Task(name='get_wooden_sword')
2026-05-30 10:13:30,697 INFO __main__: link_blobs={'region': None, 'blobs_found': 3, 'mask_coverage': 0.0037}
2026-05-30 10:13:30,697 INFO __main__: state={'hearts_full': 3, 'hearts_half': 0, 'health_ratio': 0.188, 'link_pos': [365, 433]}
2026-05-30 10:13:30,697 WARNING games.zelda.policy: Low health | health_ratio=0.19 | task=Task(name='get_wooden_sword')
2026-05-30 10:13:30,852 INFO __main__: link_blobs={'region': None, 'blobs_found': 3, 'mask_coverage': 0.0037}
2026-05-30 10:13:30,852 INFO __main__: state={'hearts_full': 3, 'hearts_half': 0, 'health_ratio': 0.188, 'link_pos': [365, 433]}
2026-05-30 10:13:30,852 WARNING games.zelda.policy: Low health | health_ratio=0.19 | task=Task(name='get_wooden_sword')
2026-05-30 10:13:31,007 INFO __main__: link_blobs={'region': None, 'blobs_found': 3, 'mask_coverage': 0.0037}
2026-05-30 10:13:31,007 INFO __main__: state={'hearts_full': 3, 'hearts_half': 0, 'health_ratio': 0.188, 'link_pos': [365, 433]}
2026-05-30 10:13:31,007 WARNING games.zelda.policy: Low health | health_ratio=0.19 | task=Task(name='get_wooden_sword')
2026-05-30 10:13:31,158 INFO __main__: link_blobs={'region': None, 'blobs_found': 3, 'mask_coverage': 0.0037}
2026-05-30 10:13:31,158 INFO __main__: state={'hearts_full': 3, 'hearts_half': 0, 'health_ratio': 0.188, 'link_pos': [365, 433]}
2026-05-30 10:13:31,158 WARNING games.zelda.policy: Low health | health_ratio=0.19 | task=Task(name='get_wooden_sword')
2026-05-30 10:13:31,307 INFO __main__: link_blobs={'region': None, 'blobs_found': 3, 'mask_coverage': 0.0037}
2026-05-30 10:13:31,307 INFO __main__: state={'hearts_full': 3, 'hearts_half': 0, 'health_ratio': 0.188, 'link_pos': [365, 433]}
2026-05-30 10:13:31,307 WARNING games.zelda.policy: Low health | health_ratio=0.19 | task=Task(name='get_wooden_sword')
2026-05-30 10:13:31,442 INFO __main__: link_blobs={'region': None, 'blobs_found': 3, 'mask_coverage': 0.0037}
2026-05-30 10:13:31,442 INFO __main__: state={'hearts_full': 3, 'hearts_half': 0, 'health_ratio': 0.188, 'link_pos': [365, 433]}
2026-05-30 10:13:31,442 WARNING games.zelda.policy: Low health | health_ratio=0.19 | task=Task(name='get_wooden_sword')
2026-05-30 10:13:31,587 INFO __main__: link_blobs={'region': None, 'blobs_found': 3, 'mask_coverage': 0.0037}
2026-05-30 10:13:31,587 INFO __main__: state={'hearts_full': 3, 'hearts_half': 0, 'health_ratio': 0.188, 'link_pos': [365, 433]}
2026-05-30 10:13:31,587 WARNING games.zelda.policy: Low health | health_ratio=0.19 | task=Task(name='get_wooden_sword')
2026-05-30 10:13:31,728 INFO __main__: link_blobs={'region': None, 'blobs_found': 3, 'mask_coverage': 0.0037}
2026-05-30 10:13:31,728 INFO __main__: state={'hearts_full': 3, 'hearts_half': 0, 'health_ratio': 0.188, 'link_pos': [365, 433]}
2026-05-30 10:13:31,728 WARNING games.zelda.policy: Low health | health_ratio=0.19 | task=Task(name='get_wooden_sword')
2026-05-30 10:13:31,870 INFO __main__: link_blobs={'region': None, 'blobs_found': 3, 'mask_coverage': 0.0037}
2026-05-30 10:13:31,870 INFO __main__: state={'hearts_full': 3, 'hearts_half': 0, 'health_ratio': 0.188, 'link_pos': [365, 433]}
2026-05-30 10:13:31,870 WARNING games.zelda.policy: Low health | health_ratio=0.19 | task=Task(name='get_wooden_sword')
2026-05-30 10:13:32,010 INFO __main__: link_blobs={'region': None, 'blobs_found': 3, 'mask_coverage': 0.0037}
2026-05-30 10:13:32,010 INFO __main__: state={'hearts_full': 3, 'hearts_half': 0, 'health_ratio': 0.188, 'link_pos': [365, 433]}
2026-05-30 10:13:32,010 WARNING games.zelda.policy: Low health | health_ratio=0.19 | task=Task(name='get_wooden_sword')
2026-05-30 10:13:32,162 INFO __main__: link_blobs={'region': None, 'blobs_found': 3, 'mask_coverage': 0.0037}
2026-05-30 10:13:32,162 INFO __main__: state={'hearts_full': 3, 'hearts_half': 0, 'health_ratio': 0.188, 'link_pos': [365, 433]}
2026-05-30 10:13:32,162 WARNING games.zelda.policy: Low health | health_ratio=0.19 | task=Task(name='get_wooden_sword')
2026-05-30 10:13:32,322 INFO __main__: link_blobs={'region': None, 'blobs_found': 3, 'mask_coverage': 0.0037}
2026-05-30 10:13:32,322 INFO __main__: state={'hearts_full': 3, 'hearts_half': 0, 'health_ratio': 0.188, 'link_pos': [365, 433]}
2026-05-30 10:13:32,322 WARNING games.zelda.policy: Low health | health_ratio=0.19 | task=Task(name='get_wooden_sword')
2026-05-30 10:13:32,462 INFO __main__: link_blobs={'region': None, 'blobs_found': 3, 'mask_coverage': 0.0037}
2026-05-30 10:13:32,462 INFO __main__: state={'hearts_full': 3, 'hearts_half': 0, 'health_ratio': 0.188, 'link_pos': [365, 433]}
2026-05-30 10:13:32,462 WARNING games.zelda.policy: Low health | health_ratio=0.19 | task=Task(name='get_wooden_sword')
2026-05-30 10:13:32,608 INFO __main__: link_blobs={'region': None, 'blobs_found': 3, 'mask_coverage': 0.0037}
2026-05-30 10:13:32,608 INFO __main__: state={'hearts_full': 3, 'hearts_half': 0, 'health_ratio': 0.188, 'link_pos': [365, 433]}
2026-05-30 10:13:32,608 WARNING games.zelda.policy: Low health | health_ratio=0.19 | task=Task(name='get_wooden_sword')
2026-05-30 10:13:32,743 INFO __main__: link_blobs={'region': None, 'blobs_found': 3, 'mask_coverage': 0.0037}
2026-05-30 10:13:32,743 INFO __main__: state={'hearts_full': 3, 'hearts_half': 0, 'health_ratio': 0.188, 'link_pos': [365, 433]}
2026-05-30 10:13:32,743 WARNING games.zelda.policy: Low health | health_ratio=0.19 | task=Task(name='get_wooden_sword')
2026-05-30 10:13:32,897 INFO __main__: link_blobs={'region': None, 'blobs_found': 3, 'mask_coverage': 0.0037}
2026-05-30 10:13:32,897 INFO __main__: state={'hearts_full': 3, 'hearts_half': 0, 'health_ratio': 0.188, 'link_pos': [365, 433]}
2026-05-30 10:13:32,897 WARNING games.zelda.policy: Low health | health_ratio=0.19 | task=Task(name='get_wooden_sword')
2026-05-30 10:13:33,039 INFO __main__: link_blobs={'region': None, 'blobs_found': 3, 'mask_coverage': 0.0037}
2026-05-30 10:13:33,039 INFO __main__: state={'hearts_full': 3, 'hearts_half': 0, 'health_ratio': 0.188, 'link_pos': [365, 433]}
2026-05-30 10:13:33,039 WARNING games.zelda.policy: Low health | health_ratio=0.19 | task=Task(name='get_wooden_sword')
2026-05-30 10:13:33,193 INFO __main__: link_blobs={'region': None, 'blobs_found': 3, 'mask_coverage': 0.0037}
2026-05-30 10:13:33,193 INFO __main__: state={'hearts_full': 3, 'hearts_half': 0, 'health_ratio': 0.188, 'link_pos': [365, 433]}
2026-05-30 10:13:33,193 WARNING games.zelda.policy: Low health | health_ratio=0.19 | task=Task(name='get_wooden_sword')
2026-05-30 10:13:33,322 INFO __main__: link_blobs={'region': None, 'blobs_found': 3, 'mask_coverage': 0.0037}
2026-05-30 10:13:33,322 INFO __main__: state={'hearts_full': 3, 'hearts_half': 0, 'health_ratio': 0.188, 'link_pos': [365, 433]}
2026-05-30 10:13:33,322 WARNING games.zelda.policy: Low health | health_ratio=0.19 | task=Task(name='get_wooden_sword')
2026-05-30 10:13:33,477 INFO __main__: link_blobs={'region': None, 'blobs_found': 3, 'mask_coverage': 0.0037}
2026-05-30 10:13:33,478 INFO __main__: state={'hearts_full': 3, 'hearts_half': 0, 'health_ratio': 0.188, 'link_pos': [365, 433]}
2026-05-30 10:13:33,478 WARNING games.zelda.policy: Low health | health_ratio=0.19 | task=Task(name='get_wooden_sword')
2026-05-30 10:13:33,614 INFO __main__: link_blobs={'region': None, 'blobs_found': 3, 'mask_coverage': 0.0037}
2026-05-30 10:13:33,614 INFO __main__: state={'hearts_full': 3, 'hearts_half': 0, 'health_ratio': 0.188, 'link_pos': [365, 433]}
2026-05-30 10:13:33,614 WARNING games.zelda.policy: Low health | health_ratio=0.19 | task=Task(name='get_wooden_sword')
2026-05-30 10:13:33,740 INFO __main__: link_blobs={'region': None, 'blobs_found': 3, 'mask_coverage': 0.0037}
2026-05-30 10:13:33,740 INFO __main__: state={'hearts_full': 3, 'hearts_half': 0, 'health_ratio': 0.188, 'link_pos': [365, 433]}
2026-05-30 10:13:33,740 WARNING games.zelda.policy: Low health | health_ratio=0.19 | task=Task(name='get_wooden_sword')
2026-05-30 10:13:33,889 INFO __main__: link_blobs={'region': None, 'blobs_found': 3, 'mask_coverage': 0.0037}
2026-05-30 10:13:33,889 INFO __main__: state={'hearts_full': 3, 'hearts_half': 0, 'health_ratio': 0.188, 'link_pos': [365, 433]}
2026-05-30 10:13:33,889 WARNING games.zelda.policy: Low health | health_ratio=0.19 | task=Task(name='get_wooden_sword')
2026-05-30 10:13:34,029 INFO __main__: link_blobs={'region': None, 'blobs_found': 3, 'mask_coverage': 0.0037}
2026-05-30 10:13:34,029 INFO __main__: state={'hearts_full': 3, 'hearts_half': 0, 'health_ratio': 0.188, 'link_pos': [365, 433]}
2026-05-30 10:13:34,029 WARNING games.zelda.policy: Low health | health_ratio=0.19 | task=Task(name='get_wooden_sword')
2026-05-30 10:13:34,180 INFO __main__: link_blobs={'region': None, 'blobs_found': 3, 'mask_coverage': 0.0037}
2026-05-30 10:13:34,180 INFO __main__: state={'hearts_full': 3, 'hearts_half': 0, 'health_ratio': 0.188, 'link_pos': [365, 433]}
2026-05-30 10:13:34,180 WARNING games.zelda.policy: Low health | health_ratio=0.19 | task=Task(name='get_wooden_sword')
2026-05-30 10:13:34,310 INFO __main__: link_blobs={'region': None, 'blobs_found': 3, 'mask_coverage': 0.0037}
2026-05-30 10:13:34,310 INFO __main__: state={'hearts_full': 3, 'hearts_half': 0, 'health_ratio': 0.188, 'link_pos': [365, 433]}
2026-05-30 10:13:34,310 WARNING games.zelda.policy: Low health | health_ratio=0.19 | task=Task(name='get_wooden_sword')
2026-05-30 10:13:34,448 INFO __main__: link_blobs={'region': None, 'blobs_found': 3, 'mask_coverage': 0.0037}
2026-05-30 10:13:34,448 INFO __main__: state={'hearts_full': 3, 'hearts_half': 0, 'health_ratio': 0.188, 'link_pos': [365, 433]}
2026-05-30 10:13:34,448 WARNING games.zelda.policy: Low health | health_ratio=0.19 | task=Task(name='get_wooden_sword')
2026-05-30 10:13:34,599 INFO __main__: link_blobs={'region': None, 'blobs_found': 3, 'mask_coverage': 0.0037}
2026-05-30 10:13:34,599 INFO __main__: state={'hearts_full': 3, 'hearts_half': 0, 'health_ratio': 0.188, 'link_pos': [365, 433]}
2026-05-30 10:13:34,599 WARNING games.zelda.policy: Low health | health_ratio=0.19 | task=Task(name='get_wooden_sword')
2026-05-30 10:13:34,751 INFO __main__: link_blobs={'region': None, 'blobs_found': 3, 'mask_coverage': 0.0037}
2026-05-30 10:13:34,751 INFO __main__: state={'hearts_full': 3, 'hearts_half': 0, 'health_ratio': 0.188, 'link_pos': [365, 433]}
2026-05-30 10:13:34,751 WARNING games.zelda.policy: Low health | health_ratio=0.19 | task=Task(name='get_wooden_sword')
2026-05-30 10:13:34,893 INFO __main__: link_blobs={'region': None, 'blobs_found': 3, 'mask_coverage': 0.0037}
2026-05-30 10:13:34,893 INFO __main__: state={'hearts_full': 3, 'hearts_half': 0, 'health_ratio': 0.188, 'link_pos': [365, 433]}
2026-05-30 10:13:34,893 WARNING games.zelda.policy: Low health | health_ratio=0.19 | task=Task(name='get_wooden_sword')
2026-05-30 10:13:35,053 INFO __main__: link_blobs={'region': None, 'blobs_found': 3, 'mask_coverage': 0.0037}
2026-05-30 10:13:35,053 INFO __main__: state={'hearts_full': 3, 'hearts_half': 0, 'health_ratio': 0.188, 'link_pos': [365, 433]}
2026-05-30 10:13:35,053 WARNING games.zelda.policy: Low health | health_ratio=0.19 | task=Task(name='get_wooden_sword')
2026-05-30 10:13:35,189 INFO __main__: link_blobs={'region': None, 'blobs_found': 3, 'mask_coverage': 0.0037}
2026-05-30 10:13:35,189 INFO __main__: state={'hearts_full': 3, 'hearts_half': 0, 'health_ratio': 0.188, 'link_pos': [365, 433]}
2026-05-30 10:13:35,195 WARNING games.zelda.policy: Low health | health_ratio=0.19 | task=Task(name='get_wooden_sword')
2026-05-30 10:13:35,331 INFO __main__: link_blobs={'region': None, 'blobs_found': 3, 'mask_coverage': 0.0037}
2026-05-30 10:13:35,331 INFO __main__: state={'hearts_full': 3, 'hearts_half': 0, 'health_ratio': 0.188, 'link_pos': [365, 433]}
2026-05-30 10:13:35,331 WARNING games.zelda.policy: Low health | health_ratio=0.19 | task=Task(name='get_wooden_sword')
2026-05-30 10:13:35,472 INFO __main__: link_blobs={'region': None, 'blobs_found': 3, 'mask_coverage': 0.0037}
2026-05-30 10:13:35,472 INFO __main__: state={'hearts_full': 3, 'hearts_half': 0, 'health_ratio': 0.188, 'link_pos': [365, 433]}
2026-05-30 10:13:35,472 WARNING games.zelda.policy: Low health | health_ratio=0.19 | task=Task(name='get_wooden_sword')
2026-05-30 10:13:35,612 INFO __main__: link_blobs={'region': None, 'blobs_found': 3, 'mask_coverage': 0.0037}
2026-05-30 10:13:35,612 INFO __main__: state={'hearts_full': 3, 'hearts_half': 0, 'health_ratio': 0.188, 'link_pos': [365, 433]}
2026-05-30 10:13:35,612 WARNING games.zelda.policy: Low health | health_ratio=0.19 | task=Task(name='get_wooden_sword')
2026-05-30 10:13:35,764 INFO __main__: link_blobs={'region': None, 'blobs_found': 3, 'mask_coverage': 0.0037}
2026-05-30 10:13:35,764 INFO __main__: state={'hearts_full': 3, 'hearts_half': 0, 'health_ratio': 0.188, 'link_pos': [365, 433]}
2026-05-30 10:13:35,764 WARNING games.zelda.policy: Low health | health_ratio=0.19 | task=Task(name='get_wooden_sword')
2026-05-30 10:13:35,900 INFO __main__: link_blobs={'region': None, 'blobs_found': 3, 'mask_coverage': 0.0037}
2026-05-30 10:13:35,900 INFO __main__: state={'hearts_full': 3, 'hearts_half': 0, 'health_ratio': 0.188, 'link_pos': [365, 433]}
2026-05-30 10:13:35,900 WARNING games.zelda.policy: Low health | health_ratio=0.19 | task=Task(name='get_wooden_sword')
2026-05-30 10:13:36,040 INFO __main__: link_blobs={'region': None, 'blobs_found': 3, 'mask_coverage': 0.0037}
2026-05-30 10:13:36,040 INFO __main__: state={'hearts_full': 3, 'hearts_half': 0, 'health_ratio': 0.188, 'link_pos': [365, 433]}
2026-05-30 10:13:36,040 WARNING games.zelda.policy: Low health | health_ratio=0.19 | task=Task(name='get_wooden_sword')
2026-05-30 10:13:36,178 INFO __main__: link_blobs={'region': None, 'blobs_found': 3, 'mask_coverage': 0.0037}
2026-05-30 10:13:36,178 INFO __main__: state={'hearts_full': 3, 'hearts_half': 0, 'health_ratio': 0.188, 'link_pos': [365, 433]}
2026-05-30 10:13:36,178 WARNING games.zelda.policy: Low health | health_ratio=0.19 | task=Task(name='get_wooden_sword')
2026-05-30 10:13:36,345 INFO __main__: link_blobs={'region': None, 'blobs_found': 3, 'mask_coverage': 0.0037}
2026-05-30 10:13:36,345 INFO __main__: state={'hearts_full': 3, 'hearts_half': 0, 'health_ratio': 0.188, 'link_pos': [365, 433]}
2026-05-30 10:13:36,345 WARNING games.zelda.policy: Low health | health_ratio=0.19 | task=Task(name='get_wooden_sword')
2026-05-30 10:13:36,497 INFO __main__: link_blobs={'region': None, 'blobs_found': 3, 'mask_coverage': 0.0037}
2026-05-30 10:13:36,497 INFO __main__: state={'hearts_full': 3, 'hearts_half': 0, 'health_ratio': 0.188, 'link_pos': [365, 433]}
2026-05-30 10:13:36,497 WARNING games.zelda.policy: Low health | health_ratio=0.19 | task=Task(name='get_wooden_sword')
2026-05-30 10:13:36,665 INFO __main__: link_blobs={'region': None, 'blobs_found': 3, 'mask_coverage': 0.0037}
2026-05-30 10:13:36,665 INFO __main__: state={'hearts_full': 3, 'hearts_half': 0, 'health_ratio': 0.188, 'link_pos': [365, 433]}
2026-05-30 10:13:36,665 WARNING games.zelda.policy: Low health | health_ratio=0.19 | task=Task(name='get_wooden_sword')
2026-05-30 10:13:36,827 INFO __main__: link_blobs={'region': None, 'blobs_found': 3, 'mask_coverage': 0.0037}
2026-05-30 10:13:36,827 INFO __main__: state={'hearts_full': 3, 'hearts_half': 0, 'health_ratio': 0.188, 'link_pos': [365, 433]}
2026-05-30 10:13:36,827 WARNING games.zelda.policy: Low health | health_ratio=0.19 | task=Task(name='get_wooden_sword')
2026-05-30 10:13:36,967 INFO __main__: link_blobs={'region': None, 'blobs_found': 3, 'mask_coverage': 0.0037}
2026-05-30 10:13:36,967 INFO __main__: state={'hearts_full': 3, 'hearts_half': 0, 'health_ratio': 0.188, 'link_pos': [365, 433]}
2026-05-30 10:13:36,967 WARNING games.zelda.policy: Low health | health_ratio=0.19 | task=Task(name='get_wooden_sword')
2026-05-30 10:13:37,108 INFO __main__: link_blobs={'region': None, 'blobs_found': 3, 'mask_coverage': 0.0037}
2026-05-30 10:13:37,108 INFO __main__: state={'hearts_full': 3, 'hearts_half': 0, 'health_ratio': 0.188, 'link_pos': [365, 433]}
2026-05-30 10:13:37,108 WARNING games.zelda.policy: Low health | health_ratio=0.19 | task=Task(name='get_wooden_sword')
2026-05-30 10:13:37,263 INFO __main__: link_blobs={'region': None, 'blobs_found': 3, 'mask_coverage': 0.0037}
2026-05-30 10:13:37,263 INFO __main__: state={'hearts_full': 3, 'hearts_half': 0, 'health_ratio': 0.188, 'link_pos': [365, 433]}
2026-05-30 10:13:37,263 WARNING games.zelda.policy: Low health | health_ratio=0.19 | task=Task(name='get_wooden_sword')
2026-05-30 10:13:37,413 INFO __main__: link_blobs={'region': None, 'blobs_found': 3, 'mask_coverage': 0.0037}
2026-05-30 10:13:37,413 INFO __main__: state={'hearts_full': 3, 'hearts_half': 0, 'health_ratio': 0.188, 'link_pos': [365, 433]}
2026-05-30 10:13:37,413 WARNING games.zelda.policy: Low health | health_ratio=0.19 | task=Task(name='get_wooden_sword')
2026-05-30 10:13:37,557 INFO __main__: link_blobs={'region': None, 'blobs_found': 3, 'mask_coverage': 0.0037}
2026-05-30 10:13:37,557 INFO __main__: state={'hearts_full': 3, 'hearts_half': 0, 'health_ratio': 0.188, 'link_pos': [365, 433]}
2026-05-30 10:13:37,557 WARNING games.zelda.policy: Low health | health_ratio=0.19 | task=Task(name='get_wooden_sword')
2026-05-30 10:13:37,704 INFO __main__: link_blobs={'region': None, 'blobs_found': 3, 'mask_coverage': 0.0037}
2026-05-30 10:13:37,704 INFO __main__: state={'hearts_full': 3, 'hearts_half': 0, 'health_ratio': 0.188, 'link_pos': [365, 433]}
2026-05-30 10:13:37,704 WARNING games.zelda.policy: Low health | health_ratio=0.19 | task=Task(name='get_wooden_sword')
2026-05-30 10:13:37,850 INFO __main__: link_blobs={'region': None, 'blobs_found': 3, 'mask_coverage': 0.0037}
2026-05-30 10:13:37,850 INFO __main__: state={'hearts_full': 3, 'hearts_half': 0, 'health_ratio': 0.188, 'link_pos': [365, 433]}
2026-05-30 10:13:37,850 WARNING games.zelda.policy: Low health | health_ratio=0.19 | task=Task(name='get_wooden_sword')
2026-05-30 10:13:37,989 INFO __main__: link_blobs={'region': None, 'blobs_found': 3, 'mask_coverage': 0.0037}
2026-05-30 10:13:37,989 INFO __main__: state={'hearts_full': 3, 'hearts_half': 0, 'health_ratio': 0.188, 'link_pos': [365, 433]}
2026-05-30 10:13:37,989 WARNING games.zelda.policy: Low health | health_ratio=0.19 | task=Task(name='get_wooden_sword')
2026-05-30 10:13:38,150 INFO __main__: link_blobs={'region': None, 'blobs_found': 3, 'mask_coverage': 0.0037}
2026-05-30 10:13:38,150 INFO __main__: state={'hearts_full': 3, 'hearts_half': 0, 'health_ratio': 0.188, 'link_pos': [365, 433]}
2026-05-30 10:13:38,150 WARNING games.zelda.policy: Low health | health_ratio=0.19 | task=Task(name='get_wooden_sword')
2026-05-30 10:13:38,307 INFO __main__: link_blobs={'region': None, 'blobs_found': 3, 'mask_coverage': 0.0037}
2026-05-30 10:13:38,307 INFO __main__: state={'hearts_full': 3, 'hearts_half': 0, 'health_ratio': 0.188, 'link_pos': [365, 433]}
2026-05-30 10:13:38,307 WARNING games.zelda.policy: Low health | health_ratio=0.19 | task=Task(name='get_wooden_sword')
2026-05-30 10:13:38,449 INFO __main__: link_blobs={'region': None, 'blobs_found': 3, 'mask_coverage': 0.0037}
2026-05-30 10:13:38,449 INFO __main__: state={'hearts_full': 3, 'hearts_half': 0, 'health_ratio': 0.188, 'link_pos': [365, 433]}
2026-05-30 10:13:38,449 WARNING games.zelda.policy: Low health | health_ratio=0.19 | task=Task(name='get_wooden_sword')
2026-05-30 10:13:38,592 INFO __main__: link_blobs={'region': None, 'blobs_found': 3, 'mask_coverage': 0.0037}
2026-05-30 10:13:38,592 INFO __main__: state={'hearts_full': 3, 'hearts_half': 0, 'health_ratio': 0.188, 'link_pos': [365, 433]}
2026-05-30 10:13:38,592 WARNING games.zelda.policy: Low health | health_ratio=0.19 | task=Task(name='get_wooden_sword')
2026-05-30 10:13:38,755 INFO __main__: link_blobs={'region': None, 'blobs_found': 3, 'mask_coverage': 0.0037}
2026-05-30 10:13:38,755 INFO __main__: state={'hearts_full': 3, 'hearts_half': 0, 'health_ratio': 0.188, 'link_pos': [365, 433]}
2026-05-30 10:13:38,755 WARNING games.zelda.policy: Low health | health_ratio=0.19 | task=Task(name='get_wooden_sword')
2026-05-30 10:13:38,908 INFO __main__: link_blobs={'region': None, 'blobs_found': 3, 'mask_coverage': 0.0037}
2026-05-30 10:13:38,908 INFO __main__: state={'hearts_full': 3, 'hearts_half': 0, 'health_ratio': 0.188, 'link_pos': [365, 433]}
2026-05-30 10:13:38,908 WARNING games.zelda.policy: Low health | health_ratio=0.19 | task=Task(name='get_wooden_sword')
2026-05-30 10:13:39,056 INFO __main__: link_blobs={'region': None, 'blobs_found': 3, 'mask_coverage': 0.0037}
2026-05-30 10:13:39,056 INFO __main__: state={'hearts_full': 3, 'hearts_half': 0, 'health_ratio': 0.188, 'link_pos': [365, 433]}
2026-05-30 10:13:39,056 WARNING games.zelda.policy: Low health | health_ratio=0.19 | task=Task(name='get_wooden_sword')
2026-05-30 10:13:39,199 INFO __main__: link_blobs={'region': None, 'blobs_found': 3, 'mask_coverage': 0.0037}
2026-05-30 10:13:39,199 INFO __main__: state={'hearts_full': 3, 'hearts_half': 0, 'health_ratio': 0.188, 'link_pos': [365, 433]}
2026-05-30 10:13:39,199 WARNING games.zelda.policy: Low health | health_ratio=0.19 | task=Task(name='get_wooden_sword')
2026-05-30 10:13:39,349 INFO __main__: link_blobs={'region': None, 'blobs_found': 3, 'mask_coverage': 0.0037}
2026-05-30 10:13:39,349 INFO __main__: state={'hearts_full': 3, 'hearts_half': 0, 'health_ratio': 0.188, 'link_pos': [365, 433]}
2026-05-30 10:13:39,349 WARNING games.zelda.policy: Low health | health_ratio=0.19 | task=Task(name='get_wooden_sword')
2026-05-30 10:13:39,491 INFO __main__: link_blobs={'region': None, 'blobs_found': 3, 'mask_coverage': 0.0037}
2026-05-30 10:13:39,491 INFO __main__: state={'hearts_full': 3, 'hearts_half': 0, 'health_ratio': 0.188, 'link_pos': [365, 433]}
2026-05-30 10:13:39,491 WARNING games.zelda.policy: Low health | health_ratio=0.19 | task=Task(name='get_wooden_sword')
2026-05-30 10:13:39,643 INFO __main__: link_blobs={'region': None, 'blobs_found': 3, 'mask_coverage': 0.0037}
2026-05-30 10:13:39,643 INFO __main__: state={'hearts_full': 3, 'hearts_half': 0, 'health_ratio': 0.188, 'link_pos': [365, 433]}
2026-05-30 10:13:39,643 WARNING games.zelda.policy: Low health | health_ratio=0.19 | task=Task(name='get_wooden_sword')
2026-05-30 10:13:39,777 INFO __main__: link_blobs={'region': None, 'blobs_found': 3, 'mask_coverage': 0.0037}
2026-05-30 10:13:39,777 INFO __main__: state={'hearts_full': 3, 'hearts_half': 0, 'health_ratio': 0.188, 'link_pos': [365, 433]}
2026-05-30 10:13:39,777 WARNING games.zelda.policy: Low health | health_ratio=0.19 | task=Task(name='get_wooden_sword')
2026-05-30 10:13:39,947 INFO __main__: link_blobs={'region': None, 'blobs_found': 3, 'mask_coverage': 0.0037}
2026-05-30 10:13:39,948 INFO __main__: state={'hearts_full': 3, 'hearts_half': 0, 'health_ratio': 0.188, 'link_pos': [365, 433]}
2026-05-30 10:13:39,948 WARNING games.zelda.policy: Low health | health_ratio=0.19 | task=Task(name='get_wooden_sword')
2026-05-30 10:13:40,097 INFO __main__: link_blobs={'region': None, 'blobs_found': 3, 'mask_coverage': 0.0037}
2026-05-30 10:13:40,097 INFO __main__: state={'hearts_full': 3, 'hearts_half': 0, 'health_ratio': 0.188, 'link_pos': [365, 433]}
2026-05-30 10:13:40,097 WARNING games.zelda.policy: Low health | health_ratio=0.19 | task=Task(name='get_wooden_sword')
2026-05-30 10:13:40,241 INFO __main__: link_blobs={'region': None, 'blobs_found': 3, 'mask_coverage': 0.0037}
2026-05-30 10:13:40,241 INFO __main__: state={'hearts_full': 3, 'hearts_half': 0, 'health_ratio': 0.188, 'link_pos': [365, 433]}
2026-05-30 10:13:40,241 WARNING games.zelda.policy: Low health | health_ratio=0.19 | task=Task(name='get_wooden_sword')
2026-05-30 10:13:40,382 INFO __main__: link_blobs={'region': None, 'blobs_found': 3, 'mask_coverage': 0.0037}
2026-05-30 10:13:40,382 INFO __main__: state={'hearts_full': 3, 'hearts_half': 0, 'health_ratio': 0.188, 'link_pos': [365, 433]}
2026-05-30 10:13:40,382 WARNING games.zelda.policy: Low health | health_ratio=0.19 | task=Task(name='get_wooden_sword')
2026-05-30 10:13:40,523 INFO __main__: link_blobs={'region': None, 'blobs_found': 3, 'mask_coverage': 0.0037}
2026-05-30 10:13:40,523 INFO __main__: state={'hearts_full': 3, 'hearts_half': 0, 'health_ratio': 0.188, 'link_pos': [365, 433]}
2026-05-30 10:13:40,523 WARNING games.zelda.policy: Low health | health_ratio=0.19 | task=Task(name='get_wooden_sword')
2026-05-30 10:13:40,657 INFO __main__: link_blobs={'region': None, 'blobs_found': 3, 'mask_coverage': 0.0037}
2026-05-30 10:13:40,657 INFO __main__: state={'hearts_full': 3, 'hearts_half': 0, 'health_ratio': 0.188, 'link_pos': [365, 433]}
2026-05-30 10:13:40,657 WARNING games.zelda.policy: Low health | health_ratio=0.19 | task=Task(name='get_wooden_sword')
2026-05-30 10:13:40,815 INFO __main__: link_blobs={'region': None, 'blobs_found': 3, 'mask_coverage': 0.0037}
2026-05-30 10:13:40,815 INFO __main__: state={'hearts_full': 3, 'hearts_half': 0, 'health_ratio': 0.188, 'link_pos': [365, 433]}
2026-05-30 10:13:40,815 WARNING games.zelda.policy: Low health | health_ratio=0.19 | task=Task(name='get_wooden_sword')
2026-05-30 10:13:40,957 INFO __main__: link_blobs={'region': None, 'blobs_found': 3, 'mask_coverage': 0.0037}
2026-05-30 10:13:40,957 INFO __main__: state={'hearts_full': 3, 'hearts_half': 0, 'health_ratio': 0.188, 'link_pos': [365, 433]}
2026-05-30 10:13:40,957 WARNING games.zelda.policy: Low health | health_ratio=0.19 | task=Task(name='get_wooden_sword')
2026-05-30 10:13:41,099 INFO __main__: link_blobs={'region': None, 'blobs_found': 3, 'mask_coverage': 0.0037}
2026-05-30 10:13:41,099 INFO __main__: state={'hearts_full': 3, 'hearts_half': 0, 'health_ratio': 0.188, 'link_pos': [365, 433]}
2026-05-30 10:13:41,099 WARNING games.zelda.policy: Low health | health_ratio=0.19 | task=Task(name='get_wooden_sword')
2026-05-30 10:13:41,247 INFO __main__: link_blobs={'region': None, 'blobs_found': 3, 'mask_coverage': 0.0037}
2026-05-30 10:13:41,247 INFO __main__: state={'hearts_full': 3, 'hearts_half': 0, 'health_ratio': 0.188, 'link_pos': [365, 433]}
2026-05-30 10:13:41,247 WARNING games.zelda.policy: Low health | health_ratio=0.19 | task=Task(name='get_wooden_sword')
2026-05-30 10:13:41,392 INFO __main__: link_blobs={'region': None, 'blobs_found': 3, 'mask_coverage': 0.0037}
2026-05-30 10:13:41,392 INFO __main__: state={'hearts_full': 3, 'hearts_half': 0, 'health_ratio': 0.188, 'link_pos': [365, 433]}
2026-05-30 10:13:41,392 WARNING games.zelda.policy: Low health | health_ratio=0.19 | task=Task(name='get_wooden_sword')
2026-05-30 10:13:41,533 INFO __main__: link_blobs={'region': None, 'blobs_found': 3, 'mask_coverage': 0.0037}
2026-05-30 10:13:41,533 INFO __main__: state={'hearts_full': 3, 'hearts_half': 0, 'health_ratio': 0.188, 'link_pos': [365, 433]}
2026-05-30 10:13:41,533 WARNING games.zelda.policy: Low health | health_ratio=0.19 | task=Task(name='get_wooden_sword')
2026-05-30 10:13:41,692 INFO __main__: link_blobs={'region': None, 'blobs_found': 3, 'mask_coverage': 0.0037}
2026-05-30 10:13:41,692 INFO __main__: state={'hearts_full': 3, 'hearts_half': 0, 'health_ratio': 0.188, 'link_pos': [365, 433]}
2026-05-30 10:13:41,692 WARNING games.zelda.policy: Low health | health_ratio=0.19 | task=Task(name='get_wooden_sword')
2026-05-30 10:13:41,852 INFO __main__: link_blobs={'region': None, 'blobs_found': 3, 'mask_coverage': 0.0037}
2026-05-30 10:13:41,852 INFO __main__: state={'hearts_full': 3, 'hearts_half': 0, 'health_ratio': 0.188, 'link_pos': [365, 433]}
2026-05-30 10:13:41,852 WARNING games.zelda.policy: Low health | health_ratio=0.19 | task=Task(name='get_wooden_sword')
2026-05-30 10:13:41,993 INFO __main__: link_blobs={'region': None, 'blobs_found': 3, 'mask_coverage': 0.0037}
2026-05-30 10:13:41,993 INFO __main__: state={'hearts_full': 3, 'hearts_half': 0, 'health_ratio': 0.188, 'link_pos': [365, 433]}
2026-05-30 10:13:41,993 WARNING games.zelda.policy: Low health | health_ratio=0.19 | task=Task(name='get_wooden_sword')
2026-05-30 10:13:42,152 INFO __main__: link_blobs={'region': None, 'blobs_found': 3, 'mask_coverage': 0.0037}
2026-05-30 10:13:42,152 INFO __main__: state={'hearts_full': 3, 'hearts_half': 0, 'health_ratio': 0.188, 'link_pos': [365, 433]}
2026-05-30 10:13:42,152 WARNING games.zelda.policy: Low health | health_ratio=0.19 | task=Task(name='get_wooden_sword')
2026-05-30 10:13:42,288 INFO __main__: link_blobs={'region': None, 'blobs_found': 3, 'mask_coverage': 0.0037}
2026-05-30 10:13:42,288 INFO __main__: state={'hearts_full': 3, 'hearts_half': 0, 'health_ratio': 0.188, 'link_pos': [365, 433]}
2026-05-30 10:13:42,288 WARNING games.zelda.policy: Low health | health_ratio=0.19 | task=Task(name='get_wooden_sword')
2026-05-30 10:13:42,460 INFO __main__: link_blobs={'region': None, 'blobs_found': 3, 'mask_coverage': 0.0037}
2026-05-30 10:13:42,460 INFO __main__: state={'hearts_full': 3, 'hearts_half': 0, 'health_ratio': 0.188, 'link_pos': [365, 433]}
2026-05-30 10:13:42,460 WARNING games.zelda.policy: Low health | health_ratio=0.19 | task=Task(name='get_wooden_sword')
2026-05-30 10:13:42,629 INFO __main__: link_blobs={'region': None, 'blobs_found': 3, 'mask_coverage': 0.0037}
2026-05-30 10:13:42,629 INFO __main__: state={'hearts_full': 3, 'hearts_half': 0, 'health_ratio': 0.188, 'link_pos': [365, 433]}
2026-05-30 10:13:42,632 WARNING games.zelda.policy: Low health | health_ratio=0.19 | task=Task(name='get_wooden_sword')
2026-05-30 10:13:42,784 INFO __main__: link_blobs={'region': None, 'blobs_found': 3, 'mask_coverage': 0.0037}
2026-05-30 10:13:42,784 INFO __main__: state={'hearts_full': 3, 'hearts_half': 0, 'health_ratio': 0.188, 'link_pos': [365, 433]}
2026-05-30 10:13:42,784 WARNING games.zelda.policy: Low health | health_ratio=0.19 | task=Task(name='get_wooden_sword')
2026-05-30 10:13:42,945 INFO __main__: link_blobs={'region': None, 'blobs_found': 3, 'mask_coverage': 0.0037}
2026-05-30 10:13:42,945 INFO __main__: state={'hearts_full': 3, 'hearts_half': 0, 'health_ratio': 0.188, 'link_pos': [365, 433]}
2026-05-30 10:13:42,945 WARNING games.zelda.policy: Low health | health_ratio=0.19 | task=Task(name='get_wooden_sword')
2026-05-30 10:13:43,078 INFO __main__: link_blobs={'region': None, 'blobs_found': 3, 'mask_coverage': 0.0037}
2026-05-30 10:13:43,078 INFO __main__: state={'hearts_full': 3, 'hearts_half': 0, 'health_ratio': 0.188, 'link_pos': [365, 433]}
2026-05-30 10:13:43,078 WARNING games.zelda.policy: Low health | health_ratio=0.19 | task=Task(name='get_wooden_sword')
2026-05-30 10:13:43,231 INFO __main__: link_blobs={'region': None, 'blobs_found': 3, 'mask_coverage': 0.0037}
2026-05-30 10:13:43,231 INFO __main__: state={'hearts_full': 3, 'hearts_half': 0, 'health_ratio': 0.188, 'link_pos': [365, 433]}
2026-05-30 10:13:43,231 WARNING games.zelda.policy: Low health | health_ratio=0.19 | task=Task(name='get_wooden_sword')
2026-05-30 10:13:43,378 INFO __main__: link_blobs={'region': None, 'blobs_found': 3, 'mask_coverage': 0.0037}
2026-05-30 10:13:43,378 INFO __main__: state={'hearts_full': 3, 'hearts_half': 0, 'health_ratio': 0.188, 'link_pos': [365, 433]}
2026-05-30 10:13:43,378 WARNING games.zelda.policy: Low health | health_ratio=0.19 | task=Task(name='get_wooden_sword')
2026-05-30 10:13:43,508 INFO __main__: link_blobs={'region': None, 'blobs_found': 3, 'mask_coverage': 0.0037}
2026-05-30 10:13:43,508 INFO __main__: state={'hearts_full': 3, 'hearts_half': 0, 'health_ratio': 0.188, 'link_pos': [365, 433]}
2026-05-30 10:13:43,508 WARNING games.zelda.policy: Low health | health_ratio=0.19 | task=Task(name='get_wooden_sword')
2026-05-30 10:13:43,641 INFO __main__: link_blobs={'region': None, 'blobs_found': 3, 'mask_coverage': 0.0037}
2026-05-30 10:13:43,641 INFO __main__: state={'hearts_full': 3, 'hearts_half': 0, 'health_ratio': 0.188, 'link_pos': [365, 433]}
2026-05-30 10:13:43,641 WARNING games.zelda.policy: Low health | health_ratio=0.19 | task=Task(name='get_wooden_sword')
2026-05-30 10:13:43,789 INFO __main__: link_blobs={'region': None, 'blobs_found': 3, 'mask_coverage': 0.0037}
2026-05-30 10:13:43,789 INFO __main__: state={'hearts_full': 3, 'hearts_half': 0, 'health_ratio': 0.188, 'link_pos': [365, 433]}
2026-05-30 10:13:43,789 WARNING games.zelda.policy: Low health | health_ratio=0.19 | task=Task(name='get_wooden_sword')
2026-05-30 10:13:43,933 INFO __main__: link_blobs={'region': None, 'blobs_found': 3, 'mask_coverage': 0.0037}
2026-05-30 10:13:43,933 INFO __main__: state={'hearts_full': 3, 'hearts_half': 0, 'health_ratio': 0.188, 'link_pos': [365, 433]}
2026-05-30 10:13:43,933 WARNING games.zelda.policy: Low health | health_ratio=0.19 | task=Task(name='get_wooden_sword')
2026-05-30 10:13:44,091 INFO __main__: link_blobs={'region': None, 'blobs_found': 3, 'mask_coverage': 0.0037}
2026-05-30 10:13:44,091 INFO __main__: state={'hearts_full': 3, 'hearts_half': 0, 'health_ratio': 0.188, 'link_pos': [365, 433]}
2026-05-30 10:13:44,091 WARNING games.zelda.policy: Low health | health_ratio=0.19 | task=Task(name='get_wooden_sword')
2026-05-30 10:13:44,231 INFO __main__: link_blobs={'region': None, 'blobs_found': 3, 'mask_coverage': 0.0037}
2026-05-30 10:13:44,231 INFO __main__: state={'hearts_full': 3, 'hearts_half': 0, 'health_ratio': 0.188, 'link_pos': [365, 433]}
2026-05-30 10:13:44,231 WARNING games.zelda.policy: Low health | health_ratio=0.19 | task=Task(name='get_wooden_sword')
2026-05-30 10:13:44,358 INFO __main__: link_blobs={'region': None, 'blobs_found': 3, 'mask_coverage': 0.0037}
2026-05-30 10:13:44,358 INFO __main__: state={'hearts_full': 3, 'hearts_half': 0, 'health_ratio': 0.188, 'link_pos': [365, 433]}
2026-05-30 10:13:44,358 WARNING games.zelda.policy: Low health | health_ratio=0.19 | task=Task(name='get_wooden_sword')
2026-05-30 10:13:44,500 INFO __main__: link_blobs={'region': None, 'blobs_found': 3, 'mask_coverage': 0.0037}
2026-05-30 10:13:44,500 INFO __main__: state={'hearts_full': 3, 'hearts_half': 0, 'health_ratio': 0.188, 'link_pos': [365, 433]}
2026-05-30 10:13:44,500 WARNING games.zelda.policy: Low health | health_ratio=0.19 | task=Task(name='get_wooden_sword')
2026-05-30 10:13:44,653 INFO __main__: link_blobs={'region': None, 'blobs_found': 3, 'mask_coverage': 0.0037}
2026-05-30 10:13:44,653 INFO __main__: state={'hearts_full': 3, 'hearts_half': 0, 'health_ratio': 0.188, 'link_pos': [365, 433]}
2026-05-30 10:13:44,653 WARNING games.zelda.policy: Low health | health_ratio=0.19 | task=Task(name='get_wooden_sword')
2026-05-30 10:13:44,797 INFO __main__: link_blobs={'region': None, 'blobs_found': 3, 'mask_coverage': 0.0037}
2026-05-30 10:13:44,797 INFO __main__: state={'hearts_full': 3, 'hearts_half': 0, 'health_ratio': 0.188, 'link_pos': [365, 433]}
2026-05-30 10:13:44,797 WARNING games.zelda.policy: Low health | health_ratio=0.19 | task=Task(name='get_wooden_sword')
2026-05-30 10:13:44,948 INFO __main__: link_blobs={'region': None, 'blobs_found': 3, 'mask_coverage': 0.0037}
2026-05-30 10:13:44,948 INFO __main__: state={'hearts_full': 3, 'hearts_half': 0, 'health_ratio': 0.188, 'link_pos': [365, 433]}
2026-05-30 10:13:44,948 WARNING games.zelda.policy: Low health | health_ratio=0.19 | task=Task(name='get_wooden_sword')
2026-05-30 10:13:45,088 INFO __main__: link_blobs={'region': None, 'blobs_found': 3, 'mask_coverage': 0.0037}
2026-05-30 10:13:45,088 INFO __main__: state={'hearts_full': 3, 'hearts_half': 0, 'health_ratio': 0.188, 'link_pos': [365, 433]}
2026-05-30 10:13:45,088 WARNING games.zelda.policy: Low health | health_ratio=0.19 | task=Task(name='get_wooden_sword')
2026-05-30 10:13:45,232 INFO __main__: link_blobs={'region': None, 'blobs_found': 3, 'mask_coverage': 0.0037}
2026-05-30 10:13:45,232 INFO __main__: state={'hearts_full': 3, 'hearts_half': 0, 'health_ratio': 0.188, 'link_pos': [365, 433]}
2026-05-30 10:13:45,232 WARNING games.zelda.policy: Low health | health_ratio=0.19 | task=Task(name='get_wooden_sword')
2026-05-30 10:13:45,389 INFO __main__: link_blobs={'region': None, 'blobs_found': 3, 'mask_coverage': 0.0037}
2026-05-30 10:13:45,389 INFO __main__: state={'hearts_full': 3, 'hearts_half': 0, 'health_ratio': 0.188, 'link_pos': [365, 433]}
2026-05-30 10:13:45,389 WARNING games.zelda.policy: Low health | health_ratio=0.19 | task=Task(name='get_wooden_sword')
2026-05-30 10:13:45,539 INFO __main__: link_blobs={'region': None, 'blobs_found': 3, 'mask_coverage': 0.0037}
2026-05-30 10:13:45,539 INFO __main__: state={'hearts_full': 3, 'hearts_half': 0, 'health_ratio': 0.188, 'link_pos': [365, 433]}
2026-05-30 10:13:45,539 WARNING games.zelda.policy: Low health | health_ratio=0.19 | task=Task(name='get_wooden_sword')
2026-05-30 10:13:45,678 INFO __main__: link_blobs={'region': None, 'blobs_found': 3, 'mask_coverage': 0.0037}
2026-05-30 10:13:45,678 INFO __main__: state={'hearts_full': 3, 'hearts_half': 0, 'health_ratio': 0.188, 'link_pos': [365, 433]}
2026-05-30 10:13:45,678 WARNING games.zelda.policy: Low health | health_ratio=0.19 | task=Task(name='get_wooden_sword')
2026-05-30 10:13:45,831 INFO __main__: link_blobs={'region': None, 'blobs_found': 3, 'mask_coverage': 0.0037}
2026-05-30 10:13:45,833 INFO __main__: state={'hearts_full': 3, 'hearts_half': 0, 'health_ratio': 0.188, 'link_pos': [365, 433]}
2026-05-30 10:13:45,833 WARNING games.zelda.policy: Low health | health_ratio=0.19 | task=Task(name='get_wooden_sword')
2026-05-30 10:13:45,986 INFO __main__: link_blobs={'region': None, 'blobs_found': 3, 'mask_coverage': 0.0037}
2026-05-30 10:13:45,986 INFO __main__: state={'hearts_full': 3, 'hearts_half': 0, 'health_ratio': 0.188, 'link_pos': [365, 433]}
2026-05-30 10:13:45,986 WARNING games.zelda.policy: Low health | health_ratio=0.19 | task=Task(name='get_wooden_sword')
2026-05-30 10:13:46,125 INFO __main__: link_blobs={'region': None, 'blobs_found': 3, 'mask_coverage': 0.0037}
2026-05-30 10:13:46,125 INFO __main__: state={'hearts_full': 3, 'hearts_half': 0, 'health_ratio': 0.188, 'link_pos': [365, 433]}
2026-05-30 10:13:46,125 WARNING games.zelda.policy: Low health | health_ratio=0.19 | task=Task(name='get_wooden_sword')
2026-05-30 10:13:46,257 INFO __main__: link_blobs={'region': None, 'blobs_found': 3, 'mask_coverage': 0.0037}
2026-05-30 10:13:46,257 INFO __main__: state={'hearts_full': 3, 'hearts_half': 0, 'health_ratio': 0.188, 'link_pos': [365, 433]}
2026-05-30 10:13:46,257 WARNING games.zelda.policy: Low health | health_ratio=0.19 | task=Task(name='get_wooden_sword')
2026-05-30 10:13:46,392 INFO __main__: link_blobs={'region': None, 'blobs_found': 3, 'mask_coverage': 0.0037}
2026-05-30 10:13:46,392 INFO __main__: state={'hearts_full': 3, 'hearts_half': 0, 'health_ratio': 0.188, 'link_pos': [365, 433]}
2026-05-30 10:13:46,392 WARNING games.zelda.policy: Low health | health_ratio=0.19 | task=Task(name='get_wooden_sword')
2026-05-30 10:13:46,527 INFO __main__: link_blobs={'region': None, 'blobs_found': 3, 'mask_coverage': 0.0037}
2026-05-30 10:13:46,527 INFO __main__: state={'hearts_full': 3, 'hearts_half': 0, 'health_ratio': 0.188, 'link_pos': [365, 433]}
2026-05-30 10:13:46,527 WARNING games.zelda.policy: Low health | health_ratio=0.19 | task=Task(name='get_wooden_sword')
2026-05-30 10:13:46,668 INFO __main__: link_blobs={'region': None, 'blobs_found': 3, 'mask_coverage': 0.0037}
2026-05-30 10:13:46,668 INFO __main__: state={'hearts_full': 3, 'hearts_half': 0, 'health_ratio': 0.188, 'link_pos': [365, 433]}
2026-05-30 10:13:46,668 WARNING games.zelda.policy: Low health | health_ratio=0.19 | task=Task(name='get_wooden_sword')
2026-05-30 10:13:46,815 INFO __main__: link_blobs={'region': None, 'blobs_found': 3, 'mask_coverage': 0.0037}
2026-05-30 10:13:46,815 INFO __main__: state={'hearts_full': 3, 'hearts_half': 0, 'health_ratio': 0.188, 'link_pos': [365, 433]}
2026-05-30 10:13:46,815 WARNING games.zelda.policy: Low health | health_ratio=0.19 | task=Task(name='get_wooden_sword')
2026-05-30 10:13:46,957 INFO __main__: link_blobs={'region': None, 'blobs_found': 3, 'mask_coverage': 0.0037}
2026-05-30 10:13:46,957 INFO __main__: state={'hearts_full': 3, 'hearts_half': 0, 'health_ratio': 0.188, 'link_pos': [365, 433]}
2026-05-30 10:13:46,957 WARNING games.zelda.policy: Low health | health_ratio=0.19 | task=Task(name='get_wooden_sword')
2026-05-30 10:13:47,095 INFO __main__: link_blobs={'region': None, 'blobs_found': 3, 'mask_coverage': 0.0037}
2026-05-30 10:13:47,095 INFO __main__: state={'hearts_full': 3, 'hearts_half': 0, 'health_ratio': 0.188, 'link_pos': [365, 433]}
2026-05-30 10:13:47,098 WARNING games.zelda.policy: Low health | health_ratio=0.19 | task=Task(name='get_wooden_sword')
2026-05-30 10:13:47,241 INFO __main__: link_blobs={'region': None, 'blobs_found': 3, 'mask_coverage': 0.0037}
2026-05-30 10:13:47,241 INFO __main__: state={'hearts_full': 3, 'hearts_half': 0, 'health_ratio': 0.188, 'link_pos': [365, 433]}
2026-05-30 10:13:47,241 WARNING games.zelda.policy: Low health | health_ratio=0.19 | task=Task(name='get_wooden_sword')
2026-05-30 10:13:47,380 INFO __main__: link_blobs={'region': None, 'blobs_found': 3, 'mask_coverage': 0.0037}
2026-05-30 10:13:47,380 INFO __main__: state={'hearts_full': 3, 'hearts_half': 0, 'health_ratio': 0.188, 'link_pos': [365, 433]}
2026-05-30 10:13:47,380 WARNING games.zelda.policy: Low health | health_ratio=0.19 | task=Task(name='get_wooden_sword')
2026-05-30 10:13:47,527 INFO __main__: link_blobs={'region': None, 'blobs_found': 3, 'mask_coverage': 0.0037}
2026-05-30 10:13:47,527 INFO __main__: state={'hearts_full': 3, 'hearts_half': 0, 'health_ratio': 0.188, 'link_pos': [365, 433]}
2026-05-30 10:13:47,527 WARNING games.zelda.policy: Low health | health_ratio=0.19 | task=Task(name='get_wooden_sword')
2026-05-30 10:13:47,661 INFO __main__: link_blobs={'region': None, 'blobs_found': 3, 'mask_coverage': 0.0037}
2026-05-30 10:13:47,661 INFO __main__: state={'hearts_full': 3, 'hearts_half': 0, 'health_ratio': 0.188, 'link_pos': [365, 433]}
2026-05-30 10:13:47,661 WARNING games.zelda.policy: Low health | health_ratio=0.19 | task=Task(name='get_wooden_sword')
2026-05-30 10:13:47,809 INFO __main__: link_blobs={'region': None, 'blobs_found': 3, 'mask_coverage': 0.0037}
2026-05-30 10:13:47,809 INFO __main__: state={'hearts_full': 3, 'hearts_half': 0, 'health_ratio': 0.188, 'link_pos': [365, 433]}
2026-05-30 10:13:47,809 WARNING games.zelda.policy: Low health | health_ratio=0.19 | task=Task(name='get_wooden_sword')
2026-05-30 10:13:47,941 INFO __main__: link_blobs={'region': None, 'blobs_found': 3, 'mask_coverage': 0.0037}
2026-05-30 10:13:47,941 INFO __main__: state={'hearts_full': 3, 'hearts_half': 0, 'health_ratio': 0.188, 'link_pos': [365, 433]}
2026-05-30 10:13:47,941 WARNING games.zelda.policy: Low health | health_ratio=0.19 | task=Task(name='get_wooden_sword')
2026-05-30 10:13:48,095 INFO __main__: link_blobs={'region': None, 'blobs_found': 3, 'mask_coverage': 0.0037}
2026-05-30 10:13:48,095 INFO __main__: state={'hearts_full': 3, 'hearts_half': 0, 'health_ratio': 0.188, 'link_pos': [365, 433]}
2026-05-30 10:13:48,095 WARNING games.zelda.policy: Low health | health_ratio=0.19 | task=Task(name='get_wooden_sword')
2026-05-30 10:13:48,241 INFO __main__: link_blobs={'region': None, 'blobs_found': 3, 'mask_coverage': 0.0037}
2026-05-30 10:13:48,241 INFO __main__: state={'hearts_full': 3, 'hearts_half': 0, 'health_ratio': 0.188, 'link_pos': [365, 433]}
2026-05-30 10:13:48,241 WARNING games.zelda.policy: Low health | health_ratio=0.19 | task=Task(name='get_wooden_sword')
2026-05-30 10:13:48,398 INFO __main__: link_blobs={'region': None, 'blobs_found': 3, 'mask_coverage': 0.0037}
2026-05-30 10:13:48,398 INFO __main__: state={'hearts_full': 3, 'hearts_half': 0, 'health_ratio': 0.188, 'link_pos': [365, 433]}
2026-05-30 10:13:48,398 WARNING games.zelda.policy: Low health | health_ratio=0.19 | task=Task(name='get_wooden_sword')
2026-05-30 10:13:48,557 INFO __main__: link_blobs={'region': None, 'blobs_found': 3, 'mask_coverage': 0.0037}
2026-05-30 10:13:48,557 INFO __main__: state={'hearts_full': 3, 'hearts_half': 0, 'health_ratio': 0.188, 'link_pos': [365, 433]}
2026-05-30 10:13:48,557 WARNING games.zelda.policy: Low health | health_ratio=0.19 | task=Task(name='get_wooden_sword')
2026-05-30 10:13:48,698 INFO __main__: link_blobs={'region': None, 'blobs_found': 3, 'mask_coverage': 0.0037}
2026-05-30 10:13:48,698 INFO __main__: state={'hearts_full': 3, 'hearts_half': 0, 'health_ratio': 0.188, 'link_pos': [365, 433]}
2026-05-30 10:13:48,698 WARNING games.zelda.policy: Low health | health_ratio=0.19 | task=Task(name='get_wooden_sword')
2026-05-30 10:13:48,851 INFO __main__: link_blobs={'region': None, 'blobs_found': 3, 'mask_coverage': 0.0037}
2026-05-30 10:13:48,851 INFO __main__: state={'hearts_full': 3, 'hearts_half': 0, 'health_ratio': 0.188, 'link_pos': [365, 433]}
2026-05-30 10:13:48,851 WARNING games.zelda.policy: Low health | health_ratio=0.19 | task=Task(name='get_wooden_sword')
2026-05-30 10:13:48,992 INFO __main__: link_blobs={'region': None, 'blobs_found': 3, 'mask_coverage': 0.0037}
2026-05-30 10:13:48,994 INFO __main__: state={'hearts_full': 3, 'hearts_half': 0, 'health_ratio': 0.188, 'link_pos': [365, 433]}
2026-05-30 10:13:48,994 WARNING games.zelda.policy: Low health | health_ratio=0.19 | task=Task(name='get_wooden_sword')
2026-05-30 10:13:49,134 INFO __main__: link_blobs={'region': None, 'blobs_found': 3, 'mask_coverage': 0.0037}
2026-05-30 10:13:49,134 INFO __main__: state={'hearts_full': 3, 'hearts_half': 0, 'health_ratio': 0.188, 'link_pos': [365, 433]}
2026-05-30 10:13:49,134 WARNING games.zelda.policy: Low health | health_ratio=0.19 | task=Task(name='get_wooden_sword')
2026-05-30 10:13:49,282 INFO __main__: link_blobs={'region': None, 'blobs_found': 3, 'mask_coverage': 0.0037}
2026-05-30 10:13:49,282 INFO __main__: state={'hearts_full': 3, 'hearts_half': 0, 'health_ratio': 0.188, 'link_pos': [365, 433]}
2026-05-30 10:13:49,282 WARNING games.zelda.policy: Low health | health_ratio=0.19 | task=Task(name='get_wooden_sword')
2026-05-30 10:13:49,449 INFO __main__: link_blobs={'region': None, 'blobs_found': 3, 'mask_coverage': 0.0037}
2026-05-30 10:13:49,449 INFO __main__: state={'hearts_full': 3, 'hearts_half': 0, 'health_ratio': 0.188, 'link_pos': [365, 433]}
2026-05-30 10:13:49,449 WARNING games.zelda.policy: Low health | health_ratio=0.19 | task=Task(name='get_wooden_sword')
2026-05-30 10:13:49,606 INFO __main__: link_blobs={'region': None, 'blobs_found': 3, 'mask_coverage': 0.0037}
2026-05-30 10:13:49,606 INFO __main__: state={'hearts_full': 3, 'hearts_half': 0, 'health_ratio': 0.188, 'link_pos': [365, 433]}
2026-05-30 10:13:49,606 WARNING games.zelda.policy: Low health | health_ratio=0.19 | task=Task(name='get_wooden_sword')
2026-05-30 10:13:49,741 INFO __main__: link_blobs={'region': None, 'blobs_found': 3, 'mask_coverage': 0.0037}
2026-05-30 10:13:49,741 INFO __main__: state={'hearts_full': 3, 'hearts_half': 0, 'health_ratio': 0.188, 'link_pos': [365, 433]}
2026-05-30 10:13:49,741 WARNING games.zelda.policy: Low health | health_ratio=0.19 | task=Task(name='get_wooden_sword')
2026-05-30 10:13:49,886 INFO __main__: link_blobs={'region': None, 'blobs_found': 3, 'mask_coverage': 0.0037}
2026-05-30 10:13:49,886 INFO __main__: state={'hearts_full': 3, 'hearts_half': 0, 'health_ratio': 0.188, 'link_pos': [365, 433]}
2026-05-30 10:13:49,886 WARNING games.zelda.policy: Low health | health_ratio=0.19 | task=Task(name='get_wooden_sword')
2026-05-30 10:13:50,025 INFO __main__: link_blobs={'region': None, 'blobs_found': 3, 'mask_coverage': 0.0037}
2026-05-30 10:13:50,027 INFO __main__: state={'hearts_full': 3, 'hearts_half': 0, 'health_ratio': 0.188, 'link_pos': [365, 433]}
2026-05-30 10:13:50,027 WARNING games.zelda.policy: Low health | health_ratio=0.19 | task=Task(name='get_wooden_sword')
2026-05-30 10:13:50,181 INFO __main__: link_blobs={'region': None, 'blobs_found': 3, 'mask_coverage': 0.0037}
2026-05-30 10:13:50,181 INFO __main__: state={'hearts_full': 3, 'hearts_half': 0, 'health_ratio': 0.188, 'link_pos': [365, 433]}
2026-05-30 10:13:50,181 WARNING games.zelda.policy: Low health | health_ratio=0.19 | task=Task(name='get_wooden_sword')
2026-05-30 10:13:50,328 INFO __main__: link_blobs={'region': None, 'blobs_found': 3, 'mask_coverage': 0.0037}
2026-05-30 10:13:50,328 INFO __main__: state={'hearts_full': 3, 'hearts_half': 0, 'health_ratio': 0.188, 'link_pos': [365, 433]}
2026-05-30 10:13:50,328 WARNING games.zelda.policy: Low health | health_ratio=0.19 | task=Task(name='get_wooden_sword')
2026-05-30 10:13:50,465 INFO __main__: link_blobs={'region': None, 'blobs_found': 3, 'mask_coverage': 0.0037}
2026-05-30 10:13:50,465 INFO __main__: state={'hearts_full': 3, 'hearts_half': 0, 'health_ratio': 0.188, 'link_pos': [365, 433]}
2026-05-30 10:13:50,465 WARNING games.zelda.policy: Low health | health_ratio=0.19 | task=Task(name='get_wooden_sword')
2026-05-30 10:13:50,613 INFO __main__: link_blobs={'region': None, 'blobs_found': 3, 'mask_coverage': 0.0037}
2026-05-30 10:13:50,613 INFO __main__: state={'hearts_full': 3, 'hearts_half': 0, 'health_ratio': 0.188, 'link_pos': [365, 433]}
2026-05-30 10:13:50,613 WARNING games.zelda.policy: Low health | health_ratio=0.19 | task=Task(name='get_wooden_sword')
2026-05-30 10:13:50,753 INFO __main__: link_blobs={'region': None, 'blobs_found': 3, 'mask_coverage': 0.0037}
2026-05-30 10:13:50,753 INFO __main__: state={'hearts_full': 3, 'hearts_half': 0, 'health_ratio': 0.188, 'link_pos': [365, 433]}
2026-05-30 10:13:50,753 WARNING games.zelda.policy: Low health | health_ratio=0.19 | task=Task(name='get_wooden_sword')
2026-05-30 10:13:50,898 INFO __main__: link_blobs={'region': None, 'blobs_found': 3, 'mask_coverage': 0.0037}
2026-05-30 10:13:50,898 INFO __main__: state={'hearts_full': 3, 'hearts_half': 0, 'health_ratio': 0.188, 'link_pos': [365, 433]}
2026-05-30 10:13:50,898 WARNING games.zelda.policy: Low health | health_ratio=0.19 | task=Task(name='get_wooden_sword')
2026-05-30 10:13:51,043 INFO __main__: link_blobs={'region': None, 'blobs_found': 3, 'mask_coverage': 0.0037}
2026-05-30 10:13:51,043 INFO __main__: state={'hearts_full': 3, 'hearts_half': 0, 'health_ratio': 0.188, 'link_pos': [365, 433]}
2026-05-30 10:13:51,043 WARNING games.zelda.policy: Low health | health_ratio=0.19 | task=Task(name='get_wooden_sword')
2026-05-30 10:13:51,175 INFO __main__: link_blobs={'region': None, 'blobs_found': 3, 'mask_coverage': 0.0037}
2026-05-30 10:13:51,175 INFO __main__: state={'hearts_full': 3, 'hearts_half': 0, 'health_ratio': 0.188, 'link_pos': [365, 433]}
2026-05-30 10:13:51,175 WARNING games.zelda.policy: Low health | health_ratio=0.19 | task=Task(name='get_wooden_sword')
2026-05-30 10:13:51,328 INFO __main__: link_blobs={'region': None, 'blobs_found': 3, 'mask_coverage': 0.0037}
2026-05-30 10:13:51,328 INFO __main__: state={'hearts_full': 3, 'hearts_half': 0, 'health_ratio': 0.188, 'link_pos': [365, 433]}
2026-05-30 10:13:51,328 WARNING games.zelda.policy: Low health | health_ratio=0.19 | task=Task(name='get_wooden_sword')
2026-05-30 10:13:51,481 INFO __main__: link_blobs={'region': None, 'blobs_found': 3, 'mask_coverage': 0.0037}
2026-05-30 10:13:51,481 INFO __main__: state={'hearts_full': 3, 'hearts_half': 0, 'health_ratio': 0.188, 'link_pos': [365, 433]}
2026-05-30 10:13:51,481 WARNING games.zelda.policy: Low health | health_ratio=0.19 | task=Task(name='get_wooden_sword')
2026-05-30 10:13:51,608 INFO __main__: link_blobs={'region': None, 'blobs_found': 3, 'mask_coverage': 0.0037}
2026-05-30 10:13:51,608 INFO __main__: state={'hearts_full': 3, 'hearts_half': 0, 'health_ratio': 0.188, 'link_pos': [365, 433]}
2026-05-30 10:13:51,608 WARNING games.zelda.policy: Low health | health_ratio=0.19 | task=Task(name='get_wooden_sword')
2026-05-30 10:13:51,775 INFO __main__: link_blobs={'region': None, 'blobs_found': 3, 'mask_coverage': 0.0037}
2026-05-30 10:13:51,775 INFO __main__: state={'hearts_full': 3, 'hearts_half': 0, 'health_ratio': 0.188, 'link_pos': [365, 433]}
2026-05-30 10:13:51,775 WARNING games.zelda.policy: Low health | health_ratio=0.19 | task=Task(name='get_wooden_sword')
2026-05-30 10:13:51,910 INFO __main__: link_blobs={'region': None, 'blobs_found': 3, 'mask_coverage': 0.0037}
2026-05-30 10:13:51,910 INFO __main__: state={'hearts_full': 3, 'hearts_half': 0, 'health_ratio': 0.188, 'link_pos': [365, 433]}
2026-05-30 10:13:51,910 WARNING games.zelda.policy: Low health | health_ratio=0.19 | task=Task(name='get_wooden_sword')
2026-05-30 10:13:52,058 INFO __main__: link_blobs={'region': None, 'blobs_found': 3, 'mask_coverage': 0.0037}
2026-05-30 10:13:52,058 INFO __main__: state={'hearts_full': 3, 'hearts_half': 0, 'health_ratio': 0.188, 'link_pos': [365, 433]}
2026-05-30 10:13:52,058 WARNING games.zelda.policy: Low health | health_ratio=0.19 | task=Task(name='get_wooden_sword')
2026-05-30 10:13:52,207 INFO __main__: link_blobs={'region': None, 'blobs_found': 3, 'mask_coverage': 0.0037}
2026-05-30 10:13:52,207 INFO __main__: state={'hearts_full': 3, 'hearts_half': 0, 'health_ratio': 0.188, 'link_pos': [365, 433]}
2026-05-30 10:13:52,207 WARNING games.zelda.policy: Low health | health_ratio=0.19 | task=Task(name='get_wooden_sword')
2026-05-30 10:13:52,343 INFO __main__: link_blobs={'region': None, 'blobs_found': 3, 'mask_coverage': 0.0037}
2026-05-30 10:13:52,343 INFO __main__: state={'hearts_full': 3, 'hearts_half': 0, 'health_ratio': 0.188, 'link_pos': [365, 433]}
2026-05-30 10:13:52,343 WARNING games.zelda.policy: Low health | health_ratio=0.19 | task=Task(name='get_wooden_sword')
2026-05-30 10:13:52,497 INFO __main__: link_blobs={'region': None, 'blobs_found': 3, 'mask_coverage': 0.0037}
2026-05-30 10:13:52,498 INFO __main__: state={'hearts_full': 3, 'hearts_half': 0, 'health_ratio': 0.188, 'link_pos': [365, 433]}
2026-05-30 10:13:52,498 WARNING games.zelda.policy: Low health | health_ratio=0.19 | task=Task(name='get_wooden_sword')
2026-05-30 10:13:52,649 INFO __main__: link_blobs={'region': None, 'blobs_found': 3, 'mask_coverage': 0.0037}
2026-05-30 10:13:52,651 INFO __main__: state={'hearts_full': 3, 'hearts_half': 0, 'health_ratio': 0.188, 'link_pos': [365, 433]}
2026-05-30 10:13:52,651 WARNING games.zelda.policy: Low health | health_ratio=0.19 | task=Task(name='get_wooden_sword')
2026-05-30 10:13:52,815 INFO __main__: link_blobs={'region': None, 'blobs_found': 3, 'mask_coverage': 0.0037}
2026-05-30 10:13:52,815 INFO __main__: state={'hearts_full': 3, 'hearts_half': 0, 'health_ratio': 0.188, 'link_pos': [365, 433]}
2026-05-30 10:13:52,815 WARNING games.zelda.policy: Low health | health_ratio=0.19 | task=Task(name='get_wooden_sword')
2026-05-30 10:13:52,958 INFO __main__: link_blobs={'region': None, 'blobs_found': 3, 'mask_coverage': 0.0037}
2026-05-30 10:13:52,958 INFO __main__: state={'hearts_full': 3, 'hearts_half': 0, 'health_ratio': 0.188, 'link_pos': [365, 433]}
2026-05-30 10:13:52,958 WARNING games.zelda.policy: Low health | health_ratio=0.19 | task=Task(name='get_wooden_sword')
2026-05-30 10:13:53,098 INFO __main__: link_blobs={'region': None, 'blobs_found': 3, 'mask_coverage': 0.0037}
2026-05-30 10:13:53,098 INFO __main__: state={'hearts_full': 3, 'hearts_half': 0, 'health_ratio': 0.188, 'link_pos': [365, 433]}
2026-05-30 10:13:53,098 WARNING games.zelda.policy: Low health | health_ratio=0.19 | task=Task(name='get_wooden_sword')
2026-05-30 10:13:53,251 INFO __main__: link_blobs={'region': None, 'blobs_found': 3, 'mask_coverage': 0.0037}
2026-05-30 10:13:53,251 INFO __main__: state={'hearts_full': 3, 'hearts_half': 0, 'health_ratio': 0.188, 'link_pos': [365, 433]}
2026-05-30 10:13:53,251 WARNING games.zelda.policy: Low health | health_ratio=0.19 | task=Task(name='get_wooden_sword')
2026-05-30 10:13:53,398 INFO __main__: link_blobs={'region': None, 'blobs_found': 3, 'mask_coverage': 0.0037}
2026-05-30 10:13:53,398 INFO __main__: state={'hearts_full': 3, 'hearts_half': 0, 'health_ratio': 0.188, 'link_pos': [365, 433]}
2026-05-30 10:13:53,398 WARNING games.zelda.policy: Low health | health_ratio=0.19 | task=Task(name='get_wooden_sword')
2026-05-30 10:13:53,554 INFO __main__: link_blobs={'region': None, 'blobs_found': 3, 'mask_coverage': 0.0037}
2026-05-30 10:13:53,554 INFO __main__: state={'hearts_full': 3, 'hearts_half': 0, 'health_ratio': 0.188, 'link_pos': [365, 433]}
2026-05-30 10:13:53,554 WARNING games.zelda.policy: Low health | health_ratio=0.19 | task=Task(name='get_wooden_sword')
2026-05-30 10:13:53,689 INFO __main__: link_blobs={'region': None, 'blobs_found': 3, 'mask_coverage': 0.0037}
2026-05-30 10:13:53,689 INFO __main__: state={'hearts_full': 3, 'hearts_half': 0, 'health_ratio': 0.188, 'link_pos': [365, 433]}
2026-05-30 10:13:53,689 WARNING games.zelda.policy: Low health | health_ratio=0.19 | task=Task(name='get_wooden_sword')
2026-05-30 10:13:53,845 INFO __main__: link_blobs={'region': None, 'blobs_found': 3, 'mask_coverage': 0.0037}
2026-05-30 10:13:53,845 INFO __main__: state={'hearts_full': 3, 'hearts_half': 0, 'health_ratio': 0.188, 'link_pos': [365, 433]}
2026-05-30 10:13:53,845 WARNING games.zelda.policy: Low health | health_ratio=0.19 | task=Task(name='get_wooden_sword')
2026-05-30 10:13:54,001 INFO __main__: link_blobs={'region': None, 'blobs_found': 3, 'mask_coverage': 0.0037}
2026-05-30 10:13:54,001 INFO __main__: state={'hearts_full': 3, 'hearts_half': 0, 'health_ratio': 0.188, 'link_pos': [365, 433]}
2026-05-30 10:13:54,001 WARNING games.zelda.policy: Low health | health_ratio=0.19 | task=Task(name='get_wooden_sword')
2026-05-30 10:13:54,210 INFO __main__: link_blobs={'region': None, 'blobs_found': 3, 'mask_coverage': 0.0037}
2026-05-30 10:13:54,211 INFO __main__: state={'hearts_full': 3, 'hearts_half': 0, 'health_ratio': 0.188, 'link_pos': [365, 433]}
2026-05-30 10:13:54,211 WARNING games.zelda.policy: Low health | health_ratio=0.19 | task=Task(name='get_wooden_sword')
2026-05-30 10:13:54,378 INFO __main__: link_blobs={'region': None, 'blobs_found': 3, 'mask_coverage': 0.0037}
2026-05-30 10:13:54,378 INFO __main__: state={'hearts_full': 3, 'hearts_half': 0, 'health_ratio': 0.188, 'link_pos': [365, 433]}
2026-05-30 10:13:54,378 WARNING games.zelda.policy: Low health | health_ratio=0.19 | task=Task(name='get_wooden_sword')
2026-05-30 10:13:54,508 INFO __main__: link_blobs={'region': None, 'blobs_found': 3, 'mask_coverage': 0.0037}
2026-05-30 10:13:54,508 INFO __main__: state={'hearts_full': 3, 'hearts_half': 0, 'health_ratio': 0.188, 'link_pos': [365, 433]}
2026-05-30 10:13:54,508 WARNING games.zelda.policy: Low health | health_ratio=0.19 | task=Task(name='get_wooden_sword')
2026-05-30 10:13:54,645 INFO __main__: link_blobs={'region': None, 'blobs_found': 3, 'mask_coverage': 0.0037}
2026-05-30 10:13:54,645 INFO __main__: state={'hearts_full': 3, 'hearts_half': 0, 'health_ratio': 0.188, 'link_pos': [365, 433]}
2026-05-30 10:13:54,645 WARNING games.zelda.policy: Low health | health_ratio=0.19 | task=Task(name='get_wooden_sword')
2026-05-30 10:13:54,778 INFO __main__: link_blobs={'region': None, 'blobs_found': 3, 'mask_coverage': 0.0037}
2026-05-30 10:13:54,778 INFO __main__: state={'hearts_full': 3, 'hearts_half': 0, 'health_ratio': 0.188, 'link_pos': [365, 433]}
2026-05-30 10:13:54,778 WARNING games.zelda.policy: Low health | health_ratio=0.19 | task=Task(name='get_wooden_sword')
2026-05-30 10:13:54,924 INFO __main__: link_blobs={'region': None, 'blobs_found': 3, 'mask_coverage': 0.0037}
2026-05-30 10:13:54,925 INFO __main__: state={'hearts_full': 3, 'hearts_half': 0, 'health_ratio': 0.188, 'link_pos': [365, 433]}
2026-05-30 10:13:54,925 WARNING games.zelda.policy: Low health | health_ratio=0.19 | task=Task(name='get_wooden_sword')
2026-05-30 10:13:55,196 INFO __main__: link_blobs={'region': None, 'blobs_found': 3, 'mask_coverage': 0.0037}
2026-05-30 10:13:55,196 INFO __main__: state={'hearts_full': 3, 'hearts_half': 0, 'health_ratio': 0.188, 'link_pos': [365, 433]}
2026-05-30 10:13:55,196 WARNING games.zelda.policy: Low health | health_ratio=0.19 | task=Task(name='get_wooden_sword')
2026-05-30 10:13:55,449 INFO __main__: link_blobs={'region': None, 'blobs_found': 3, 'mask_coverage': 0.0037}
2026-05-30 10:13:55,449 INFO __main__: state={'hearts_full': 3, 'hearts_half': 0, 'health_ratio': 0.188, 'link_pos': [365, 433]}
2026-05-30 10:13:55,449 WARNING games.zelda.policy: Low health | health_ratio=0.19 | task=Task(name='get_wooden_sword')
2026-05-30 10:13:55,666 INFO __main__: link_blobs={'region': None, 'blobs_found': 3, 'mask_coverage': 0.0037}
2026-05-30 10:13:55,666 INFO __main__: state={'hearts_full': 3, 'hearts_half': 0, 'health_ratio': 0.188, 'link_pos': [365, 433]}
2026-05-30 10:13:55,666 WARNING games.zelda.policy: Low health | health_ratio=0.19 | task=Task(name='get_wooden_sword')
2026-05-30 10:13:55,832 INFO __main__: link_blobs={'region': None, 'blobs_found': 3, 'mask_coverage': 0.0037}
2026-05-30 10:13:55,832 INFO __main__: state={'hearts_full': 3, 'hearts_half': 0, 'health_ratio': 0.188, 'link_pos': [365, 433]}
2026-05-30 10:13:55,832 WARNING games.zelda.policy: Low health | health_ratio=0.19 | task=Task(name='get_wooden_sword')
2026-05-30 10:13:55,992 INFO __main__: link_blobs={'region': None, 'blobs_found': 3, 'mask_coverage': 0.0037}
2026-05-30 10:13:55,992 INFO __main__: state={'hearts_full': 3, 'hearts_half': 0, 'health_ratio': 0.188, 'link_pos': [365, 433]}
2026-05-30 10:13:55,994 WARNING games.zelda.policy: Low health | health_ratio=0.19 | task=Task(name='get_wooden_sword')
2026-05-30 10:13:56,153 INFO __main__: link_blobs={'region': None, 'blobs_found': 3, 'mask_coverage': 0.0037}
2026-05-30 10:13:56,153 INFO __main__: state={'hearts_full': 3, 'hearts_half': 0, 'health_ratio': 0.188, 'link_pos': [365, 433]}
2026-05-30 10:13:56,153 WARNING games.zelda.policy: Low health | health_ratio=0.19 | task=Task(name='get_wooden_sword')
2026-05-30 10:13:56,317 INFO __main__: link_blobs={'region': None, 'blobs_found': 3, 'mask_coverage': 0.0037}
2026-05-30 10:13:56,317 INFO __main__: state={'hearts_full': 3, 'hearts_half': 0, 'health_ratio': 0.188, 'link_pos': [365, 433]}
2026-05-30 10:13:56,317 WARNING games.zelda.policy: Low health | health_ratio=0.19 | task=Task(name='get_wooden_sword')
2026-05-30 10:13:56,470 INFO __main__: link_blobs={'region': None, 'blobs_found': 3, 'mask_coverage': 0.0037}
2026-05-30 10:13:56,470 INFO __main__: state={'hearts_full': 3, 'hearts_half': 0, 'health_ratio': 0.188, 'link_pos': [365, 433]}
2026-05-30 10:13:56,470 WARNING games.zelda.policy: Low health | health_ratio=0.19 | task=Task(name='get_wooden_sword')
2026-05-30 10:13:56,609 INFO __main__: link_blobs={'region': None, 'blobs_found': 3, 'mask_coverage': 0.0037}
2026-05-30 10:13:56,609 INFO __main__: state={'hearts_full': 3, 'hearts_half': 0, 'health_ratio': 0.188, 'link_pos': [365, 433]}
2026-05-30 10:13:56,609 WARNING games.zelda.policy: Low health | health_ratio=0.19 | task=Task(name='get_wooden_sword')
2026-05-30 10:13:56,760 INFO __main__: link_blobs={'region': None, 'blobs_found': 3, 'mask_coverage': 0.0037}
2026-05-30 10:13:56,760 INFO __main__: state={'hearts_full': 3, 'hearts_half': 0, 'health_ratio': 0.188, 'link_pos': [365, 433]}
2026-05-30 10:13:56,760 WARNING games.zelda.policy: Low health | health_ratio=0.19 | task=Task(name='get_wooden_sword')
2026-05-30 10:13:56,909 INFO __main__: link_blobs={'region': None, 'blobs_found': 3, 'mask_coverage': 0.0037}
2026-05-30 10:13:56,909 INFO __main__: state={'hearts_full': 3, 'hearts_half': 0, 'health_ratio': 0.188, 'link_pos': [365, 433]}
2026-05-30 10:13:56,909 WARNING games.zelda.policy: Low health | health_ratio=0.19 | task=Task(name='get_wooden_sword')
2026-05-30 10:13:57,048 INFO __main__: link_blobs={'region': None, 'blobs_found': 3, 'mask_coverage': 0.0037}
2026-05-30 10:13:57,048 INFO __main__: state={'hearts_full': 3, 'hearts_half': 0, 'health_ratio': 0.188, 'link_pos': [365, 433]}
2026-05-30 10:13:57,048 WARNING games.zelda.policy: Low health | health_ratio=0.19 | task=Task(name='get_wooden_sword')
2026-05-30 10:13:57,231 INFO __main__: link_blobs={'region': None, 'blobs_found': 3, 'mask_coverage': 0.0037}
2026-05-30 10:13:57,231 INFO __main__: state={'hearts_full': 3, 'hearts_half': 0, 'health_ratio': 0.188, 'link_pos': [365, 433]}
2026-05-30 10:13:57,231 WARNING games.zelda.policy: Low health | health_ratio=0.19 | task=Task(name='get_wooden_sword')
